article_id,lulc_sentence
Article_1,Simulation results reveal that the landscape of Thimphu city has changed considerably during the study period and the change trend is predicted to continue into 2050.
Article_1,"The study observed a significant increase (12.77%) in built-up area from 2002 (52.88%) to 2018 (65.5%), followed by a slight increase in the cover of bare ground."
Article_1,"On the contrary, forest cover declined drastically (15.25%) followed by agriculture (1.01%)."
Article_1,Rapid population growth triggered by rural urban migration coupled with hasty socio-economic development post democracy are the main drivers of these changes.
Article_1,"Under the business as usual scenario, prediction analysis for the year 2050 show that built up area will consume almost all of the city area (73.21%) with forest significantly reduced to patches making up only about 16% of the city."
Article_1,"Prior to this, the area was occupied by terraced agricultural fields and some 13 villages."
Article_1,Planned development for Thimphu started in 1985 with the establishment of National Urban Development Commission.
Article_1,"Expansion of Thimphu city in 2002 added local areas of Lanjophaka, Heo-Samteling, Jungshi-Pamtsho, Taba and Dechencholing in the north and Changjiji, Lungtenphu, Simtokha, and Babesa in the south ( Fig."
Article_1,"The period, 2002-2018 represents a rapid expansion of the city accompanied by expediated socio-economic development that led to significant changes in the city's landscape."
Article_1,"The resultant improvement in basic facilities combined with creation of additional jobs further attracted more immigration from rural areas and lesser developed cities, causing a boom in real estate and informal settlements and triggering significant changes in land uses."
Article_1,"Although small, agriculture land shows a significant probability to transition to built-up area which has been the trend in many cities The findings indicate that rapid development of urban built will lead to sharp declines in forest and agriculture and increase in urban population."
Article_1,Significant increase in built-up areas were associated with parallel loss of important land cover types such as forest and agriculture.
Article_1,Significant changes in Thimphu's landscapes are correlated with the government's decision to expand the city northwards and southwards.
Article_1,This expansion received a boost after the institution of constitutional democracy in 2008 which brought in expediated development in the city.
Article_1,"The results of prediction for 2050 also did not bear well for Thimphu city, with forest cover diminishing to a mere 4.28km 2 (16.32%) which are also highly fragmented."
Article_1,"Loss of forest cover will degrade important ecological services and increase vulnerability of the city to landslides, gulley erosion, drying of water sources, worsened air pollution, and loss of important biodiversity."
Article_2,"The highest land conversion rate occurs in the North Central and Central Coast regions, but conversion of agricultural land for urbanization is mainly in the Red River Delta and Southeast."
Article_2,Land use is also a manifestation of various human activities to exploit the landscape.
Article_2,"Therefore, landuse change is seen as a human activity to change the natural landscape and emphasize the role and function of land for socio-economic activities Urbanization is a socio-economic process manifested by a rapid increase in the number and size of urban population characteristics."
Article_2,"It is also defined as urban expansion, as the process of concentrating the population into cities, or as the rapid formation of urban population points based on production and life development Scientists also examine and observe urbanization from many different angles | Land use change in the World: a literature review: Land area of the world is estimated at 13 billion hectares, of which agricultural land accounts for 37.6%, equivalent to 4.9 billion hectares Built-up land occupied a relatively small area of about 1-3% in 2005, but it is expected to increase to about 260 to 420 million hectares (about 4-5%) by 2050 ."
Article_2,"As for urban land, this area could expand from 40 to 143 million hectares in about 45 years, from 2007 to 2050 ."
Article_2,"The annual increase in built-up land in developing countries is about 3.6%, while 2.9% is the average increase in industrial countries."
Article_2,"The Pacific and Southeast Asia regions have witnessed considerable land conversion rates from 1990 to 2000, at 7.2% and 6.4%, respectively (ANGEL Along with labour and capital, the land is a crucial factor for production in classical economics, and land use is considered the agricultural economy's backbone Although land-use conversion is essential to promote social progress and economic development, it also has many undesirable effects."
Article_2,"In the north, Vietnam borders China; and in the west Laos and Cambodia."
Article_2,"The length of the country from north to south is 1,650 km, while the narrowest position, east to west, is nearly 50 km."
Article_2,"It is a tropical country, with most of the area being hilly (accounting for half of the territory), and where the terrain is mainly low mountains."
Article_2,"Almost all of the population lives in rural areas and works in the agricultural sector, so one-third of the land is used for agriculture (FAO 2019)."
Article_2,"According to land use purposes, the land is divided into three main land groups: non-agricultural, agricultural, and unused land."
Article_2,"Agricultural land is divided into ground for production agriculture, forestry land, aquaculture land, salt-making, and other agriculture."
Article_2,Land for production agriculture includes annual cropland (paddy land and other short-term cropland) and perennial cropland.
Article_2,"The forest land is divided into protection, production, and special-use forest land."
Article_2,"Paddy land in Vietnam is concentrated in two main areas, the Mekong Delta and Red River Delta Delta (Fig."
Article_2,"While non-agricultural land is reported to have increased, the area of this GIS layer showed a 21.5% decrease when verified by the land cover map."
Article_2,"By 2019, Vietnam had established 373 industrial zones with a total area of 114.4 thousand hectares, accounting for 56.9% of the total planned land area."
Article_2,"According to the statistics, the evolution of land use purpose is occurring in all localities (Fig."
Article_2,"Moreover, rapid urbanization has been a significant highlight in the development process of Vietnam in recent decades."
Article_2,"In 1990, the number of urban areas in Vietnam was about 500 and the urbanization rate was about 17%."
Article_2,"By 2019, the number of urban areas in Vietnam had increased to 846 ."
Article_2,"In 1986, Vietnam's urban population was under 13 million, but by 2019, that number was 37 million (WORLD BANK, 2020a)."
Article_2,"Urban economic growth is twice the national average, contributing over half of the gross domestic product ( According to the objective rule, urbanization must originate from non-agricultural economic development such as industry, commerce, and services  to replace the agricultural economy gradually."
Article_2,"However, unlike other countries in the region and the world, urbanization in Vietnam is characterized by rural urbanization."
Article_2,"Urban developments and growth in Vietnam are late and slower than in some regional countries The trend of changing land use purposes in urban areas is to reduce agricultural land, unused land and increase non-agricultural land."
Article_2,"Growth in the non-agricultural land area is mainly due to expanding urban land, land for industrial zones, and construction activities."
Article_2,"The size of urban land increased due to the conversion from agricultural land, of which rice land was the primary type."
Article_2,"In 2011-2015, following the data from MoNRE, Vietnam converted 89.4 thousand hectares of rice land to urban land."
Article_2,"In a broader view for the 2007-2017 period, the converted area is estimated at 125.9 thousand ha (data calculated by the author through the land cover maps)."
Article_2,"This transition is mainly concentrated in three regions: the Southeast, the Red River Delta, and the Mekong River Delta."
Article_2,"Conversion of agricultural land for investment in urban, industrial, and economic zone projects occurs in major urban areas like Binh The current status of such land conversion has a significant impact on people's lives, especially those living in peri-urban areas."
Article_2,Land use change has also created social conflicts and intensified violence due to land contention and because the land is the primary source of livelihood for many peri-urban farming households.
Article_2,"Land in the peri-urban area is becoming increasingly scarce, leading to higher land prices in this area, inadvertently creating psychological pressure on people."
Article_2,"In economic terms, urbanization creates a change in land use in the peri-urban area."
Article_2,The transfer of a large part of the agricultural land into the construction or industrial zones and urban residential areas has resulted in loss of the livelihoods of many farmers.
Article_2,This problem forces them to switch from agricultural production to non-agricultural activities | Conclusions: Urban expansion and rural restructuring due to land-use conflicts are increasing worldwide The study data also showed that land conversion is mainly concentrated in the North Central and Central Coast areas.
Article_2,"The percentage of agricultural and non-agricultural land in these regions' provinces has mostly increased by over 7%, while unused land decreased by over 100%."
Article_2,"However, the conversion of land from agriculture to urban areas is concentrated in two regions: the Southeast and the Red River Delta."
Article_2,"Furthermore, the transition trend has also shifted to the East of Vietnam to take advantage of the long coastline."
Article_2,"Economically, urbanization and industrialization have left 11 million hectares of land abandoned and in danger of degradation and reduces the quality and productivity of agricultural products, thereby significantly affecting the income of farmers."
Article_2,"In addition, the transformation of agricultural land to non-agricultural also forces farmers to switch to non-agricultural activities."
Article_2,The change in land use has also created social conflicts and intensified violence due to land disputes.
Article_3,| INTRODUC TI ON: The IPBES 2019 global report ranked land-use change as the greatest driver of declines in nature and biodiversity.
Article_3,"Combined with the direct exploitation of nature through hunting, fishing, logging, and harvesting, these threats are thought to account for more than 50% of the human impacts on terrestrial and freshwater ecosystems It is estimated that the biodiversity of terrestrial communities has declined on average by more than one-fifth Land-use change can have direct impacts on species through the destruction of habitat and modification of the environment Land-use change also interacts with other global change drivers."
Article_3,"A protected, floristically diverse grassland, for example, may support more and different species than a newly created grass field used for recreation."
Article_3,"However, if vital demographic rates such as births, deaths, and migration are examined, one may find that the agricultural area constitutes a sink habitat, with an elevated death rate that is concealed by immigration (e.g."
Article_3,"The most underrepresented biomes regarding land area are deserts and xeric shrublands, tundra, and boreal forests."
Article_4,"(2) The major LULC types in the study area were grassland and forest, and their area accounted for 50% and 25%, respectively."
Article_4,"During the study period, the grassland area decreased, while the area of forest land and construction land increased to varying degrees."
Article_4,"(3) Elevation and population density were the major driving factors of LULC changes, and economic development has also significantly affected LULC."
Article_4,"2020, 12, x 8 of 18 MNDWI, and NDVI followed, and they are more important for the identification of water body and vegetation."
Article_4,"From 2000 to 2009, in general, grassland and wetlands decreased, and farmland, forest land, and construction land expanded (Figures grassland and wetlands decreased, and farmland, forest land, and construction land expanded (Figures Similarly, from 2009 to 2018, the areas of farmland and grassland continued to decrease, while forest land, wetland, and unused land expanded (Figures Similarly, from 2009 to 2018, the areas of farmland and grassland continued to decrease, while forest land, wetland, and unused land expanded (Figures Comparing the spatial-temporal changes in LULC between 2000-2009 and 2009-2018, we found that the farmland area increased first and then decreased, but the wetland area followed the opposite trend."
Article_4,"In general, between 2000-2018, the grassland was continuously degraded, and the area under forest land and construction land gradually increased."
Article_4,"The water body area did not change much, and the area of unused land also increased, which was mainly caused by grassland and water body shrinkage."
Article_4,"2020, 12, x 11 of 18 Comparing the spatial-temporal changes in LULC between 2000-2009 and 2009-2018, we found that the farmland area increased first and then decreased, but the wetland area followed the opposite trend."
Article_4,"In general, between 2000-2018, the grassland was continuously degraded, and the area under forest land and construction land gradually increased."
Article_4,"The water body area did not change much, and the area of unused land also increased, which was mainly caused by grassland and water body shrinkage."
Article_4,"Our results showed that from 2000 to 2018, population density explained much of the LULC changes."
Article_4,"Our results demonstrated that from 2000 to 2018, Gannan Prefecture was dominated by grassland, followed by forest land and farmland."
Article_4,"Grasslands and wetlands gradually degraded from 2000 to 2018, while forest land, construction land, and unused land expanded."
Article_4,Grassland was mainly converted to forest land.
Article_4,"The high land-use intensity was distributed in Lintan, northern Xiahe, and Hezuo."
Article_4,"The overall land-use intensity of Gannan Prefecture was higher in the northeast than in the southwest, and these areas are relatively flat, mainly consisting of cultivated land and construction land."
Article_4,"However, with economic development, the driving effects of anthropogenic factors on the LULC have gradually expanded."
Article_5,"The results from the LULC analysis show that residential, industry and commercial areas slowed down their growth throughout the study period."
Article_5,"Groves and trees presented steady behaviors, with small increments during the five-year period."
Article_5,"Swamps, on the other hand, significantly degraded, being about 2% of the study area in 2015 and 0.93% in 2021."
Article_5,Dunes and medium and high vegetation densities (∼ 80%) transitioned mostly to low vegetation densities.
Article_5,"This city is surrounded by the Coatzacoalcos and Tonalá rivers and extends between latitudes 18.06 • and 18.21 • and longitudes -94.22 • and -94.64 • (Figure Physiographically, the study area has an average elevation of 10 meters above sea level."
Article_5,The only change occurred in 2015.
Article_5,"The industrial area called Etileno XXI, the largest petrochemical complex in Latin America, concluded 99.2% of its construction in 2015 Vegetation plays an important role in our natural ecosystem and also holds up the biosphere in various ways."
Article_5,"Vegetation helps to regulate the flow of numerous biogeochemical cycles, most importantly those of nitrogen, carbon and water."
Article_5,"Residential land use grew only 0.88 km 2 during the last six years, which reflects a very small growth in comparison with that of industrial cities in Mexico, which has been characterized as about 5% per year | Discussion: LULC changes measure the transitions of different land uses in complex interactions between humans and the physical environment | Conclusions: This paper determined land use and land cover (LULC) over the period 2015-2021 for the city of Coatzacoalcos and its metropolitan area, located in the state of Veracruz, Mexico."
Article_5,"The satisfactory results can be summarized in four main aspects: (1) built-up areas, including industry, residential and commercial areas, have slowed down their growth due to socio-economical drivers such as security and null monetary investments; (2) vegetation such as mixed forest and low density vegetation (bare surfaces, sparse vegetation and grassland) has been sustained and increased over time due to reforestation or migration from other classes; (3) swamps experienced considerable degradation over the past five years and (4) high and medium vegetation densities have transformed mostly to low vegetation densities due to climate drives such as low precipitation and possible high soil evaporation, which might also increase the overland flow for those areas."
Article_6,"Human-induced LULCC occurred at different sites on the island, with decreased activities in Codrington, but increased and continued activities at Coco and Palmetto Points."
Article_6,"With an accuracy of 97.1 %, we estimated a total increase of vegetated areas by 6.56 km 2 , and a simultaneous slight increase in roads and buildings with a total length of 249.67 km and a total area of 1.43 km 2 ."
Article_6,The vegetation condition itself depict a steady decrease since 2017.
Article_6,New hotspots of human activity emerged on the island in the Codrington Lagoon National Park.
Article_6,"Accordingly, the term ""land grab"" was coined and is related to the increased number of large-scale and commercial land deals by international actors A. Rienow et al."
Article_6,"We observed that humaninduced LULCC is occurring on different sites on the island, with decreased activities in Codrington, but increased and ongoing activities leading to a LULCC in Coco Point and Palmetto Point."
Article_6,"With an accuracy of 97.1 %, we estimated a total increase of vegetated areas by 6.56 km 2 and simultaneous increase in roads and buildings with a total length of 249.67 km and a total area of 1.43 km 2 ; this includes the area of the under construction central international airport."
Article_6,This and the fact that the vegetation condition itself depict a steady decrease since 2017 show the severe human-induced LULCC since the hurricanes Irma and Maria hit Barbuda and led to its temporary evacuation.
Article_6,"While some places show a decrease in human activity, such as Codrington and the Lighthouse Bay Resort, other places experienced increased human activities."
Article_7,"From 2007 to 2018, it showed a -4.67% yr -1 decrease, whereas in the 2018-2025 and 2025-2030 periods, it decreased -12.69% yr -1 and increased 4.78% yr -1 , respectively."
Article_7,"The projected BU result shows the coverage area will be 15.39% in 2040 and 16.04% in 2025, both of which are lower than 2018, 18.49%."
Article_7,"In comparison to 2018, the FPLR areas of the very high risk category will grow approximately 2.5 times in 2025-2040."
Article_8,Introduction: Land-use and land-cover (hereafter LULC) change is a phenomenon that has been taking place since the beginning of humankind.
Article_8,It has long been considered a factor affecting the global environment Various anthropogenic activities have played an important role in landscape changes in the Appalachian Mountains region.
Article_8,"The watershed is primarily located in Bell County, Kentucky, but extends into Claiborne County, Tennessee."
Article_8,"The decline in percolation, lateral flow, and groundwater might be mainly due to changes in LULC and altered soil properties due to coal-mining activities in the watershed."
Article_8,"It consisted primarily of a decrease in forest cover which mostly converted into coal-mine lands, urban development, and growth in pastureland."
Article_9,"Central Uganda is the most studied region (15%), followed by western ( Introduction: Land use and land cover change (LULCC) can result from both intentional and non-intentional human activities or as a result of natural causes."
Article_9,"For example, Uganda is geared to attain a middle income economy by 2040 in the background of a young and rapidly growing population (growth rate of above 3.03% per annum)."
Article_9,The total population was 34 million in 2014 and is projected to reach 80 million by 2040 | Country profile and framework of the review: | Country profile: Uganda is a landlocked country in East Africa located in Southeast Africa between 1° N and 4° N latitude and 30° E and 35° E longitude.
Article_9,"The country has a total surface area of about 241,500 km 2 of which land occupies 194,000 km 2 and the rest is open water and wetlands ."
Article_9,Uganda has equatorial type of climate with mean annual temperatures ranging from 16° C to 30° C .
Article_9,The northern region receives one long rainy season (April-October) in a year.
Article_9,"Uganda's vegetation varies, with the south having tropical rain forest and savannah, while woodlands and semiarid vegetation dominate the other parts of the country."
Article_9,"For example, The reasons for the national scale studies have been to: understand the spatial and temporal land use and carbon stock changes in Uganda | Methods/data employed: The review has indicated that the most used method/data was earth observation, particularly Landsat imagery (30 m resolution) employed in 95.2% of cases and then MODIS (250 m and 500 m) employed in 2.4% of cases, and transect walk plus interview in 2.4% of studies (Figure | Land use and land cover change statistics in Uganda: The review points that generally, agriculture and built up areas (from here on used interchangeably with settlements) have increased while forest and woodland have decreased over the period The numbers of urban centers increased from 67 in 1991 to 259 in 2014, while urban population increased from 0.6 million people in 1969 to 6.4 million people in 2014 ."
Article_9,"The implication is that the interaction of population growth and other drivers of LULC change is favoring agriculture and built-up/urban areas expansion at the expense of forest, woodlands, wetlands, as later discussed in Section."
Article_9,"On local scales, Note that the trends of forest cover and agriculture in northern Uganda are different from the national trend and those in other regions."
Article_9,Northern Uganda also experienced armed conflict from 1986 to mid-2000s.
Article_9,"During the period of the armed conflict, people were restricted to live in Internally Displaced Person's camp (IDP's)."
Article_9,"With return of peace in northern Uganda, IDP's life ended in the late 2008."
Article_9,There has also been rapid expansion of commercial farming (by the so-called 'investors') in the northern districts of Nwoya and Amuru in the last ten years.
Article_9,The dynamics and the trajectory of LULCC in northern Uganda have thus changed.
Article_9,"For example, the population of Uganda grew from 6.8 million people in 1960 to In Uganda, agriculture is a key sector to the livelihoods of the rural population (79% of total population) and to the economy of Uganda ."
Article_9,"Accordingly, in the year 2013/14 and 2015/16, agriculture employed 74.7% and 73% of total rural labor force respectively and the sector's contribution to total GDP increased from 23.7% in 2015/16 to 25% in 2016/17 As already discussed, the population of Uganda is projected to more than double by 2040."
Article_9,The demographic trend and desire for socioeconomic growth in Uganda may continue to drive LULCC in the country.
Article_9,"Generally, agriculture and built up areas are increasing at the expense of forest, wetland and woodland."
Article_9,"Although, the major drivers of LULCC interact with one another, population pressure stands out of all the key drivers of LULCC at both national and local scales."
Article_9,The historical to current trend of LULCC change and related impacts are likely to significantly increase in (2040); as the projected population is likely to double by 2040 in Uganda.
Article_10,"Drought severity (extreme, severe, moderate and mild) and the percentage of land areas affected varied in both space and time."
Article_10,"The growing seasons of 2002-2003, 2003-2004 and 2015-2016 were the most drought-stricken in the entire time series, coinciding with the El Niño southern oscillation (ENSO)."
Article_10,"With the above-normal vegetation productivity in the ongoing season (2020-2021), the results suggest the reversal of the negative vegetation trends observed in the preceding growing seasons."
Article_10,"Relating drought severity and intensities to LULC and change in selected drought years revealed that most lands affected by extreme and severe drought (in descending order) were in tree-covered areas (forests and woodlands), grassland/rangelands and croplands."
Article_10,These LULC types were the most affected as extreme drought intersected vegetation productivity decline.
Article_10,"The most impacted constituencies according to drought severity and the number of drought events were Mahalapye west (eight), Mahalapye east (seven) and Boteti west (seven)."
Article_10,Other constituencies experienced between six and two drought events of varying durations throughout the time series.
Article_10,Drought severity was compared to the official declarations of drought years by the government.
Article_10,Drought frequency was computed as the count of the number of drought years in the entire time series (growing seasons 2000-2001 to 2017-2018).
Article_10,"A year with an annual VCI value of 40 or less is identified as drought-stricken and the sum of such drought years per constituency in the entire time series amounts to the frequency of drought | Land Use-Land Cover Change: In addition to vegetation trends, drought severity was examined according to LULC types."
Article_10,Drought intensity is expressed as a percentage of the area under each LULC type affected by varying drought severity and non-drought conditions.
Article_10,"Seasonal maps depicting spatial and temporal variations in drought severity for the CDB were produced (Figure | Area of Land Use-Land Cover Change and Persistence: In the CDB, areas of LULC persistence, i.e., unchanged, between 2000 to 2018 amounted to 88% (130,166 km 2 )."
Article_10,"Figure | Area of Land Use-Land Cover Change and Persistence: In the CDB, areas of LULC persistence, i.e., unchanged, between 2000 to 2018 amounted to 88% (130,166 km 2 )."
Article_10,"The focus is on major LULC types (tree-covered area, cropland, otherland and grassland), as these made up over 95% of the study area as of 2018."
Article_10,"The focus is on major LULC types (tree-covered area, cropland, otherland and grassland), as these made up over 95% of the study area as of 2018."
Article_10,"For example, when compared to the mean, vegetation productivity was very limited in 2002-2003 (the worst drought episode in the time series)."
Article_10,Drought occurrence was evident during the growing seasons of eight declared drought years in line with The lower than normal vegetation productivity during some of the drought-stricken growing seasons can be attributed to droughts linked to El Niño southern oscillation (ENSO).
Article_10,"For example, the prolonged droughts in the growing seasons of 2002-2004 and 2015-2016 coincided with the El Niño years in the recent records Comparing the ongoing growing season (2020-2021) with the mean for the entire time series, we found above-normal vegetation productivity after mid-October 2020 until February 2021."
Article_10,"Thus, this suggests the full recovery of vegetation productivity during this season from the impacts of the prolonged droughts in the last couple of growing seasons."
Article_10,"Moreover, the growing season has not ended yet."
Article_10,"The growing season spanning the first dekad in October to the third dekad in March was chosen to align the cropping and the raining season in Botswana, which enabled the exclusion of the dry season from the drought analyses."
Article_10,"For example, in CDB between 2000 and 2018, vegetation productivity declined in most forests, woodlands, croplands and grasslands."
Article_10,"In land change areas, the trend of declining vegetation was equally high."
Article_10,"In areas of persistence, the greatest percentage of improved vegetation productivity was in wetlands, settlements, and otherlands."
Article_10,Minimal improvement of vegetation trends in forested areas can be attributed to the overall increase in tree-covered areas during the study period.
Article_10,"Previous studies in dryland contexts such as Botswana and elsewhere associate the improvement in vegetation productivity partly to bush-encroachment which remote sensing vegetation indices capture as vegetation greening but bush-encroachment is undesirable in cattle-based systems Relating LULC change to land degradation, conversion of tree-covered areas to grassland, otherland and cropland, is degrading."
Article_10,This is because these land transitions drive the removal of vegetation cover and contribute to land degradation processes.
Article_10,"Similarly considered as degrading land transitions are those involving the conversion of grasslands into croplands, artificial surface areas and otherlands."
Article_10,"For example, the water crisis of 2015-2016 resulting from relatively low, erratic rainfalls reduced water levels and water inflows into dams drastically across the country | Drought Severity in the Constituencies: Relating drought severity to the years declared as drought-stricken by the government, the results reveal that not all constituencies were equally affected by drought, as severity differed from severe to mild drought."
Article_10,"Moreover, drought severities in some declared drought years were not as widespread in the CDB as in other parts of the country."
Article_10,"For example, the growing season of the year 2009-2010 had improved vegetation productivity in response to above-normal rainfall recorded in previous months, which resulted in flooding events in five sub-districts in the CDB (Serowe/Palapye, Tutume, Boteti, Mahalapye and Bobirwa) Drought severity was further gauged by the frequency at the constituency level."
Article_10,"Over the study period, the constituencies experienced between eight to two drought events."
Article_10,"Examples are Mahalapye west and east, with eight and seven drought occurrences, respectively, ranging from moderate to mild drought."
Article_10,Boteti west experienced seven drought events with severity ranging from severe to mild.
Article_10,Drought effects on vegetation productivity during the study period were characterised by decreasing vegetation trends in most parts of the district.
Article_10,"Although varying intensities of drought severity (severe, moderate and mild) occurred in the constituencies, the 2002-2003 and 2003-2004 growing seasons were found to be the worst drought periods in the entire series, as most parts of the district were affected."
Article_10,"Using the example of the 2002-2003 drought-stricken growing season, the highest percentage of land impacted by extreme and severe droughts were found in tree-covered areas, croplands and grasslands, whereas improved vegetation trends were found mostly in wetlands and some instances in otherland areas including barelands."
Article_10,"Moreover, the results suggest that even in declared drought years, droughts severity varied, and the effects differed between constituencies."
Article_11,This in turn has significantly altered the country's land surface temperature over the years.
Article_11,There is 85% increase in builtup area in Surat in the past 2 decades and 31% increase in built-up area in Bharuch during the same period.
Article_11,Directional profiles showed a continued increase in temperature from 2008 to 2016 from North to South direction Surat indicating an increased urbanization in that direction.
Article_11,"Also, new peaks were observed in the profile of Surat for 2008 and 2016 in the north-south direction indicating urban expansion particularly in the southern part of the city."
Article_11,"Moreover, substantial growth has taken place in the central part of the city and along the banks of the rivers Tapi and Narmada."
Article_11,"This would mean an additional 2.5 billion urban dwellers by 2050, and the 2018 UN report estimates that 90% of this increase would occur in Asia and Africa."
Article_11,"Thus, the problem is more pronounced in developing countries that have witnessed an emergence of large urban agglomerations (UA) coupled with a rapid urban expansion."
Article_11,This process of urbanization has put a massive strain on the built and natural ecosystem and services of urban areas with far reaching demographic and environmental repercussions.
Article_11,This rapid and unplanned urbanization has posed new challenges for planning and governance of urban areas.
Article_11,"As per the latest census, for the first time since independence the growth in population was more in urban areas in India than in rural areas Surat is the ninth largest urban agglomeration in India."
Article_11,"Similarly, Bharuch is a rapidly expanding urban agglomeration also located in the state of Gujarat."
Article_11,"Both Surat and Bharuch are located in south Gujarat, a region known as the Golden Corridor owing to its large reserves of hydrocarbons and massive industrial agglomerations spread throughout the region."
Article_11,"Bharuch is the largest urban agglomeration in the most industrialized area of India surrounded by large chemical, petrochemical, engineering, textile and pharmaceutical industries."
Article_11,Bharuch has also witnessed unparalleled growth in the past decade fueled by industrial development in the region.
Article_11,Surat and Bharuch are the largest urban agglomerations in south Gujarat.
Article_11,The primary economic base of this city is textiles and diamond industries which has given Surat the title of Diamond City of India.
Article_11,Bharuch is the largest urban area in this industrialized region.
Article_11,"In case of Surat, N-S profile of LST for 1998, 2008 and 2016 showed an initial drop in temperature but then showed continued increase in temperature during 2008 and 2016 owing to the increased urbanization from North to South direction as shown in Fig."
Article_11,| Discussion: Both Surat and Bharuch have witnessed unprecedented growth in the last 2 decades.
Article_11,"While Surat has expanded in all the directions, Bharuch has expanded along the banks of the river."
Article_11,Urban expansion has come at the cost of agricultural land.
Article_11,"The SEZs have acquired farmland and pastoral land for different industrial projects Increase in surface temperature coupled with loss of vegetation to built-up area over the years has made both the cities more vulnerable to natural hazards, viz."
Article_11,Rapid urban expansion of Surat has further exacerbated the problem.
Article_11,"Urban expansion in Surat along the banks of the river on both the sides has greatly modified the hydrology by increasing the built-up areas, encroachment of constructions in the floodplains adjacent to the river and construction of new bridges which has reduced the capacity of the river and the open space for the floodwaters to spread out."
Article_11,"Additionally, Hazira industrial area located in Hazira SEZ downstream from Surat has grown exponentially over the years by reclaiming sections of the floodplain, reducing the mouth of Tapi River where it meets the sea ( | Conclusion: This study has shown that since 1998-2016 both Surat and Bharuch have experienced a loss in vegetation while land surface temperature during that period has increased Published in partnership with CECCR at King Abdulaziz University consistently rising from 1998 to 2016."
Article_11,"Additionally during this period both the cities have also experienced an increase in its built-up area and a consistent reduction in water, vegetation and soil, indicating a rapid expansion of urban areas at the cost of its vegetation, soil and water bodies."
Article_11,Surat has expanded over an area of approximately 50.51 sq.
Article_11,kms while Bharuch has expanded slightly over an area of 3.4 sq.
Article_11,Surat has grown over a much larger area as compared to Bharuch during the study period.
Article_11,"In case of Surat, land surface temperature was particularly elevated in the central part of the city which is a heavily urbanized area, representing a strong correlation between urban expansion and land surface temperature."
Article_11,"In case of both of the cities, growth along the water body was noticeable."
Article_11,Medium and small urban agglomerations all over the world particularly in developing countries are facing tremendous pressures of urbanization and the process will continue for the next several decades.
Article_11,"Urban areas continue to grow at the cost of green spaces, agricultural land and rural areas."
Article_11,"In many parts of the world, urban areas are pushing into the most vulnerable parts of the environment as also witnessed in Surat and Bharuch."
Article_12,The result showed a decline in forest land from 8632.5 ha (20.9 %) in 1973-5647.23 ha (13.7 %) in 2019.
Article_12,The study further revealed that the total of forest land cleared between 1973 and 2019 was estimated to be 2985.27 ha (7.22 %).
Article_12,"In other words, 34.6 % of the forest cover that existed in 1973 was lost."
Article_12,"Similarly, wetlands declined from 9919.5 ha (24.0 %) in 1973-2000.24 ha (4.8 %) in 2019."
Article_12,"Similarly, wetlands declined from 9919.5 ha (24.0 %) in 1973-2000.24 ha (4.8 %) in 2019."
Article_12,"On the other hand, cultivated land has increased from 18617.0 ha (45.1 %) to 27708.1 ha (67.1 %)."
Article_12,"Similarly, the increment in settlement areas has elevated from 908.7 ha (2.2 %) to 4436.46 ha (10.7 %) during the same period."
Article_12,"Agricultural expansion, cutting trees for various purposes (such as firewood, charcoal and construction material), overgrazing and the expansion of settlements, were identified as the major proximate causes of these changes."
Article_12,"Moreover, the major underlying drivers of LULC changes include population growth, changes in policy and institutions, poverty and lack of awareness on the importance of natural resource conservation for sustainable livelihoods."
Article_12,"As a result, land use and land cover (LULC) are under a continuous changes mainly because of societal development and natural causes."
Article_12,"LULC changes are fundamental processes on the earth's surface and have significant impacts on human society, climate, biodiversity, hydrological cycles, ecosystems, biogeochemical cycles and many other processes Changes in land cover have become key components of global environmental change and represent impact of human activity Apositive side of LULC change is agricultural land expansion, which increases food production for a rapidly growing population."
Article_12,"Although, LULC change has social and economic benefits, it has also been reported to have an impact on spatial patterns of landscape properties by modifying ecosystems at local, regional and global levels Generally, LULC changes are driven by natural factors and anthropogenic activities Since 1950, the world population has increased exponentially and this growth is producing major changes in LULC."
Article_12,"The district covers a total area of 48,251 ha (482.51 sq.km) (Fig."
Article_12,"The major livelihood activity of the population in the district is mixed-farming  with crop cultivation being the major agricultural activity, which is entirely rain-fed, with livestock rearing as a secondary activity."
Article_12,"| LULC class Description: Settlement area Areas occupied by residential houses and other buildings Bare Land Exposed stone, sand and soil or area with no vegetation or dominated by rock-out crops, roads, eroded and degraded lands Forest Land Land with more than 0.5 ha, with a tree canopy cover of more than 10 %, which is not primarily under agricultural or other specific non-forest land use  Cultivated land Areas of land ploughed/prepared for growing crops by rain fed or irrigation, including fallow plots and degraded grazing land with very few scattered vegetation Water Body Areas of land covered with water (lakes and rivers) Wet Land Areas that is waterlogged or swampy during the wet season and relatively dry during the dry season."
Article_12,"Statistical summaries of the different LULC dynamics are presented in Table | Land Use Land Cover: The highest increment in the percentage of cultivated land (and hence diminishing of wetland and forestland) has been observed between the years of 1987 and 1995, which can be attributed to the spike in small-scale farming (Table It is worth mentioning that this finding is in line with prior studies that reported 44 % growth in agriculture and 36.4 % agricultural land increment, respectively, by | Bare land (BL): ."
Article_12,Bare lands have also been transformed into another land use types.
Article_12,"In the study area under consideration, it was found that the bare land proportion has shown significant declines over the span of years."
Article_12,"Indeed, the data obtained shows a decline of the bare land proportion from 2872.1 ha (7%) in 1973, to 551.34 ha (1.3 %) in 2019 and a progressive decline between the stated years (Table Computed from the collected data, it can be seen that the bare land has been converted to other land use types at the rate of 50.45ha/year during the study periods of 1973-2019 (Table In this regard, it is also worth indicating that the results of this study are similar to a number other previous studies undertaken in different parts of Ethiopia."
Article_12,: The result of the study further revealed a continuous decline in the overall area of wetland with the average rate of 172.6 ha/year from year of 1973-2019.
Article_12,"As can be seen in Table The result of this study is in agreement with the study of Most croplands were situated in relatively flat areas in 1957, however, these areas were affected by the construction of the Fincha dam in 1973 BL-bare land, CL-cultivated land, FL-forestland, SA-settlement area, WB-water body, WL-wetland."
Article_12,"In this regard, the trend shows a tendency towards more plots of lands being shifted to be used for cultivation and settlement."
Article_12,"On the contrary, the coverages of bare-lands and wetlands have declined in size as they have been converted to cultivation and settlement areas."
Article_12,"The largest area of change matrix was observed from wetland to cultivated land, as compared to other land uses."
Article_12,"The dominant contributors to the decline of forest cover were the conversions of forest land to cultivated land 3608.44 ha (41.8 %), wetlands 965.52 ha (11.18 %) and settlement areas 717.72 ha (8.3 %) as shown in (Table While some parts of the original cultivated land was were lost to other LULC classes, such as settlement area, 1983.87 ha(10.66 %) and it has also expanded, mainly due to area gains from wetlands,5445.92 ha (54.9 %), forest land, 3608.44 ha (41.8 %) and bare land, 2069.82 ha (72 %), as shown in (Table | Analysis of rate and patterns of LULC dynamics 1973-2019: During the 1973-2019 years periods, three land use types had shown an increasing trend; cultivated land (48.83 %), settlement areas (38.8 %) and water bodies (164 %)."
Article_12,"During this period, forest land 2985.27ha (34.6 %), bare land 2320.76 ha (80.8 %) and wetland 7919.26 ha (395.9 %), was lost in the study area."
Article_12,"Particularly, the highest amount of wetland coverage accounted for 6652.08ha has been lost during the period 1987-1995."
Article_12,"Likewise, the forest ecosystem, which covered1833.15 ha also declined between 1973-1987 (Table Regarding LULC change, agricultural land increased annually by Within the 46 years of this study period, bare and forest lands have shown consistent reductions, whereas cultivated lands and forest lands increased at the expense of the aforementioned as well as a wetland, land use types."
Article_12,"The Majority of the respondents also identified firewood collection (93.3 %), house construction/settlement (90 %), land degradation (88.8 %), overgrazing (88.8 %,) and charcoal making (87.3) (Fig."
Article_12,"Respondents also viewed overgrazing as an important driver of changes in the study area Cutting of Cordia africana, Podocarpus falcatus and Juniperus procera for timber trade was (58.2 % of respondents) registered as another prominent factor that threatened the forest cover of the study area."
Article_12,"Rapid population growth resulted in huge demands for timber for construction purposes in the surrounding towns and villages, triggering illegal loggings from among communal forests."
Article_12,"Through time, depletion of forests (a decline of forest areas) continued triggering the like of timber prices in towns (Plate 3 )."
Article_12,"As acknowledged by the respondents, although the government has put strong regulations in place to prevent illegal logging, such activity is still continuing cutting down of trees for different purposes Infrastructure developments, such as schools and roads, were also found to have contributed to the decline of grazing lands."
Article_12,"According to the information obtained from FGDs, the villagization policy called""Sefera"" where people were clustered into villages during the Derge regime, which means the resettlement policy contributed to the expansion of settlements and agriculture land."
Article_12,"National and regional policies on land use and economic development, such as infrastructural expansion (e.g."
Article_12,Lack of proper land use plans is another policy related driver of forest and vegetation cover change.
Article_12,"It is characterized by the encroachment of vegetated lands especially forest, grazing land and cultivation on steep slopes."
Article_12,Participants also said that change in land tenure systems was another policy-related driver of forest and vegetation cover change.
Article_12,"During the Derge regime, large areas of forest and grazing land were converted to other land use types, due to change in the land policy from the previous government Distribution of land and resource among small-scale farmers following the 1975 'land to tiller policy' which means the land and the resources were divided into pieces among peasants or smallholding farmers."
Article_12,"About 85.1 % of respondents and FGD participants stated that the major underlying economic factors behind the expansion of agricultural land are illegal logging, charcoal making and firewood extraction."
Article_12,This results in land fragmentation as land is shared within families and encroachment of forest areas in search of new land for cultivation and firewood take place.
Article_12,"Hence, economically poor and landless households are engaged in logging in the form of charcoal and firewood to be able to provide for their families."
Article_12,"Lack of awareness about the negative impacts of forest conversion, distribution of land and other resources are the socio-cultural causes for the expansion of agricultural lands at the expense of other LULC types, mainly wetland and forests."
Article_12,"the proximate causes include agricultural expansion, particularly small scale farming, wood extraction for firewood and charcoal making, construction of infrastructure (for example schools, roads), overgrazing and expansion of rural and urban settlements, whereas population pressure, policy and institutions, poverty, lack of awareness and biophysical factors were claimed as major underlying drivers of LULC change."
Article_14,"The agricultural areas in the study area were changed into other LULC classes: 9.1% to artificial surfaces, 27.6% to barren lands, and 21.7% to forest."
Article_14,"The rise in the area of artificial surfaces was especially noticeable within the 1 km buffer zone: construction activities converted 36.1% of agricultural fields, 54.1% of forests, and 23.2% of barren lands into artificial surfaces."
Article_14,The filling activities on the seashore resulted in a loss of water bodies of up to 26.5%.
Article_14,"In the whole study area, artificial surfaces significantly increased (78.46%), whereas forests (-8.31%) and barren lands experienced a considerable decrease (-6.11%)."
Article_14,"In the 1 km buffer, artificial surfaces predominantly increased (113.94%), while forests and barren lands decreased dramatically Vol:."
Article_14,"Paradoxically, the plan shows that large-scale development areas, which may lead to a significant population rise, are planned for the rural settlements in the region."
Article_14,"The Akkuyu Region is sparsely populated, and the main driver of the regional economy is agricultural production."
Article_14,"Nonetheless, the land use decisions taken in the ELUP will accelerate urbanization in the region."
Article_14,( to 77-100% in 2021.
Article_14,"Agricultural areas were least accurately classified in the image of 2017 with UA and PA of 83% and 78%, respectively."
Article_14,"According to the quantitative results of the LULC mapping with the RS approach, the natural land cover has been lost, while built-up areas (larger roads, new development areas) have significantly increased since the beginning of the construction of the Akkuyu NPP."
Article_14,"From 2017 to 2021 in the whole study area, the artificial surface class saw the greatest rise (78.46%), whereas forests (-8.31%) and barren lands experienced considerable decreases (-6.11%)."
Article_14,"When the 1 km buffer perimeter of the power plant was examined, it was determined that the LULC change followed a distinct trend, with artificial surfaces increasing greatly (113.94%), while the regions covered by forests and barren lands fell dramatically As a result of this analysis, it was determined that in the last 4 years, built-up areas in the close vicinity of the Akkuyu NPP construction had increased, the forest areas had been severely damaged, the sea areas had been filled to a certain extent, and the agricultural lands had not been significantly affected."
Article_14,The construction of the Akkuyu NPP has caused a serious LULC conversion in its immediate vicinity.
Article_15,Simulation results reveal that the landscape of Thimphu city has changed considerably during the study period and the change trend is predicted to continue into 2050.
Article_15,"The study observed a significant increase (12.77%) in built-up area from 2002 (52.88%) to 2018 (65.5%), followed by a slight increase in the cover of bare ground."
Article_15,"On the contrary, forest cover declined drastically (15.25%) followed by agriculture (1.01%)."
Article_15,Rapid population growth triggered by rural urban migration coupled with hasty socio-economic development post democracy are the main drivers of these changes.
Article_15,"Under the business as usual scenario, prediction analysis for the year 2050 show that built up area will consume almost all of the city area (73.21%) with forest significantly reduced to patches making up only about 16% of the city."
Article_15,"Prior to this, the area was occupied by terraced agricultural fields and some 13 villages."
Article_15,Planned development for Thimphu started in 1985 with the establishment of National Urban Development Commission.
Article_15,"Expansion of Thimphu city in 2002 added local areas of Lanjophaka, Heo-Samteling, Jungshi-Pamtsho, Taba and Dechencholing in the north and Changjiji, Lungtenphu, Simtokha, and Babesa in the south ( Fig."
Article_15,"The period, 2002-2018 represents a rapid expansion of the city accompanied by expediated socio-economic development that led to significant changes in the city's landscape."
Article_15,"The resultant improvement in basic facilities combined with creation of additional jobs further attracted more immigration from rural areas and lesser developed cities, causing a boom in real estate and informal settlements and triggering significant changes in land uses."
Article_15,"Although small, agriculture land shows a significant probability to transition to built-up area which has been the trend in many cities The findings indicate that rapid development of urban built will lead to sharp declines in forest and agriculture and increase in urban population."
Article_15,Significant increase in built-up areas were associated with parallel loss of important land cover types such as forest and agriculture.
Article_15,Significant changes in Thimphu's landscapes are correlated with the government's decision to expand the city northwards and southwards.
Article_15,This expansion received a boost after the institution of constitutional democracy in 2008 which brought in expediated development in the city.
Article_15,"The results of prediction for 2050 also did not bear well for Thimphu city, with forest cover diminishing to a mere 4.28km 2 (16.32%) which are also highly fragmented."
Article_15,"Loss of forest cover will degrade important ecological services and increase vulnerability of the city to landslides, gulley erosion, drying of water sources, worsened air pollution, and loss of important biodiversity."
Article_16,"Land-cover change refers to a change in some continuous features of the land, such as vegetation type, soil conditions, and so on."
Article_16,"From these findings, change detection analysis shows that the area used for agricultural land, barren land, forest, built-up areas, and waterbodies has increased by 5.17%, 3.39%, 0.84%, and 0.26%, respectively, between 1996 and 2019."
Article_16,The forest area has decreased by 9.67% at the same time.
Article_16,"Furthermore, the number of transitions from one land cover category to another between time periods (1996 and 2019) was quantified."
Article_16,"| LULC scenario of Murredu watershed, 1996: Agriculture accounted for 54.19 percent of the watershed's land area in 1996."
Article_16,Forest (40.30 %) was the watershed's second most prevalent land cover.
Article_16,"In low land watersheds, it will also lessen flood intensity | LULC scenario of Murredu watershed, 2019: After 1996, there was a significant amount of deforestation in the watershed region, which left the land unforested and suitable for agriculture and other uses."
Article_16,The majority of the watershed's land was used for agriculture in 2019 (59.36 %).
Article_16,Forest (30.63 %) was the second most prevalent land cover in the watershed.
Article_16,"From these findings, change detection analysis shows that the area used for agricultural land, barren land, forest, built-up areas, and waterbodies has increased by 5.17 %, 3.39 %, 0.84 %, and 0.26 %, respectively, between 1996 and 2019."
Article_16,The forest area has decreased by 9.67 % at the same time.
Article_16,"The area of forest has decreased, whereas the areas for agriculture, waterbodies, bare land, and built-up areas have all increased."
Article_18,"An Analysis of Urban Land Use/Land Cover Changes in Blantyre City, Southern Malawi (1994-2018) Rapid and unplanned urban growth has adverse environmental and social consequences."
Article_18,This is prominent in sub-Saharan Africa where the urbanisation rate is high and characterised by the proliferation of informal settlements.
Article_18,"On the contrary, bare land, which included vacant lands, open spaces with little or no vegetation, hilly clear-cut areas and other fallow land, declined over the study period."
Article_18,"This was also the case with the vegetation class (i.e., forests, parks, permanent tree-covered areas and shrubs)."
Article_18,"Furthermore, the results revealed that the increase in built-up areas systematically targeted the bare land and avoided the vegetated areas, and that the vegetated areas were systematically cleared to bare land during the study period ."
Article_18,"Like other developing countries in sub-Saharan Africa, Malawi has been experiencing progressive urban growth since it attained its independence on 6th July 1964."
Article_18,"The city lies within the latitude 15 • 47 10"" S and longitude 35 • 00 20.10"" E, as shown in Figure In 1966, Blantyre was the prime city in Malawi with 109,461 people, seconded by Zomba, the then capital city, with only 19,666 inhabitants."
Article_18,"| Vegetation: Forest, parks and permanent tree-covered areas, temporary croplands, grassland, shrubs and other idle lands along streams."
Article_18,The changes are mainly characterised by an increase in a built-up area and a decrease in bare land and vegetation.
Article_18,In the first period Bare land declined at the annual rate of 0.52 per cent over the study period.
Article_18,This was demonstrated by the concurrent incidences of the systematic gains and losses | Discussion: The results indicated that there were increased anthropogenic-induced urban LULC changes in Blantyre city over the past 24 years.
Article_18,"This was substantiated by the observed accelerated increase in built-up area from 4.1 per cent during the initial period to almost 7 per cent in the later period, with an overall annual change at 5.3 per cent."
Article_18,This is similar to the accelerated declining rates observed for the vegetation and bare land classes (Section 3.1).
Article_18,"The increase in the built-up class is comparable to other studies conducted in the sub-Saharan African cities, including the Dakar metropolitan area in Senegal, Nairobi city in Kenya, and Harare city in Zimbabwe, which experienced an increase in built-up areas at the annual rates of 9.6, 9.5 and 4.7 per cent, respectively, between the years 1990 and 2014 Firstly, the observed annual growth rate of 5.3 per cent for the built-up class in the study area surpassed the urban population growth rate estimated at 2.3 per cent between 1998 and 2018 Secondly, the vegetation loss observed in this study signifies the loss of green spaces (such as forests and parks) Lastly, the decline in bare land exerts enormous pressure on land suitable for urban development."
Article_18,"This can be explained by the fact that most land under vegetated areas, such as Ndirande, Soche and Kanjedza forest reserves, as well as the Mudi catchment area, are protected leaving bare land vulnerable to conversion to built-up."
Article_18,"Additionally, most vegetated areas have unsuitable land for development, such as wetlands, steep slopes and river/stream buffer zones."
Article_18,"| Conclusions: This study provides the details of urban LULC changes in Blantyre city from 1994 to 2018 characterised by an increase in built-up area and the decline of vegetation and bare land areas, respectively."
Article_19,"Pasture expanded by 46% from 1985 to 2017, and agriculture by 172%, mostly replacing old pasture fields."
Article_19,We also identified that 86 Mha of the converted native vegetation was undergoing some level of regrowth.
Article_19,"The second objective was to assess the extent, rates and main drivers of LULC change in the Brazilian biomes between 1985 and 2017 using the LULC time-series produced."
Article_19,| Mangrove: Dense and evergreen forest formation often flooded by tide and associated with the mangrove coastal ecosystem.
Article_19,| Forest Plantation: Planted tree species for commercial use.
Article_19,"| Non-Forest Formation: Non-Forest Formation in Wetland Floodplain with fluvial and lake influence, subject to periodic or permanent flooding, located along watercourses and in lowlands areas that accumulate water, with herbaceous shrub vegetation and/or arboreal and pioneer formations, and marshes (marine influence)."
Article_19,"| Grassland Formation: Vegetation type with a predominance of herbaceous stratum, including patches with a well developed shrub-herbaceous stratum."
Article_19,"Salt flat ""Apicuns"" or salt flats are formations often without tree vegetation, associated to saline and a less flooded area in the mangrove, generally in the transition between this area and the continent."
Article_19,"Other Non-Forest Formation Natural grasslands, Savanna, Park Savanna, Steppe Savanna, Woody-Grassland Savanna, ""Campinarana"" in the Amazon biome."
Article_19,"The total extent of the farming class reached 172 Mha in that year, with the second largest extent of land cover (20.3% of the territory)."
Article_19,"The minority land cover classes in terms of extent were non-forest formation (63.4 Mha, 7.48%), followed by surface water with 12.5 Mha (1.47%) and non-vegetated area (2.17 Mha, 0.25%) (Table At the country level, the water class showed the lowest annual average percent change (0.17% per year; s ± 7.12%) with a more pronounced trend towards reducing surface water between 2010 and 2017 in the Caatinga and Cerrado biomes (Figure Non-vegetated area was the LULC class with the smallest extent, but showed a rapid increase in area from 1985 to 2017 with an average expansion rate of 1.72% per year (s ± 10.2%) in the whole country (Figure The farming class also expanded between 1985 and 2017 at rate of 1.7% per year (s ± 3.8%) (Figure The non-forested formation class showed an annual change of -0.34% per year (s ± 2.8%) between 1985 and 2017."
Article_19,"The Atlantic Forest and the Pampa biomes showed the highest rate of shrinking with -0.83% and -0.68% per year on average, respectively."
Article_19,The remaining biomes had a lower annual average reduction of non-forested areas ranging between -0.06% per year in the Amazon and -0.2% in the Cerrado (Figure decreasing change in surface water.
Article_19,The Atlantic Forest and Pampa biomes also showed a minor trend towards an increase in surface water and higher variation over the time-series period.
Article_19,"Overall, the pasture area increased by 45.4 Mha in Brazil from 1985 to 2017 (Table River, lakes and ocean (RLO), as well as urban infrastructure LULC classes had an increase in area between 1985 and 2017 of 1.0 Mha each (Table | LULC Biome Transitions: We estimated 63.5% of the Brazilian territory did not undergo change in its original land cover class from 1985 to 2017, totaling 540.7 Mha (Table The vegetation loss totaled 102.4 Mha, representing 33% of the total area that underwent LULC change between 1985 and 2017 (i.e., 310.8 Mha; Table Shifting land-use was responsible for 31.6% of the total LULC change between 1985 and 2017 (Table Remote Sens."
Article_19,"Between 1985 and 2017, 38% of the Brazilian territory was modified by cattle ranching and agriculture activities, as well as infrastructure development, changing native forest and non-forest formations, indistinctly in all six biomes."
Article_19,"Pasture expanded by 46% in the country, mainly in the Amazon and Pantanal biomes, while agriculture increased by 172%, mostly in the Atlantic Forest replacing old pastures and in the Cerrado biomes converting savanna and grasslands formations."
Article_20,Built-up area expansion contributed to increased summer and winter LST by 0.55 C and 2.54 C per decade from 1999-2019.
Article_20,Temperature increases have resulted in a significant decline in agricultural productivity over the last 30 years.
Article_20,"In the last decade, industrial growth, availability of better educational institutions and job opportunities have attracted people to migrate to this region."
Article_20,The growing pressure of the population accelerates the unplanned expansion in this region.
Article_20,The primary reason for this is the rapid and unplanned urbanization that has taken place.
Article_20,Agriculture lands and water bodies were dynamically transformed into impervious infrastructures in order to meet the demands of a rapidly expanding population.
Article_20,"Rapid urban development, climate change, and global warming significantly contribute to the temperature rise."
Article_20,"Hence, a significant decrease in agricultural land (-1.50 % and -5.93 %) and water bodies (-0.47 % and -2.24 %) were also identified in 2029 and 2039, respectively."
Article_20,"The total area of agricultural lands was decreased by 8.27 % from 1999 to 2019, while the built-up area was increased by 7.81 %."
Article_20,"Considering the socio-economic impacts, conversion of farmland or agricultural land to infrastructure development decreases the number of lands available for food production."
Article_20,"Soil erosion, desertification, and other soil degradation associated with intensive agriculture productivity reduce land resource quality and hamper food productivity."
Article_20,"The participants from FGDs and KIIs stated that crop productivity due to the fertilization effect induced by an increase in the concentration of CO 2 in the atmosphere, expansion of the available areas for growing the tropical and subtropical crops, development of two-crop farming due to an extended cultivation time and reduction of damage to winter crops by low temperatures are the main positive impacts of temperature rise."
Article_20,"Besides, negative impacts of seasonal temperature rise include a decline in the number and quality of crops as a consequence of the low growth cycle for high-temperature rises, decrease in the sugar content and fruit store stability, poor coloring, rising weeds, and harmful insects in crops and decreasing soil productivity (Figure According to the Bangladesh Agricultural Development Corporation, ""Boro rice"" production will significantly be decreased from 13.5 % to 2.6 % in upcoming years, with an increase of 2 C mean temperature in the study region."
Article_20,"Due to the impact of climate change, Bangladesh is facing a 4 C temperature increase in the last decades, resulting 28 % and 68 % reduction in rice and wheat production | Impacts of climate change: Climate change is causing organic changes in the study area, such as fertilization and breeding in the livestock sector as well as influencing the growing pattern of pastures."
Article_20,"Meanwhile, agricultural land and water bodies were decreased by -8.27 % and -4.75 % from 1999 to 2019."
Article_20,"More than 29 % and 28 % of the total area were recorded in the temperature range of 32 C -< 35 C and 29 C -< 32 C in 2019 in winter season, which was 3.64 % and 0 % in year 1999, respectively."
Article_20,"More than 23 % (2029) and 50 % (2039) of the total area will likely be experienced high temperatures in the summer season of greater than 35 C. For predicted winter LST, more than 3 % and 13 % of the area will likely be experienced in the high-temperature zone (!"
Article_21,"The primary driving forces of LULC changes in developing countries are population pressure, demand for firewood collection and construction material, shortage of cultivated land, land tenure insecurity, and deforestation."
Article_21,"Between 1986 and 2018, agricultural land increased significantly from 56.39% to 70.19%, while settlements increased from 0.73%) to 1.42%."
Article_21,"On the other hand, bushlands, forest areas, and grasslands LULC classes in the study area decreased from 26.18% to 19.30%, 4.94%-1.92%, and 11.77%-7.16%, respectively."
Article_21,"deforestation, which has a much greater impact than previously believed LULC changes have a variety of negative socio-economic and environmental consequences, including decreased agricultural yield, increased vulnerability to natural hazards (flood, drought, fires), altered ecosystem services, and surface runoff trends Deforestation and agricultural land encouragement are the primary causes of land degradation, particularly in Ethiopian highlands and marginal land The dynamics of LULC change extent, magnitude, and trends are changing and are strongly linked to natural resource overexploitation; this process is governed by climate, soil characteristics, vegetation density, topography, and natural hazards | Materials and methods: | Study area: The Birr River watershed is situated in the northwestern highlands of Ethiopia."
Article_21,"Geographically, the Birr watershed is located between the longitude of 37 • 10ʹ and 38 • 50ʹ E and the latitude of 10 • 30ʹ and 11 • 10ʹ N. The watershed's elevation ranges between 1691 and 4084 m above the mean sea level (Fig."
Article_21,"There are six major soil types found in the Birr River watershed, which include Haplic Alisols, Eutric Fluvisols, Haplic Luvisols, Eutrc Leptosols, Haplic Nitisols, and Eutric Vertisols (Fig."
Article_21,"Forest, grassland, and settlements occupied an area of 24.23 km 2 (1.77%), 154.26 km 2 (11.25%), and 16.25 km 2 (1.19%), respectively, during the same period."
Article_21,"The classified map also established the minimum accuracy required for the subsequent postclassification operations | Extent and rate of LULC change: For three time periods, the extent and rates of changes for each LULC were summarized below: 1986, 2001, and 2018 (Tables In addition, the extent and rate of change in LULC between 201 and 2018 were presented in (Table The extent and rate of LULC change patterns from 1986 to 2018 are also presented in (Table | Trend of LULC changes: The agricultural land and settlements revealed an increasing trend increasing from 79.86 km 2 to 189.30 km 2 and 6.29 km 2 -9.44 km 2 for the period 1986 to 2018, respectively."
Article_21,"On the other hand, forest, bushland, and grasslands showed a decreasing trend from 1986 to 2018 (Fig."
Article_21,"Agricultural and settlements have grown significant expansion in the study watershed, increasing by 24.49% and 54.78%, respectively during this period ."
Article_21,"In contrast, for this period, bushland, forest, and grassland have decreased by 26.27%, 61.01%, and 39.14%, respectively (Table Changes in LULC and their dynamics are directly related to biodiversity and land productivity and have huge environmental and societal effects Thus, from the grassroots to government levels, sustainable integrated watershed planning, management, and development should be applied and implemented, with close supervision of area afforestation, reforestation, and conservation of the existing watersheds forest, bushland, and grasslands."
Article_21,"Furthermore, soil and water conservation on the degraded land, controlling the further expansion of cultivated land, and fuelwood and charcoal production demands."
Article_22,"Analysis of Land Use/land Cover Changes and Prediction of Future Changes With Land Change Modeler: Case of Belek, Turkey In the areas declared to be a tourism center, a rapid tourism-related development occurs depending on the investments in tourism, which causes a dramatic land use and land cover changes."
Article_22,"According to the results obtained through a 36-year research, the rates of settlement, forest, and water body areas have increased by 11.91%, 13.67%, and 0.82%, respectively whereas the rates of barren land and agricultural areas have reduced by 22.25% and 4.15%, respectively."
Article_22,The land use map modeled for 2040 predicts the settlement areas to expand by 5.46% and the agricultural areas to shrink by 4.21% by comparison with 2021.
Article_22,"In the areas declared to be a tourism center, a rapid tourism-related development occurs depending on the investments in tourism, which causes a dramatic land use and land cover (LULC) changes."
Article_22,"Being a barren area at rst, the coast has been opened to settlement through investments in tourism."
Article_22,It has also triggered urban development in the coast and the areas behind the coast to meet the service needs of tourism facilities.
Article_22,"Belek Tourism Center is 6,336.7 hectares and its length of coastline is approximately twenty kilometers."
Article_22,The built-up areas of Kadriye and Belek are located in this tourism center.
Article_22,"The total population of these built-up areas is 16,191 for 2020."
Article_22,"One study performed by the Belek Tourism Investors Union (BETUYAB) with several universities has indicated that Belek Tourism Center has 109 bird species, one endemic sh species (Aphanius anatoliae), and a total of 574 plant species belonging to 104 families including twenty-nine endemic families and one relict endemic family (Serik Pear) The study area has low values of altitude and slope, ranging from zero meter to thirty-seven meters and from 0% to 5%."
Article_22,The dominant vegetation in the study region is dune vegetation and stone pine forests along the coasts and maquis and shrubs in the inland areas.
Article_22,The distance to river limits the urban sprawl.
Article_22,"The Markov Chain does not solely su ce by itself to predict the LULC changes because it does not take the spatial distribution of the LULC classes and the spatial aspect of growth into consideration The CA includes a regular grid of cells that manage how each cell's neighbors affect the future class of each cell The LULC data belonging to two different periods of time, The transition area matrix generated using the Markov Chain model, The transition potential map created using the MCA method, | Change analysis: The LULC changes of Belek Tourism Center were grouped into three periods as It was found that the expansion in the built-up areas were mostly arisen from the agricultural and barren areas, whereas the expansion in the forests were mostly arisen from the barren area."
Article_22,"In this period, 392.78 hectares from agricultural areas and 201.2 hectares from barren areas were transformed into built-up areas."
Article_22,A total of 569.31 hectares from barren areas was transformed into forests.
Article_22,"No changes were observed in the area with 6,517.67 hectares."
Article_22,"-During the 36-year period (1985-2021), the biggest change was detected in barren areas."
Article_22,Barren areas shrunk by 22.25% in this period.
Article_22,Agricultural areas also shrunk by 4.15%.
Article_22,"An expansion was noted in forests by 13.67%, in built-up areas by 11.91%, and in water body areas by 0.82% during this 36-year period."
Article_22,"Of the expansion in the built-up areas, 452.73 hectares were arisen from agricultural areas and 503.86 hectares were arisen from barren areas."
Article_22,"Figure The statistics for 2040 year predict that of the total area, 30.11% will be agricultural area, 25.25% water body area, 24.78% forest, 19.18% built-up area, and 0.68% barren area."
Article_22,"Within the period of 2021 and 2040, it is expected that built-up areas and forests will expand by 5.46% and 1.28%, whereas agricultural areas and barren areas will shrink by 4.21% and 2.56%, respectively."
Article_22,The future changes in the water body areas (0.03%) are predicted to be insigni cant.
Article_22,"The results of the transition probability matrix show that the trend of change is expected to be mostly from barren areas to forests and from agricultural areas to built-up areas (Table To summarize, this study indicated that the built-up areas in the inland and coastal zones would continue to expand within the next 20 years in the event that the LULC pattern and trend of Belek Tourism Center from to 2021 would be sustained."
Article_22,The Belek region was chosen as one of the primary development areas within the plan.
Article_22,"After being declared to be a tourism center, the region raised its bed capacity to 13,000 ."
Article_22,This partial expansion in the water body areas was due to the construction of arti cial ponds with landscape in golf courses.
Article_22,-The forests were the land use class with the highest rate of growth between 1985 and 2021 (13.67%).
Article_22,The planting works which were conducted by the Ministry of Agriculture and Forestry to prevent sand and coastal erosions were effective in the expansion of the forests.
Article_22,A transformation from barren areas to forests occurred through these planting works.
Article_22,"The predicted LULC map for 2040 indicates that a large part of the urban growth expected to occur between 2021 and 2040 will serve as an extension of the built-up areas in 2021, and that this growth will be in the core of the built-up areas (Belek, Kadriye)."
Article_23,The results show that urban expansion has increased in a noticeable trend.
Article_23,"The built-up area increased by 18.9% during the research phase, and the region's mean LST increased within 3.98℃."
Article_23,The statistics of the LST of 2001 show that the mean temperature for the built-up areas in Sharqiyah was 35.28℃.
Article_23,"LST of the vegetation class increased from 2001 to 2011 and showed a significant increase by 2022, predominantly falling within the temperature range of 30-35 °C, with some small patches observed in the range of 35-40 °C as shown in Fig."
Article_23,"Throughout the study period, Sharqiyah's south part has the highest density of UHI areas, as shown Fig."
Article_23,Urban development and climate variation both lead to a rise in land surface temperature.
Article_23,"The LST grew quickly, especially in urban areas and desert/bare land."
Article_23,"Over the study period, the built-up regions rose considerably (10.22 % to 29.12 %)."
Article_23,"In contrast, vegetation reduced substantially from 66.15 % to 53.39 %, and bare land decreased by 5.63 %."
Article_23,"Variations in LULC have also impacted the allocation of land cover regions over time, especially the transition of land cover classes from previously vegetated land to urban zones or towards more bare land."
Article_23,"As a result, the distribution of UHI areas has increased over time, while mean LST has risen rapidly with decreasing waterbodies and vegetation."
Article_23,"In contrast, built-up regions and bare land have a positive correlation with LST."
Article_24,"According to MLP-ANN model 2030 results were an increase of 73.33 km² in built up areas, an increase of 56.89 km² in bare areas, and a decrease of 129.66 km² in green areas."
Article_24,"According to TUIK 2020 data, the population of Samsun is 1,356,079."
Article_24,"Samsun is the 16th largest province of Turkey in terms of population, and it constitutes 17% of the population of the Black Sea Region and 1.6% of the population of Turkey (Anonymous, Retrieved 02.05.2021)."
Article_24,"Neighbors of the province, in the north of which the Black Sea is located; Sinop in the west, Tokat and Amasya in the south, Ordu in the east, and Çorum in the southwest."
Article_24,"The first part is the mountainous part in the south; the part of second region is the plateaus between the mountainous part and the coastline, the third; coastal plains between the highlands and the Black Sea Samsun has undergone radical changes in the last 50 years as a result of the settlement pressure concentrated on the coastal areas due to urbanization, population growth and socio-economic developments (Anonymous, Accessed: 06.06.2021)."
Article_24,"After 1998, the urban settlement area in Samsun increased by 96.32% and grew to approximately 32 km², and this growth generally developed towards agricultural areas."
Article_24,"Since 1998, Atakum district has become a second city center As the study area selection criteria, the population of Atakum district is 202,618 according to 2018 data; the population of the region of Ilkadim is 332,230, the population of the region of Canik is 97,564."
Article_24,"It is seen that the population in the research area increased in the 28-year period between 1990 and 2018, but the increase occurred more in the western direction, which is called Atakum, unlike the 30-year period between 1960 and 1990."
Article_24,"It has been seen that urban areas have been established near fresh water sources such as rivers, lakes and underground waters and on the sea coast for a long time."
Article_24,"Tables Between the years 2000-2010 in Samsun, coastal filling areas were realized especially in Ilkadım district and thus an urban growth was experienced in the northern direction."
Article_24,"The need for housing and social reinforcement areas, which emerged in parallel with the rapid population growth (annual increase rate of 64.5%) in the 2000-2010 period in Atakum district, caused the areal increases in the urban texture to create a more heterogeneous city pattern Among the parks on both sides of Samsun, Batıpark is 1.000.000 m² and Doğupark is 250.000 m²."
Article_24,"With the completion of these projects, the green area per capita has reached 9.02 square meters."
Article_24,The decrease in green areas shows the transformation into bare soil areas.
Article_24,The filling of Samsun coastal areas dates back to the 1960s and accelerates after the 2000s The north-eastern part of the region includes the city center.
Article_24,"But over the years, it is seen that the settlement has spread in the direction the topography allows."
Article_24,It is seen that the settlement increases in the south-west direction along the coastline.
Article_24,This spread towards rural areas first became a bare area and then transformed into a residential area.
Article_24,"The matrix represents that the need for accelerated construction was came primarily by the decline in scrub and soil bare, followed by farmland and sparse vegetation."
Article_24,"In this study, the LULC change between 2000, 2010, 2020 for the study area including Ilkadım, the central district where the development is most intense in Samsun, the largest port city of the Black Sea, Atakum along the coastline, and Bafra, the rural district with the most agricultural lands."
Article_24,"Considering the results, the conversion of fertile lands to bare land and built lands will create future ecological problems and unproductive areas that cannot meet the natural food requirement."
Article_26,"Other cultivated areas of cropland, built-up, oil palm, and banana plantation covers increased by 21,360 ha (10.5%), 3152 ha (1.6%), 5721 ha (2.8%), and 1823 ha (0.9%), while dense forest, rubber and tea plantation covers decreased by -44,945 ha (-22.1%), -15,557 ha (-7.7%), and -110 ha (-0.1%), respectively, from 1986 to 2018."
Article_26,"Most of the deforestation and LULCC was caused by expansion of other cultivated areas of cropland by smallholders, contrary to the widely publicised narrative of agro-industrial and built-up areas expansion."
Article_26,"The spatial pattern of LULCC showed that expansion of other cultivated areas of cropland and agro-industrial plantations were highest in the north and east zones, respectively, while expansion of builtup areas and decrease in agro-industrial plantation covers were highest in the central, south and western coastal zones of Fako division."
Article_26,"The variations in the spatial patterns of LULCC between the sub-divisions are attributed to differences in rates of population growth and urbanisation, topography, size of farming population, proportion of cultivable land, socioeconomic opportunities, and strength and resilience of Abstract The old paradigm of horizontal expansion of agricultural land and built-up areas over highland and lowland ecosystems remains highly prevalent in Cameroon, causing significant changes in LULC and undermining the resilience and sustainability of social-ecological systems."
Article_26,"In addition, we explored the likelihood of Highlights • Most of the deforestation and LULCC was caused by expansion of other cultivated areas of cropland by smallholders, contrary to the widely publicised narrative of agro-industrial plantation and built-up area expansion from 1986 to 2018."
Article_26,"• Dense forest and rubber plantation covers decreased, while oil palm and banana plantation covers increased, owing to local economics and increase in local and international palm oil demand."
Article_26,"Introduction: Holistically, landscape as a geographical area is characterised by its biophysical contents of observable, natural, and human-induced characteristics, including ecosystem type and socio-cultural relations to areas at different spatial scales Decision-making in land use land cover change (LULCC) can be explained, to a large extent, by the socio-economic, climatic, and soil conditions of a location SES are integrated complex and adaptive systems, in which social and ecological sub-systems are coupled and interdependent, each a function of the other, expressed in a series of mutual feedback relationships Landscapes and their ecosystems are influenced by the institutions that govern their use and by the indigenous communities dependent on the forest resources The spatio-temporal patterns, processes, and causes of LULCC are still not well understood in land system science The old paradigm of horizontal expansion of agricultural land and built-up areas over highland and lowland ecosystems remains the norm in Cameroon, causing significant changes in LULC and undermining the resilience and sustainability of SES along its western highland region, where the study area of Fako division is located."
Article_26,"The biophysical landscape of the study area is composed of important lowland agricultural estates, mountain forests, and coastal mangrove ecological systems across its five sub-divisions, which are undergoing increasing transformation."
Article_26,The sub-region falls within the tropical rainforest zone with an equatorial monsoon climate.
Article_26,"The high annual rainfall and historical volcanic eruption of lava and ash contributes to the very high soil fertility in the sub-region, which is highly exploited for small-, medium-, and large-scale agricultural production activities."
Article_26,"The sub-region presents the best example of historically human-induced progressive conversion and changes in lowland dense forest and grassland cover in Cameroon, predominantly for plantation agriculture, a legacy of German colonial administration."
Article_26,Current urban sprawl dominated by housing development and expanding arable cropland and agro-industrial plantations in peri-urban areas are significantly transforming the landscape and producing varied social-ecological systems in Fako Division.
Article_26,"In the BUS, continuous expansion of human degradation activities such as land use conversion to agricultural uses impacts forests, woodland, and wetlands, with no productivity gain expected."
Article_26,"In Buea sub-division, dense forest cover decreased from 25,937 to 12,736 ha (-50.9%), that is, by 22.3% of the total land surface area, and at an annual rate of 0.7% (Table In Limbe sub-division, dense forest cover decreased from 12,675 to 9818 ha (-22.5%), that is, by 11.76% of the total land surface area, and at an average annual rate of 0.37% from 1986 to 2018 (Table In Tiko sub-division, dense forest cover decreased from 16,221 to 5179 ha (-68.1%), that is, by 23.8% of the total land surface area, and at an average annual rate of 0.67% from 1986 to 2018 (Table In Muyuka sub-division, dense forest cover decreased from 29,618 to 6859 ha (-76.8%), that is, by 47.4% of the total land surface area, and at an average annual rate of 1.48% from 1986 to 2018 (Table In West Coast sub-division, dense forest decreased from 17,565 to 6232 ha (-64.5%), that is, by 46.1% of the total land surface area, at an average annual rate of 1.44% from 1986 to 2018 (Table For LULCC at the sub-regional scale, mangrove forest, grassland, and montane forest increased from 14,971 to 20,155 ha (2.55%), 9062 to 9686 ha (0.31%), and 2795 to 28,733 ha (12.8%), respectively, from 1986 to 2018 (Table Under the GES analysis, sustainable land management (e.g."
Article_26,"creation of protected areas, community forest, council forest), and afforestation and reforestation (ecosystem restoration initiatives) were ranked as the most important measures towards LULCC reduction in all the subdivisions."
Article_26,"The likelihood of a potential change from one LULC to another was envisaged to be highest for mangrove forest, oil palm plantation, banana planation, water, dense forest, and other cultivated areas in Buea subdivision (Fig."
Article_26,"| Discussion: In the 1980s, landscape transformation in the study area was mainly dominated by conversion of lowland dense forest and grassland to agro-industrial plantations in a time of low population growth and low land and food demand, thus producing more resilient and adaptable SES."
Article_26,"In the 2000s, the historical hot zones for agro-industrial plantations that were initial sites of rapid dense forest cover conversion became attractive sites for conversion to built-up areas and other cultivated areas of cropland in the sub-region, following increased population growth and high land and food demand, thus producing less resilient and adaptable SES."
Article_26,"The spatial pattern of LULCC show some appreciable common decreasing trends in dense forest cover in all the five sub-divisions, with the decrease ranging from 11.76 to 47.4% from 1986 to 2018."
Article_26,"The increased LULCC from the year 2000 are associated with the dwindling resilience and adaptability of SES in areas closer to the sea and national road networks in the sub-region, where social systems such as student villages, residential suburbs, migrant settlements, and farming and fishing village communities have developed and expanded at the detriment of ecological systems such as lowland forests, grassland and mangroves."
Article_26,"Consistent with this result, forest cover loss showed increasing trends in four community forests in Fako division from 2001 to 2018, due to mainly to agricultural expansion, illegal exploitation of wood and non-wood products, and weak governance The decrease in rubber plantation cover, ranging from 1.08 to 13.2% across all the sub-divisions, is indicative of changing global commodity consumption patterns and falling commodity product prices in the export market, consistent with the observations of The population of Fako division has almost doubled over the last 30 years, that is, from 248,032 inhabitants in 1987 to 466,412 inhabitants in 2005 with a growth rate of 4.89, compared to a national average of 2.59%."
Article_26,Urban sprawl remains the dominant and widely prevailing form of urban growth in the sub-region.
Article_26,"Buea and Limbe sub-divisions have higher population growth rates (> 4.5% compared to 2.59% national average), urbanisation rate, socio-economic attractions, business growth rate, and traffic density than Tiko, Muyuka, and West Coast sub-divisions with significantly more agrarian local economy."
Article_26,"Beyond 2000, much of the expansion in built-up areas and other cultivated areas of cropland occurred more in non-forest than forest areas in Buea and Limbe subdivisions, leading to a decrease in the area cover of agro-industrial plantations."
Article_26,"Built-up land expansion due to urban growth usually occurs at the expense of ecological land cover classes in many developing countries In addition, the rapid population growth is causing high land value and increasing competition for farmland, leading to increased food prices, and threatening food security in Buea and Limbe sub-divisions."
Article_26,"In particular, the rapid population growth rate due mainly to migration is triggering unprecedented progressive land tenure change from public land tenure to customary tenure and private land ownership since the 2000s to meet up with the increasing land demand for housing and farmland development."
Article_26,"The wellintended government development strategy of land redistribution (land reform) has increased land and land use conflict, systematic land grabbing by local elites, wealthy business owners and decentralised government administrators, and exacerbated forest clearing and land use conversion for personal gains, consistent with the results of The old paradigm of horizontal expansion of smallholder cultivated areas of cropland and agro-industrial (including non-industrial oil palm) plantations remains the main form of agricultural growth in the sub-region."
Article_26,"It occurs in both non-forest and dense forest areas, mostly in West Coast, Muyuka, and Tiko sub-divisions of the sub-region, with higher farming population and poorer socio-economic development."
Article_26,"Smallholder land use decision-making in terms of survivalist, subsistence-oriented, and market-oriented types are more likely found in areas with higher poverty levels and overall lower levels of socio-economic development Results on the spatial distribution of LULCC in the sub-region indicated dense forest cover and other cultivated areas of cropland, respectively, decreased and increased the highest in the Northern and Eastern zones, located in Muyuka (-47.4% and 16.2%) and Tiko (-23.8% and 11.9%) sub-divisions from 1986 to 2018."
Article_26,"In both sub-divisions, the topography is relatively low-lying, high farming population, and large proportion of cultivable land favoured the conversion of dense forest to cocoa, arable cropland, and agro-industrial plantations."
Article_26,"In the northern zone, the on-going armed conflict in Anglophone Cameroon is causing more and more people to seek semi-permanent refuge in the forests, clearing more forest land to expand farmland and semi-permanent settlements."
Article_26,"In general, the lowland ecological systems in the subregion experienced tremendous transformation due to greater vulnerability to overwhelming human pressure, undermining their resilience and sustainability."
Article_26,"The lowland dense forest and grassland covers were converted to other land uses, mainly other cultivated areas (10.51%), oil palm (2.82%), banana (0.92%) plantations, and built-up areas (1.6%)."
Article_26,"In the lowland ecological systems, LULCC mostly increased with nearness to the Atlantic Coastline and settlements, and along national road networks and major markets linking main cities, towns, and villages in the sub-region, emphasising the vulnerability of lowland and coastalland boundary ecosystems."
Article_26,"Consistent with this study results, On the other hand, the conversion of dense forest to other land uses was lower (-13,201 ha and -22.3%) in the mountain ecological systems in Buea sub-division, indicating their greater resilience to human-induced change relating to deforestation and forest degradation, and lesser vulnerability to agricultural expansion activities compared to lowland areas of Muyuka and Tiko sub-divisions."
Article_26,"The results confirm the hypothesis that LULCC decreased with increase in elevation of Mount Cameroon (4095 m), a biophysical barrier in the northwest zone, emphasising the resilience of the mountain ecosystem in the sub-region."
Article_26,"This is consistent with the findings of | 338: Page 20 of 23 The expansion of agricultural and croplands is consistent with government policy encouraging more youths to engage in agriculture as a means of employment, with the aim of increasing national GDP from export earnings, food security, nutrition diversity, household income, and local economic resilience."
Article_26,"Consistent with this result, The stakeholders emphasised that population growth and sustainable land management, respectively, are the main drivers of increased and decreased degradation under the BUS and GES in the subregion."
Article_26,"The increase in other cultivated areas of cropland, oil palm plantations and built-up areas, and decrease in dense forest and rubber plantation covers dominated the LULCC in the sub-region from 1986 to 2018."
Article_26,"However, most of the deforestation and LULCC was caused by expansion of other cultivated areas of cropland by smallholders, contrary to the widely publicised narrative of agro-industrial and built-up areas expansion."
Article_26,"Expansion of other cultivated areas of cropland, oil palm, and banana plantations were highest in the northern and eastern zones located in Muyuka and Tiko sub-divisions, respectively."
Article_26,"The low-lying topography, higher proportion of cultivable land, farm labour, and predominantly agrarian local economy favoured horizontal agricultural land expansion more in the northern and eastern zones of the subregion."
Article_26,"The increase in built-up areas was highest in Page 21 of 23 338 the central, south, and western coastal zones due to rapid population growth, unregulated urbanisation, and better socio-economic opportunities in Buea and Limbe sub-divisions."
Article_26,"Due to the rapid unregulated urbanisation, urban sprawl was the dominant mode of urban growth in the sub-region."
Article_26,"Oil palm and banana plantations, mangrove, and montane forests showed appreciable resilience to human transformation activities in the sub-region."
Article_26,"Population growth, agricultural and farmland expansion, and infrastructural development were ranked as the three most important drivers of degradation under the BUS, while sustainable land management, good governance, and afforestation/reforestation were ranked as the three most important predictors of LULCC reduction under the GES."
Article_26,"LULCC decreased with increase in elevation of Mount Cameroon (4095 m) in the northwest zone, but increased with nearness to the Atlantic Coast in the western zone and national road networks, emphasising the resilience of the mountain ecosystem and the vulnerability of lowland and coastal-land boundary ecosystems."
Article_26,"The west and south facing slopes of Mount Cameroon harbours high value forests with high endemism and conservation attractiveness, and remains a key biodiversity hot spot, watershed providing clean water, healthy soil and regulating the climate in the central Africa sub-region and beyond."
Article_26,"In general, production and living land covers significantly increased at the expense of ecological land covers."
Article_27,"The outcomes revealed that most urbanization occurred in the outskirts of the cities, where previously there were bare soil lands."
Article_27,The main drivers of urbanization were population growth and economic development.
Article_27,"The Northern Border Region is a critical ecological and economic zone that encompasses a variety of land uses and covers, including urban areas, agricultural lands that has not been used, and natural ecosystems."
Article_27,It is recognized for its fertile grazing plains.
Article_27,The built-up area increased from 1990 with 21 km 2 wide to 2022 with 132 km 2 wide area.
Article_27,Vegetation also increased from 1990 at 1 km 2 wide to 2022 at 23 km 2 wide.
Article_27,The results showed that urban areas increased by approximately 628% between 1990 and 2022.
Article_27,"It is a predictable situation because the increment of human activity, such as construction and urban development, will continue to drive growth."
Article_27,The results showed that there had been a significant increase in urbanization and a decrease in bare soil and green spaces during this period.
Article_27,"Most of the urbanization occurred in the outskirts of the cities, where previously there was bare soil."
Article_27,The main driver of urbanization was population growth and economic development.
Article_27,The finding showed how human factors and processes have greatly affected the shapes and disappearance of many forms of the Earth's surface between 1990 and 2022.
Article_28,"LU/LC change significantly affects the hydrology of the landscape, caused by anthropogenic activities."
Article_28,"LU/LC analysis shows that there was a drastic decrease of grassland by 15.64% and shrubland by 9.56% while an increase of agricultural land and settlement by 18.01% and 13.01%, respectively, for 30 years."
Article_28,": e Upper Baro Basin is found in southwestern Ethiopia located at 766 km away from Addis Ababa, the capital city of Ethiopia, between latitudes 7.44 °and 9.41 °N and longitudes 34.52 °and 36.31 °E, covering an area of 23462 km 2 ."
Article_28,e altitude ranged from 390 m to 3266 m above sea level (Figure e Upper Baro basin has a long rainy season in the months of May-September.
Article_28,"e annual average rainfall is varying from about 1163.03 mm to over 2258.36 mm with a monthly maximum rainfall record of 302.79 mm in August, while relative mean monthly rainfall for dry seasons occurs between December and March (Figure e topography of the Upper Baro Basin is characterized by variation from flat to mountainous terrain and falls in the altitude range of 390 m to over 3000 m a.m.s.l."
Article_28,with 42% in between 1000 m and 2000 m a.m.s.l.
Article_28,e eastern two-thirds of the basin area lies between 1000 m and 2400 m a.m.s.l.
Article_28,and a gently sloping plain lies in the west between 380 m and 500 m a.m.s.l.
Article_28,Dystric nitisols and dystric gleysols are the dominant soil type in the study area.
Article_28,"Model evaluation classifies as follows: (i) 0.75 < NSE < 1.00, PBIAS < ±10-better predictor (ii) 0.65 < NSE ≤ 0.75, ±10 < PBIAS < ±15-good (iii) 0.50 < NSE ≤ 0.65, ±15 < PBIAS < ±25-satisfactory (iv) (NSE ≤ 0.50, PBIAS >±25)-unsatisfactory | Results and Discussion: e results obtained for 1987-2002 reveal that forest land covers 36.74% and followed by grassland, 19.77% and shrubland and woodland also cover 19.76% and 11.32%, respectively."
Article_28,"Between 2002 and 2017, the distribution of forest cover demonstrates highest in the catchment, which covered 33.33%, followed by agricultural land and shrubland, with the value of 15.6%, 15.1%, respectively."
Article_28,"Forest land and shrubland decreased after 1987-2002, with -3.41% and -4.65%, respectively (Figure In the last 30 years, the study displays an increase in agriculture, bare land, urban, and shrubland, whereas the forest, grassland, water, and wetland were noted declined."
Article_28,Agricultural land increased by 18.01% during the study period.
Article_28,"is is due to the increase of population growth that causes the increase in demand for cultivation land for different agricultural products like cereal crops, field crops, industrial crops, whereas the forest area was diminished."
Article_28,It is evident that land cover changes had occurred between 1987 and 2017.
Article_28,"Forest cover had decreased from 36.74% to 31.21%, attributable to logging for timber, firewood, and clearing for agricultural purposes."
Article_28,"In contrast, the agricultural area increased over the years from 8.81% to 26.81%."
Article_28,"Similarly, grasslands and bushes have also been converted to agricultural areas."
Article_28,Land use/land cover change over the last 30 years also affect the soil and soil properties in the study area significantly.
Article_28,"For example, forest land declined and agricultural land is increased."
Article_30,"Whilst substantial forest areas were lost along the pipelines, this is only part of the story, as afforestation has also happened in parallel."
Article_30,Myanmar possesses some of the largest remaining forest areas in Asia.
Article_30,(2017) found that 63% of Myanmar was covered by forests in 2014.
Article_30,"Nevertheless, the country is suffering from significant annual forest loss due to infrastructure development, firewood overexploitation, illegal logging, shifting cultivation, and an expansion of agricultural lands in this context, the country has been said to suffer from limited institutional capacity to deal with these issues | Study region: The study region is located along the China-Myanmar Oil and Gas Pipelines in Ann township of Kyaukpyu District in Myanmar's western-most state of Rakhine (See Fig Land use in the Kyaukpyu District consists of forested and cultivated land, scrubland, nonforested land and cultivable wasteland, as well as protected land area."
Article_30,Some of the land has never been used for cultivation and may or may not be covered by forests.
Article_30,This type of land occupies approximately 53% of the region.
Article_30,"Rural, urban, and industrial land use constitutes only 1% of total land use."
Article_30,"Table The LULCC map with major land conversion classes, depicting land cover conversion and non-conversion between 2010 and 2012 along the pipelines is shown in Fig 6 ."
Article_30,"Table Conversely, the transformation of scrubland was mostly associated with forests, accounting to 238 hectares."
Article_30,"Additionally, 59 ha of agricultural land, 44.5 ha of infrastructure development areas, and 19.5 ha of residential areas were converted into forests."
Article_30,"This can be attributed to the recent reforestation efforts by the forest department in order to achieve the country's goal of restoring 12 million hectares of forests by 2030 Fig Accordingly, substantial forest conversions took place mainly within the center of the study area where concentrated infrastructure development activities are located, indicating a direct link between the location of the pipelines and the large-scale forest decline."
Article_30,"In the center of the study area, surrounding the pipelines, forests to infrastructure development conversion spread more southward, and forest to residential area conversion occurred in the northern part of the study area."
Article_30,"Although the intensity of change can be different given the diverse ecosystem conditions and land cover types across Myanmar, similar occurrence of LULCC can be predicted in other areas along the pipelines."
Article_30,"Notably, forests experienced a rapid decline and several conversion patterns."
Article_30,"From 2010 to 2012, a large area of forests was converted into anthropogenic use, agricultural land, and scrubland (deforestation) and an extensive area of scrubland and agricultural lands was converted into forests (due to afforestation efforts)."
Article_30,"The deforestation process mostly resulted from the expansion of infrastructure development (i.e., the construction of pipelines and related activities)."
Article_30,(2) How much forests have been lost during the study period?
Article_30,Analysis reveals that forests have undergone continuous change and have witnessed a dramatic decline leading to the loss of 16.9 hectares of (-2.45% net decline) forest during this two-year period.
Article_30,LULCC included an expansion of anthropogenic disturbances in the form of pipelines construction and residential areas as well as a reduction in forests and scrublands.
Article_30,The transition from forests and scrublands into human development areas is the usual LULCC pattern.
Article_30,"Although both, deforestation and afforestation occurred in the area, large-scale development of fast-growing trees appears to dominate forest restoration, i.e."
Article_30,"Changes in forested areas were very high near the pipelines, but this dropped off to virtually nil at the edge of the study area, indicating a linear relationship between forest loss and the construction of pipelines."
Article_31,This also triggers the arrival of residents from other areas to Ambon City and will have an impact on increasing the provision of land for settlements.
Article_31,"The results show that the type of built-up land cover and open land continued to increase in area, while agricultural and non-agricultural areas continued to experience a decrease in area and water bodies did not experience a decrease in area."
Article_31,It also triggers the arrival of residents from other regions to Ambon City to settle and have economic activity in Ambon City and will have an impact on increasing the provision of land for settlements.
Article_31,"More details of this research workflow described in Figure | RESULTS AND DISCUSSION: | Land Cover Development in downtown: Ambon City area in 2001, 2011 and 2021 Built-up land and open land in the central area of Ambon City in the 2001-2021 period continued to experience a significant increase in area, in contrast to types of non-agricultural and agricultural land cover which experienced a reduction in area."
Article_31,"This is influenced by the increase in the number of residents in Ambon City in line with the increase in human activities in various sectors, especially the economic sector, so that the need for land resources will also continue to increase."
Article_31,"The high population increase in the central area of Ambon city can increase the need for land that is realized in the form of physical development, economic facilities or social facilities."
Article_31,Accuracy tests were carried out using existing land cover data for 2021 as reference data | Land Cover Simulation Model 2041: The complete transition probability matrix to 2041 can be seen in Table Based on the results of land cover modeling of the central area of Ambon City in 2041 using the Cellular Automata Markov Chains method can be seen in Figure Predictions of land cover changes in the central area of Ambon City in 2041 were made to compare with RDTR land cover of the central Ambon city area in 2021-2041 (Figure Increasing the area of residential land in the Central Region of Ambon City from year to year will cause a decrease in the carrying capacity of the environment | CONCLUSION: It can be concluded that spatially the land cover in the Central Area of Ambon City has undergone significant changes.
Article_31,"From 2001, 2011 and 2021, built-up land has continued to increase and increase in area, as well as open land which has increased in area."
Article_31,The direction of development of built-up land tends to follow the topography and road network.
Article_31,"In contrast to the cover of agricultural and non-agricultural land, it continues to change into built-up land due to the increasing need for land every year."
Article_32,Soil Se retention increased after cropland abandonment mainly due to SOC accumulation.
Article_32,"In this context, land use/land cover change, e.g."
Article_32,"Land use/land cover had significant influences on Se phosphate (P < 0.01, Fig."
Article_32,"Se phosphate , to total Se in the studied region is on average 12.9 ± 0.8%, which is higher than that reported for Enshi soils (<5%) | Land use/land cover impact on soil Se abundance and bioavailability: In the current study, both soil Se total and Se phosphate showed a tendency to increase along the sequence of cropland, grassland, shrubland, and secondary forest (Fig."
Article_32,"Our findings suggest that the abundance and potential bioavailability of Se in topsoil would substantially increase after cropland abandonment in the karst Se-enriched area of southwest China, mainly due to SOM accumulation."
Article_33,"| The Asturias Central Area (Spain): The Asturias Central Area is a rural-industrial-urban area located in the heart of Asturias, in Northern Spain (Fig."
Article_33,"The area within the triangle formed by the three cities has also been the subject of important LUC dynamics, with the emergence of new industrial and residential developments, attracted by the accessibility that the area's extensive transport network provides | Ariège Valley (France): The Ariège Valley area consists of the central part of the valley formed by the River Ariège, which is situated is in the department of the same name about 70 km south of Toulouse (Fig."
Article_33,"In the past, the Ariège Valley was a centre for industrial and mining activities while today it is mainly rural."
Article_33,Tourism is increasingly common.
Article_33,"The most notable LUC dynamics are reforestation and the increase in built-up areas, which are mainly concentrated along the river."
Article_33,"A colonization programme by the Mexican Government in the 1970s encouraged the establishment of farming communities in forest-covered areas, promoting agriculture, agroforestry (cacao) and cattle ranching, which is currently the most important business activity."
Article_33,"Over the last 40 years, Marqués de Comillas has suffered a dramatic loss in forest cover; in the mid-1980s, forests occupied 83% of the region, while today, this has fallen to just 29%, less than half of which are well-preserved forests."
Article_33,"The landscapes are now made up above all of mosaics of agricultural lands, cattle pastures and human settlements."
Article_33,"Areas without a specific cover, such as areas of bare rock or bare soil, are also regarded as land covers."
Article_33,"Bare rock, on the other hand, often hosts no land use of any kind."
Article_33,"Whereas land covers are usually visible in aerial or satellite images, land uses are more difficult to distinguish."
Article_33,"On the contrary, when an area changes, the new land use or cover tends to remain unchanged over time."
Article_33,"In the best cases, they are around 80%."
Article_33,"In these cases, the identification of homogenous areas becomes a much more complex task."
Article_33,"Apart from the port, most of the growth in industrial land took place in the south of the city."
Article_33,"The same is true for urban fabric, with the construction of a new residential development in Roces."
Article_33,"For instance, a given forest category could show an absolute change of -2 ha, which could be erroneously interpreted as very little change, but in fact is the result of two opposing processes: the deforestation of 202 ha compensated by the reforestation of 200 ha."
Article_33,"During the period 2000-2018, the built-up area is increased by 1840 ha, and agriculture lost 1987 ha."
Article_33,"Over the period 2000-2018, the area covered by these categories increased by around 2.5% a year."
Article_33,Kappas above 0.9 indicate very high agreement.
Article_33,"However, the proportion of near-to-road transitions is approximately the same."
Article_33,"scrubland is the only category with net losses and no net gains), the changes in agriculture and pasture land are almost all losses (1.05), with just a few small gains (0.08%) from scrubland."
Article_33,"During the first stage of this process, the overall rate of land use change over each time interval is analysed to assess whether change was relatively fast or slow."
Article_33,"To this end, the average annual rate of change for each time interval is compared with the average annual rate of change for the whole period."
Article_33,"For example, Category 1 showed the highest intensity in terms of land use gains, while Category 4 underwent more intense gains and losses than the average."
Article_33,These results show that land use change did not occur at the same uniform rate over the course of the study period and there was more change in the second interval.
Article_33,"In spite of the fact that the change potential is twice as high in the areas that changed to Category 1 than in those that did not change, the absolute potential (about 0.43) is quite low."
Article_33,"In spite of the fact that the change potential is twice as high in the areas that changed to Category 1 than in those that did not change, the absolute potential (about 0.43) is quite low."
Article_33,This makes sense because of the lower degree of fragmentation and the greater generalization of CORINE compared to SIOSE.
Article_33,"In the process of expansion of urban fabric and industrial areas, some patches of agricultural and vegetation areas could become isolated, so increasing the fragmentation of the category."
Article_33,"In the real world, however, changes in urban and industrial areas tend to happen at the same time over entire cadastral parcels."
Article_33,"On the contrary, as we discovered in the previous exercise, the pattern of the whole landscape remains very similar."
Article_33,"With the exception of highly dynamic environments, in most of the study areas we might wish to assess, change affects less than 5% of the landscape."
Article_33,Agricultural areas (Category 0; GOF 0.783) and vegetation areas (Category 1; GOF 0.800) also show high levels of agreement.
Article_33,"| Execution: Step 1 First, we extract forests in 2000 (Fig."
Article_33,that did not exist in 2000) which are contiguous with forests that existed in 2000 and others that are not.
Article_33,"The categories were allocated hierarchically according to their socioeconomic value: settlements were allocated first, followed by croplands, forest and grasslands."
Article_34,"Most changes happened to brush/grasslands, mixed forest lands, farmlands and urban/developed lands."
Article_34,Urban/developed lands and the mixed-forest cover gained while farmlands lost.
Article_34,"Changes from 2012 to 2100 showed that urban/developed lands, as well as brush/grasslands, would continue to gain, while farmlands would lose, although the projected landscape texture would likely be identical to the 2012 landscape."
Article_34,"Land cover consists of natural or human-related physical features, such as vegetation, soil, water bodies and urbanization identifiable on the Earth's surface."
Article_34,The last map was created by determining the relative frequency with which different land cover type occurred within the state that transitioned from 2007 to 2012.
Article_34,The overall accuracy measured using the confusion matrix is 0.91 (or 91%) (Table | Prediction of Land Use Change in 2100: Figure | Discussion and Conclusions: Our results from the analysis of 2007-2012 LULC change show that the rate of change in New Jersey in this five-year period is rather small considering the size of our study area.
Article_34,They include urban/developed lands and mixed forest.
Article_34,"In many developing countries, such as Kenya or Nepal, the rate is much higher In other parts of the world, the rate of LULC change can be extensive."
Article_34,One of them is the slowdown of urban expansion.
Article_34,"Our model showed a net decrease in farmland, as well as coniferous and deciduous forests, but an expansion of the mixed forest (with both conifers and deciduous trees)."
Article_34,"The direct causes of these trends include the abandonment of farms and rapid rural development and urban expansion into the New Jersey Pine Barrens and deciduous forest areas in the northern region of the state Our prediction from 2012 to 2100 shows that any increase in the mixed-forest cover is short-lived, and there will be an overall decrease in this habitat type, but an increase in brush/grassland."
Article_34,"Some states are experiencing higher immigration rates of the population, while others are experiencing out-migration"
Article_35,"Carbon stock change, N 2 O, and rice CH 4 on Tier 3 soils (SM Sect."
Article_35,"| Alaska, Hawaii, and US territories: Alaska, Hawaii, and US territories comprise nearly 20% of the total US land base (nearly all of this in Alaska), but they are not completely accounted for in the US NGHGI."
Article_36,It is also one of the important rice-growing regions of Iran.
Article_36,"In recent decades the catchment has been subjected to environmental issues like urban sprawl and gradual land degradation | Materials and methods: | Study area: The catchment of the Anzali wetland is located in the Gilan province of Iran on the southern coast of the Caspian Sea (36 • 54'-37 • 28' N, 48 • 48'-49 • 37' E; fig."
Article_36,The Anzali wetland catchment is composed of two types of landforms; a lowland area in the north-east and a mountainous area in the south-west.
Article_36,The land use of the catchment is dominated by agricultural land with fertile and productive soil types at lower elevations.
Article_36,About 70% of the agricultural area is under rice plantation and the remaining is mostly rain-fed agriculture.
Article_36,Hyrcanian forests are mostly at higher elevations and grassland can be found on the western and southern borders of the catchment.
Article_36,"Urban area is scattered mainly from the east where the capital Journal Pre-proof J o u r n a l P r e -p r o o f city of the state, Rasht, is located, to the center of the catchment in proximity to areas that are suitable for agriculture."
Article_36,The Anzali wetland catchment consists of nine main streams that drain into the Anzali wetland.
Article_36,The entire Anzali wetland catchment consists of 64 sub-basins and 1826 HRUs.
Article_36,"The same method was used in similar studies (e.g., | Results and discussion: | LULC change analysis: In the year 1990, the upper part of the Anzali wetland catchment is dominated by forest (45.8%), followed by agricultural land (40.8%) in the middle and lower part."
Article_36,Grassland covers 8% and is mostly found at the border of the forest coverage.
Article_36,"Wetland, water, and urban areas accounted for 2.5%, 1.4%, and 1.5% of the catchment in 1990."
Article_36,"Comparing the LULC data of the years 1990, 2000, and 2013, the most obvious LULC changes occurred in the agricultural and forest land use classes (Table (177.8km²), 12.5% was grassland (29.3 km²), and 11.4% was wetland (26.7 km²)."
Article_36,"Forest, grassland and wetland showed a decline by -6.8% (227.4 km 2 ), -1.0% (33.4 km 2 ), and -0.7% of the catchment area (23.4 km 2 ), respectively."
Article_36,Most of the lost forest area was converted to agriculture (91%) and about 9% was converted to grassland.
Article_36,The lost wetland was entirely (100% of the area) converted for agricultural purposes.
Article_36,"Urban area changed the most in relative terms among all the LULC classes, increasing to 100% in 2013 as compared to 1990."
Article_36,"However, the expansion of the urban class is not substantial with respect to the total area of the catchment, i.e., an increase of 1.5% (50.2 km 2 )."
Article_36,A possible reason for the increase in ET is the conversion of forest to irrigated paddy fields.
Article_36,"Also, a positive impact on SURQ and WYLD can be observed as almost 80% of the irrigation water for the expanded rice fields are taken from outside the catchment (Sefidrood river)."
Article_36,The increase of ET is due to the increased irrigated agriculture The decrease of ET shows the ability of forests to produce higher values of ET during the nonirrigated months than the agriculture.
Article_36,"In sub-basin 16, the expanded agriculture area resulted in an increase of WYLD by up to 17.6 mm in July 2012."
Article_36,The increased WYLD leads to a higher sedimentation rates during the irrigated months.
Article_36,"In those sub-basins where the agriculture area increases at the expense of wetland area (e.g., sub- expected, as irrigation water does not add to WYLD anymore."
Article_37,Spatio-temporal impact assessment of land use / land cover (LU-LC) change on land surface temperatures over Jaipur city in India Urban development has consequently given rise to the empirically observed phenomenon of the urban heat island (UHI).
Article_37,The average rise in temperature during winter season was found to be around 2.6 °C while 1.47 °C rise was observed during summers.
Article_37,"Being heading to a metropolitan from developing city, Jaipur has been selected as the study area (Figure With varied topography; having Nahargarh hills in the north and Jhalana (a part of Aravalli hills) in the East, the growth of built-up area has been boosted mainly in the south, southwest and west."
Article_37,It is also observed that vegetation increment mainly observed in the Eastern part of the study area (Aravalli hill ranges).
Article_37,Aravalli hill ranges comprise of exposed rocks.
Article_37,"Even the Aravalli hill ranges covered with vegetation cover, the exposed rocks which have caused direct exposure of rocky area to sunlight."
Article_37,"The area with blue color represents the high imperviousness within the urban boundary, which seems to have enhanced over the period of time."
Article_38,"The total watershed area is 94,578 ha."
Article_38,"The agricultural land in 1990 was 41,587.21 ha which increased to 57,868.95 ha in 2019 with an average growth rate of 39.15%."
Article_38,"The forest land, range land, and grass land declined annually with rates of 48.38%, 19.58%, and 26.23%, respectively."
Article_38,"The predicted LULC map shows that the forest cover will further degrade from 16.94% in 2019 to 8.07% in 2050, while agricultural land would be expanded to 69,021.20 ha and 69,264.44 ha in 2035 and 2050 from 57,868.95 ha in 2019."
Article_38,"Converting the forest area, range land, and grass land into other land uses, especially to agricultural land, is the main LULC change in the future."
Article_38,"The basin is located within the region of Oromia, Amhara and Benishangul-Gumuz of Ethiopia."
Article_38,The Nashe watershed is the major tributary from the left bank within the UBNB of Ethiopia which is situated at about 300 km from Addis Ababa.
Article_38,"The observed average temperature of the catchment is 22 • C. The watershed area is categorized by intensive irrigable lands at the downstream, large water potential sites at the upstream, and also with high head of hydropower potential."
Article_38,Agriculture is the leading financial activity in the watershed and the main source of livelihood for the local population.
Article_38,"| Forest Land: Areas covered with dense trees (deciduous forests, evergreen forests, mixed forests)."
Article_38,"| Range Land: Includes areas covered with small trees, less dense forests, bushes, and shrubs."
Article_38,These areas are less dense than forests.
Article_38,| Grass Land: Areas covered by grasses are usually used for grazing and those remain for some months in a year.
Article_38,"The evaluation of spatial and temporal changes between various classes during the period 1990, 2005, and 2019 was analyzed (Figure Although forest land, range land, and grass land experienced reduction in coverage throughout the study periods, the greatest reduction rate was observed in forest land."
Article_38,"The findings of the study are consistent with other studies conducted in Ethiopia by the authors of | Driver Variables of LULC Change: The driver variables influencing changes are based on spatial analysis and added to the model either as static or dynamic components Although forest land, range land, and grass land experienced reduction in coverage throughout the study periods, the greatest reduction rate was observed in forest land."
Article_38,"The findings of the study are consistent with other studies conducted in Ethiopia by the authors of | Driver Variables of LULC Change: The driver variables influencing changes are based on spatial analysis and added to the model either as static or dynamic components | Driver Variables of LULC Change: The driver variables influencing changes are based on spatial analysis and added to the model either as static or dynamic components From Table | Transition Probability Matrix (TPM): Transition potential modeling is assessing the likelihood of LULC change from one class to another depending on the suitability transition of area and the presence of driving forces In 2005-2019, especially since 2012, a dam on Nashe River was built for irrigation and hydropower purposes."
Article_38,The displacement of communities occurred from their land during the expansion of hydropower projects and the displacement caused land scarcity.
Article_38,"The lowland areas of the watershed was covered with forests, range lands, and grass lands before 1990 even before 2005."
Article_38,"Currently, however, a great decline of forest cover is occurring because of urbanization and agricultural land expansion."
Article_38,"In recent times, the expansion of urban areas has been continuously increasing at the highest rate."
Article_38,Agricultural land will be the predominant LULC type.
Article_38,It was seen from the result as the area of agricultural land increment from 61.19% in 2019 to 72.98% in 2035 and 73.24% in 2050.
Article_38,"This was mainly caused by converting forest, range, and some parts of grass land."
Article_38,Agricultural land increased significantly from 1990 to 2035 and then slowly from 2035 to 2050 (Figure Ref.
Article_38,"The analysis of LULC change shows that forest cover has been decreasing, as well as the high increasing rate of urban area and agricultural land."
Article_38,"This will increase vulnerability of the watershed to landslides, soil loss, gully erosion, worsened air pollution, and impact the hydrology of the studied watershed in particular and the Blue Nile Basin The forest land and range land show a decreasing trend from 2019 to 2035."
Article_38,"Unfortunately, the grass land, range land, and agricultural land will slightly increase from 2035 to 2050."
Article_38,"The major contributing factors to LULC change were the expansion of hydropower and irrigation projects, mostly at the downstream, for expansion of a sugar factory."
Article_38,The scarcity of jobs and urban expansions in the catchment amplified the socio-economic activities for LULC changes.
Article_38,"In the watershed, the downstream and partly at the upstream areas, which were previously covered by forests and range lands, have been converted to agricultural land and commercial crop farms."
Article_38,"Forest reduction also occurred as a result of using charcoal and firewood as the energy source for most of the people living around the watershed, who depend on fuel wood."
Article_38,"Additionally, most of the evacuated population during the construction of Nashe and Amerti projects were involved in converting the forest land to agriculture and settlement."
Article_38,"Illegal and unplanned settlements by the local people to expand agriculture and settlement also contributed to destruction of forest land, range land, and grass land."
Article_38,"The expansion of one LULC type occurs at the detriment of other LULC classes From the temporal patterns of the changes between 1990 and 2019, forest land decreased at a higher rate."
Article_38,"Similar to the historical analysis of LULC change, the predicted results of forest, grass, and range land classes were registered net loss in the area from 1990 to 2035."
Article_38,"Whereas, the range land and grass land smoothly gained from 2035-2050."
Article_38,"The analysis of LULC change shows that forest cover has been decreasing, as well as the high increasing rate of urban area and agricultural land."
Article_38,"Settlement expansion, agricultural expansion, firewood extraction, land tenure policy, and infrastructure development were the top LULC change drivers."
Article_39,Urbanization and industrialization are one of the major factors to increase temperature.
Article_39,Asansol sub-division is one of the important industrial and urbanized regions of eastern India.
Article_39,The changing land use and land cover patterns show that the coal mine areas have been increased by 15% and urban areas also increased by 60%.
Article_39,It occupies 836.80 Km 2 areas and had a population of 16.72 lakhs in 2011.
Article_39,The southern and northern part of the study area is bounded by Ajay and Damodar River.
Article_39,"With the increase of human demand, coal mines, industries as well as urban area will rapidly increased in the test region, so there will be huge chance of increasing temperature of the above mention landuse regions."
Article_39,"The changing trend of ground surface temperature depicts that maximum and minimum temperature during the summer season has been increased about 0.15 °C and Moreover, the unused fallow land should be converted into vegetation land so that increasing surface temperature will be under control."
Article_39,"In the urban areas, more vegetation should be planted and more parks should be constructed with dense vegetation like Chittaranjan."
Article_40,"By taking Southeast Asia as an example, Figure To illustrate the variations in grassland areas across different future scenarios, we concentrate our focus on the Tibetan Plateau, a representative steppe region (see Figure Along with this environmental shift, intensive animal husbandry is forecasted to persist in this region, which is characterized by a growing population with an unabated demand for animal products and feed."
Article_40,"This interplay of socio-economic and environmental factors contributes to relative stability in grassland area extent, forestalling any drastic reductions."
Article_41,The results revealed that the annual population growth together with social-economic development was regarded as major drives for land conversion in the area.
Article_41,"The predicted map showed a significant decrease trend in the forest classes by 2025, accounting for 23 thousand ha."
Article_41,"However, residential areas, rubber, and agricultural land classes are predicted to rise to 460 ha, 3,000 ha, and 20,000 ha, respectively."
Article_41,"In recent years, Dak Nong has experienced a burst in population growth resulting in high demand for agricultural land and urban expansion causing natural forest degradation."
Article_41,"Besides, the Kno index is regarded as the most important parameter which is used for evaluating the overall of a model The LULC map for the year 2025 presented in Figure It is recognizable that the decline in the natural forests may be due to population growth, the expansion of residential areas, and the demand for agricultural land increases."
Article_41,"Moreover, the transition of a natural forest area into other land-use types such as grasslands, bare land, shrubs (3,000 ha) is also the reason for the decrease of forest area."
Article_41,"From this study, the findings revealed that the majority of land conversion in Dak Nong is natural forests to residential areas and agricultural land since the province experienced an increase in population as well as socialeconomic growth."
Article_41,"The simulation illustrates that the 2025 projected map indicates the trend observed from 2009 to 2018, revealing that the natural forest area will continue to decrease by more than 23 thousand ha."
Article_41,"By contrast, rubber, residential area, and agricultural land are predicted to increase by approximately 460 ha, 3000 ha, and 20,000 ha, respectively."
Article_42,"This category includes forest areas, agricultural areas, and large-scale plantation schemes such as orchards."
Article_43,"Tropical Coastal Land-Use and Land Cover Changes Impact on Ecosystem Service Value during Rapid Urbanization of Benin, West Africa West African coastal areas including the Beninese coastal zones have undergone an intensification of socio-economic activity in the last few decades that has been strongly driven by the effects of rapid urbanization."
Article_43,"Scientific assessment of the concept has concerned scholars around the world since the last decade, and it has recently been discussed in the context of Sustainable Development Goals (SDGs), which call for synchronized international efforts towards a more resilient and rational use of ecosystem services The assessment of ecosystem services covers the loss or benefit costs of preserving a given amount or quality of an ecosystem service and is an integral part of the conservation decision-making process Coastal zones are the transitional areas between sea and land and are an important geographic zone both in terms of resources and human habitation Changes in LULC are among the main driving factors of ESV fluctuation Benin is a West African country located in the Northern hemisphere."
Article_43,"It is bounded by Togo to the west, Burkina Faso and Niger to the north, Nigeria to the east, and Bight of Benin to the south."
Article_43,"The coastal zones of Benin are experiencing urbanization, with the intensification of human activities."
Article_43,"In 2020, forest land occupied 68.3%, while artificial surfaces occupied 6.7%, and farmland 11.6%."
Article_43,"The greatest reduction was recorded in forest land (10.2%), followed by grassland (2.1%)."
Article_43,From the spatial distribution of Figure It can be seen that farmland and artificial surfaces have increased while the other land-use types decreased during our study period.
Article_43,The expansion of farmland (643.66 km 2 ) was mainly produced via conversion from forest (577.54 km 2 ) and shrubland (63.63 km 2 ).
Article_43,"In the same time period artificial surfaces (336.21 km 2 ) expanded, mainly converted from farmland (12.23 km 2 ), forests (51.24 km 2 ), and shrubland (37.82 km 2 )."
Article_43,Wetland (336.21 km 2 ) expanded mainly converted from forest (36.66 km 2 ) and shrubland (25.51 km 2 ).
Article_43,The expansion of farmland (643.66 km 2 ) was mainly produced via conversion from forest (577.54 km 2 ) and shrubland (63.63 km 2 ).
Article_43,"In the same time period artificial surfaces (336.21 km 2 ) expanded, mainly converted from farmland (12.23 km 2 ), forests (51.24 km 2 ), and shrubland (37.82 km 2 ).)"
Article_43,Wetland (336.21 km 2 ) expanded mainly converted from forest (36.66 km 2 ) and shrubland (25.51 km 2) .
Article_43,The expansion of farmland (643.66 km 2 ) was mainly produced via conversion from forest (577.54 km 2 ) and shrubland (63.63 km 2 ).
Article_43,"In the same time period artificial surfaces (336.21 km 2 ) expanded, mainly converted from farmland (12.23 km 2 ), forests (51.24 km 2 ), and shrubland (37.82 km 2 ).)"
Article_43,Wetland (336.21 km 2 ) expanded mainly converted from forest (36.66 km 2 ) and shrubland (25.51 km 2) .
Article_43,The expansion of farmland (643.66 km 2 ) was mainly produced via conversion from forest (577.54 km 2 ) and shrubland (63.63 km 2 ).
Article_43,"In the same time period artificial surfaces (336.21 km 2 ) expanded, mainly converted from farmland (12.23 km 2 ), forests (51.24 km 2 ), and shrubland (37.82 km 2 ).)"
Article_43,Wetland (336.21 km 2 ) expanded mainly converted from forest (36.66 km 2 ) and shrubland (25.51 km 2) .
Article_43,The expansion of farmlan km 2 ) was mainly produced via conversion from forest (577.54 km 2 ) and shrubla km 2 ).
Article_43,"In the same time period artificial surfaces (336.21 km 2 ) expanded, mainly c from farmland (12.23 km 2 ), forests (51.24 km 2 ), and shrubland (37.82 km 2 ).)"
Article_43,(336.21 km 2 ) expanded mainly converted from forest (36.66 km 2 ) and shrubla km 2) .
Article_43,The expansion of farmland (643.66 km 2 ) was mainly produced via conversion from forest (577.54 km 2 ) and shrubland (63.63 km 2 ).
Article_43,"In the same time period artificial surfaces (336.21 km 2 ) expanded, mainly converted from farmland (12.23 km 2 ), forests (51.24 km 2 ), and shrubland (37.82 km 2 ).)"
Article_43,Wetland (336.21 km 2 ) expanded mainly converted from forest (36.66 km 2 ) and shrubland (25.51 km 2) .
Article_43,The ex km 2 ) was mainly produced via conversion from forest (577. km 2 ).
Article_43,"In the same time period artificial surfaces (336.21 km 2 ) from farmland (12.23 km 2 ), forests (51.24 km 2 ), and shru (336.21 km 2 ) expanded mainly converted from forest (36.6 km 2) ."
Article_43,The expansion of farm km 2 ) was mainly produced via conversion from forest (577.54 km 2 ) and shr km 2 ).
Article_43,"In the same time period artificial surfaces (336.21 km 2 ) expanded, main from farmland (12.23 km 2 ), forests (51.24 km 2 ), and shrubland (37.82 km (336.21 km 2 ) expanded mainly converted from forest (36.66 km 2 ) and shru km 2) ."
Article_43,"Similar to the rest of West Africa's coastal areas, the coastal zone of Benin sustains various coastal ecosystems that are crucial for local populations' livelihoods and health, and which require proper management."
Article_43,"One of the main causes of the degradation of the coastal environment is the growth of the coastal population, which puts pressure on ecosystems and coastal environments."
Article_43,"Land-use types changed significantly from 2010 to 2020 due to intensification of human activities, proved by the dramatic farmland expansion and increased artificial surfaces which have led to the large shrinkage of grazing land, shrubland and forests."
Article_44,Built-up area expansion contributed to increased summer and winter LST by 0.55 C and 2.54 C per decade from 1999-2019.
Article_44,Temperature increases have resulted in a significant decline in agricultural productivity over the last 30 years.
Article_44,"In the last decade, industrial growth, availability of better educational institutions and job opportunities have attracted people to migrate to this region."
Article_44,The growing pressure of the population accelerates the unplanned expansion in this region.
Article_44,The primary reason for this is the rapid and unplanned urbanization that has taken place.
Article_44,Agriculture lands and water bodies were dynamically transformed into impervious infrastructures in order to meet the demands of a rapidly expanding population.
Article_44,"Rapid urban development, climate change, and global warming significantly contribute to the temperature rise."
Article_44,"Hence, a significant decrease in agricultural land (-1.50 % and -5.93 %) and water bodies (-0.47 % and -2.24 %) were also identified in 2029 and 2039, respectively."
Article_44,"The total area of agricultural lands was decreased by 8.27 % from 1999 to 2019, while the built-up area was increased by 7.81 %."
Article_44,"Considering the socio-economic impacts, conversion of farmland or agricultural land to infrastructure development decreases the number of lands available for food production."
Article_44,"Soil erosion, desertification, and other soil degradation associated with intensive agriculture productivity reduce land resource quality and hamper food productivity."
Article_44,"The participants from FGDs and KIIs stated that crop productivity due to the fertilization effect induced by an increase in the concentration of CO 2 in the atmosphere, expansion of the available areas for growing the tropical and subtropical crops, development of two-crop farming due to an extended cultivation time and reduction of damage to winter crops by low temperatures are the main positive impacts of temperature rise."
Article_44,"Besides, negative impacts of seasonal temperature rise include a decline in the number and quality of crops as a consequence of the low growth cycle for high-temperature rises, decrease in the sugar content and fruit store stability, poor coloring, rising weeds, and harmful insects in crops and decreasing soil productivity (Figure According to the Bangladesh Agricultural Development Corporation, ""Boro rice"" production will significantly be decreased from 13.5 % to 2.6 % in upcoming years, with an increase of 2 C mean temperature in the study region."
Article_44,"Due to the impact of climate change, Bangladesh is facing a 4 C temperature increase in the last decades, resulting 28 % and 68 % reduction in rice and wheat production | Impacts of climate change: Climate change is causing organic changes in the study area, such as fertilization and breeding in the livestock sector as well as influencing the growing pattern of pastures."
Article_44,"Meanwhile, agricultural land and water bodies were decreased by -8.27 % and -4.75 % from 1999 to 2019."
Article_44,"More than 29 % and 28 % of the total area were recorded in the temperature range of 32 C -< 35 C and 29 C -< 32 C in 2019 in winter season, which was 3.64 % and 0 % in year 1999, respectively."
Article_44,"More than 23 % (2029) and 50 % (2039) of the total area will likely be experienced high temperatures in the summer season of greater than 35 C. For predicted winter LST, more than 3 % and 13 % of the area will likely be experienced in the high-temperature zone (!"
Article_45,"Impact of land use and land cover change on the environmental quality of a region: A case of Ernakulam district in Kerala, India The increasing urbanisation trend over the decades has resulted in the rapid transformation of land use and land cover (LULC) patterns worldwide."
Article_45,"The relationship between the bio-physical indicators, namely, land surface temperature (LST), normalised difference vegetation index, and normalised difference built-up index (NDBI), was also established to examine the general perception that the increase in urbanisation is one of the main causes for the increase in LST of a region."
Article_45,(2) Is the increase in urbanisation one of the reasons for the increase in LST.
Article_45,"| Materials and methods: | Study region: The study region is Ernakulam, one of the districts Ernakulam was taken as the case study region because of its highest decadal increase in urbanisation rate (68.07% according to the Census of India 2011 data) (Praveen-Sajini 2018)."
Article_45,"The results illustrated that till 2000, the percentage of area covered by settlements was very low."
Article_45,"Later, with the increase in construction and developmental activities, such as industrial setups, service sectors, metro rail, and the opening of the container terminal, the settlement percentage increased."
Article_45,"The results show that from 2000 to 2019, LST recorded a sharp increase in its Celsius values, mainly due to the increase in settlement patterns."
Article_45,The most evident reason for this change is the construction and development activities that occurred in the study region.
Article_45,"The eastern part of the study region consists mainly of hills and forest areas, which primarily contribute to better EQ."
Article_46,Those data suggest that rates of deforestation in the tropics (and thus net emissions of carbon) have decreased over the last 10 years (2011)(2012)(2013)(2014)(2015)(2016)(2017)(2018)(2019)(2020).
Article_46,"The data also indicate that the net loss of tropical forest area was greater than the net gain in agricultural lands, and we explore four alternative explanations for this apparent forest conversion, one of which is shifting cultivation."
Article_46,"2.2 Changes in land use (rates of conversion, ha yr -1 , and rates of wood harvest, m 3 yr -1 ) We considered the four major types of land use that FAO-STAT  reports: croplands, permanent meadows and pastures (hereafter referred to as pastures), forest land, and ""other land""."
Article_46,"The latter land-use type, other land, includes all lands that are neither agricultural nor forest land, such as urban lands, settlements, grasslands that were not grazed, rock, ice, and lands denuded by mining."
Article_46,"For example, if forest area decreased by 1 ha and crop area increased by 1 ha, then we assigned 1 ha as converted from forest to crop."
Article_46,"It is possible, however, that 2 ha was deforested and 1 ha was converted from crop to forest, thus yielding the same net change: 1 ha from forest to cropland."
Article_46,"For example, if both forest and other land each decreased by 1 ha while cropland and pasture each increased by 1 ha, it was unclear how much forest area was converted to crop as opposed to pasture and how much other land was converted to either."
Article_46,"With these rules, a loss of forest was preferentially converted to cropland, then to pasture, and finally to other land to the extent that these categories increased in area."
Article_46,We explore the apparent conversion of forest to other land in more detail below The areas under cropland regimes are better documented through history than other land uses.
Article_46,"Areas under permanent meadow and pasture regimes are less consistently defined, in large part because many lands that are grazed (rangelands) are neither meadows nor pastures."
Article_46,The second adjustment reduced harvest intensity (Mg C ha -1 ) for secondary forests to account for the lower biomass in these forests.
Article_46,"Thus, harvests were more representative of harvest practices."
Article_46,"The improvement increased the areas of secondary forests harvested, thereby increasing the annual gross uptake of carbon in recovering forests."
Article_46,"2.2), FAOSTAT  has reported national areas under cropland, permanent meadow and pasture, and forest land regimes annually since 1990."
Article_46,"Other land includes any lands that are not classified as cropland, permanent meadows and pasture, or forest."
Article_46,"Here, we were particularly concerned with the observation that net losses of forest area exceeded net gains in agricultural area in many tropical countries."
Article_46,Forests were declining while other land was increasing.
Article_46,"FCO has accounted for more tropical deforestation than agriculture, about 90 % of it after 2010 (Fig."
Article_46,"FAO (2021) does not recognize shifting cultivation in its classifications of land; rather, it is included in cropland."
Article_46,"In this regime, the fallow period is longer than the period used for crops, and some tree cover persists."
Article_46,Typical fallow lengths are 2 to 25 years Our definition of shifting cultivation is broad and includes more than traditional shifting cultivation.
Article_46,"Shifting cultivation, or swidden, was the most prevalent type of agriculture in the tropics ""."
Article_46,"First, we compared each country's area of other land in 1980 (based on our extrapola-tion of FAOSTAT data) with that country's area of forest fallow (shifting cultivation) in 1980 as reported by FAO/UNEP Annual increases (or decreases) in shifting cultivation were based on FCO between 1990 and 2020 and were estimated to remain a constant fraction of other land for prior years (1700 to 1980)."
Article_46,A less uncertain reconstruction is difficult because the areas are not well known.
Article_46,"The abandoned croplands had low amounts of carbon in vegetation and soils, and they did not accumulate more after they were abandoned."
Article_46,The increase in other land could just as well include mining or energy extraction activities as well as the degradation of croplands.
Article_46,"Use of these new and revised data increased the cumulative net emissions little: from 112 to 116 Pg C for the period from 1850 to 2015 (Table | Alternative interpretations of the conversion of forest to other land: As discussed above, the annual loss of forest area in many tropical countries exceeded the gain in agricultural lands and resulted in a gain in other land (2) shifting cultivation, including fallow; (3) degraded land; and (4) recovering forest."
Article_46,"If all conversions of tropical forests to other land were assumed to be for shifting cultivation, the area was 450 × 10 6 ha in 2020, up from 239×10 6 ha in 1850 according to our assumptions."
Article_46,The highest rates of conversion to other land were in the 1990s (Fig.
Article_46,"Because most gross emissions happen rapidly, whereas most gross removals occur over a longer time, a reduction in shifting cultivation would result in a rapid reduction in (gross) emissions, whereas the (gross) removals (in regrowing forests) would continue for decades."
Article_46,"""Apparent"" is used here because the conversion is inferred from the areas of land reported by the FAO (2021) between 1990 and 2020."
Article_46,"When the loss of forest area exceeded the gain in agricultural areas, the excess forest loss appeared as other land."
Article_46,"Both of them increase the area of cropland, rather than other land."
Article_46,"Thus, either shifting cultivation or degradation seems more likely if FCO is a real change in land use."
Article_46,"According to the FAO, shifting cultivation is included in cropland."
Article_46,"Clearly, Latin America has large areas under croplands that are not under a shifting cultivation regime."
Article_46,"It has the advantage of including shifting cultivation explicitly, although it is likely an overestimate."
Article_46,"Trends in the area of shifting cultivation are uncertain We evaluated changes in shifting cultivation using an independent approach inferred from land-use data from FAO-STAT If we assume that FCO was driven entirely by the expansion of shifting cultivation and that fallows are counted as other land, then we calculate the total area under shifting cultivation to have been 277 × 10 6 ha in 1980 and 450 × 10 6 ha in 2020."
Article_46,These estimates are probably high because we assumed that all of the increase in other land was attributable to shifting cultivation rather than to other land uses in this calculation.
Article_46,Shifting cultivation accounted for 30 % of the global gross emissions of carbon over the period from 2011 to 2020 in our analysis.
Article_46,"Estimates of the carbon emitted from forest degradation vary widely, from nearly zero to greater than the emissions from deforestation In this analysis, the relative contributions of deforestation and degradation to the net carbon emissions from the tropics were 69 % and 5 %, respectively, for the period from 2011 to 2020 (Fig."
Article_46,It is possible that the higher estimates of deforestation (and emissions) from | Deforestation versus forest loss: Another possible explanation for different rates of deforestation is related to the definition of deforestation.
Article_46,"The United Nations Framework Convention on Climate Change (UN-FCCC) and the Intergovernmental Panel on Climate Change (IPCC) define deforestation as the conversion of forest to another land use, i.e., cropland, pasture, or other land."
Article_46,"The temporary loss of forests as a result of harvests, fire, or other disturbances, even if directly anthropogenic, is not deforestation according to this definition, as the disturbed forest is expected to recover."
Article_46,"Moreover, the land is still defined as forest if it is temporarily without trees."
Article_46,"Some estimates of deforestation, particularly those from satellite data (e.g., | Re-clearing of fallows already under shifting cultivation: A third possible explanation for different deforestation rates and associated emissions is that the re-clearing of fallows under shifting cultivation may be attributed to deforestation."
Article_46,"The term deforestation is appropriate the first time a forest is converted to shifting cultivation, but subsequent re-clearing of fallow is not deforestation (unless the recovery of forest in the fallows is identified as an increase in forest area)."
Article_46,The cropped areas of shifting cultivation have tree cover and may be mistakenly identified as forests with remote sensing.
Article_46,"Older fallows are even more forest-like, although perhaps recognizable as degraded forest."
Article_46,"Clearly, croplands and pastures are (directly anthropogenic) land uses."
Article_46,"Forestry is also anthropogenic, but forests and other land are not land uses, they are land covers; thus, if changes in other land result not only from changes in land use but also from indirect effects, FCO may not be anthropogenic, as assumed here."
Article_46,"Land use is clearly anthropogenic, whereas land cover may or may not be."
Article_46,"LULUCF is generally assumed to be anthropogenic, whereas LULCC includes land-cover change, which need not be anthropogenic."
Article_46,"In other words, deforestation has been largely anthropogenic to date."
Article_46,"The same is not true for forest degradation, which is driven by both direct and indirect effects."
Article_47,"Using Remote Sensing to Quantify the Joint Effects of Climate and Land Use/Land Cover Changes on the Caatinga Biome of Northeast Brazilian Caatinga biome, located in the Brazilian semi-arid region, is the most populous semi-arid region in the world, causing intensification in land degradation and loss of biodiversity over time."
Article_47,"In 2013, 70.2% of the study area was composed of Caatinga, while the lowest percentages were identified in 2015 (67.8%) and 2017 (68.7%)."
Article_47,"Low vegetation cover rate was observed by LAI and V C values, with a range of 0 to 25% vegetation cover in 52.3% of the area, which exposes the effects of the dry season on vegetation."
Article_47,"In 2013, 40.5% of the region's area had LST between 48.0 and 52.0 • C, raising ET a rates (~4.7 mm day -1 )."
Article_47,"It has a high ecological diversity of plant species, and it is considered the largest in the world under semi-arid conditions Caatinga is located in the world's most populated dry area, with more than 53 million inhabitants and a population density close to 34 inhabitants per km 2 ."
Article_47,The region comprises the domain of the Caatinga biome and it belongs to the semi-arid region of the sub-mean of the São Francisco Valley.
Article_47,"The town is considered the largest fruit-growing center of the Brazilian semi-arid region due to the easy access to the São Francisco river, which supplies the irrigated perimeters."
Article_47,"| Goodness of Fit: The model performance analysis was based on the root mean square error (RMSE, the values close to zero reduce error and increase accuracy), the mean absolute error (MAE), percent bias (PBIAS), Nash-Sutcliffe efficiency coefficient (NSE), Lin's concordance correlation coefficient (LCCC), Willmott's index of agreement (d), which ranges from 0 to 1 (i.e., indicates no agreement at all and perfect agreement, respectively) | Results and Discussion: | Comparisons of Land Use and Land Cover (LULC): Based on the classification via the MapBiomas platform and on the Landsat-8 satellite, the thematic maps of land use and land cover for the years 2013, 2015, 2017, and 2019 were highlighted, with the main classes represented in Figure The lowest percentages of areas occupied by Caatinga vegetation were observed in 2015 (67.8%) and 2017 (68.7%), respectively."
Article_47,"Compared to 2013, there was an average reduction of 2%, equivalent to 9123.65 ha of native forest (Caatinga), while in 2019, the reduction was only 0.45% (Table In 2013, the areas occupied with pasture represented 11.7%, agriculture 7.0%, and the mosaic of agriculture and pasture 8.64%, while areas with urban infrastructure and water bodies presented an occupation of 1.06 and 1.40%, respectively (Figure Drought is costly to Brazil, for it causes strong impacts on agriculture and cattle ranching."
Article_47,"For example, the 2012-2013 drought resulted in economic losses of USD 1.5 billion for more than ten important crops in the region and USD 1.6 billion in cattle mortality The agricultural and cattle ranching activity were significant in 2015, 2017, and 2019 with 29.6, 28.7, and 27.7%, respectively."
Article_47,"Due to the proximity of the São Francisco river, which supplies the irrigation systems, the areas of higher vegetation cover are found in the irrigated agriculture sites in the southern part of the municipality and the few remaining fragments of arboreal Caatinga, reaching average values of 58.71 ± 22.18% and 59.78 ± 18.94%, respectively, throughout the period under study (Figure Santos et al."
Article_47,"It is essential to highlight that on 7 November 2019, there was an average increase of 46.81% of areas with V C higher than 50% in the northern part of the municipality (Figure During the studied dates, the LAI varied between 0.00 and 3.3 m 2 m -2 (Figure | Land Surface Temperature (LST) in the Studied Classes: In the present study, the minimum LST values were seen in areas of water bodies, while the maximum LST values were seen in areas of exposed soils, located at points of pasture and degraded Caatinga, urban infrastructure (asphalt, concrete, and gravel surfaces), and agricultural areas undergoing soil preparation for cultivation (Figure It can be observed that the average LST values for the dates studied were higher in the areas dominated by pasture (47.69 ± 1.47 • C), herbaceous Caatinga (47.28 ± 1.27 • C), and shrub Caatinga (46.07 ± 1.44 • C), even higher than those observed in areas with urban infrastructure (45.80 ± 1.52 • C) (Figure On the other hand, it is observed, in general, that in areas dominated by arboreal Caatinga and agriculture, the average LST values are lower (38.99 ± 2.48 • C and 43.11 ± 2.30 • C, respectively) (Figure | Variations of the Actual Evapotranspiration (ET a ) of Land Use Classes: Rainfall regime directly influenced ET a , so that on 16 October 2017 (Figure On the other hand, due to the effect of the increase in air temperature and atmospheric demand verified throughout the dry season in Petrolina, combined with the presence of preserved riparian forests along stretches of water bodies and continuous irrigation in crops, higher mean ET a values were observed in the arboreal Caatinga (4.73 ± 0.49 mm day -1 ) and agriculture (3.07 ± 1.23 mm day -1 ) classes."
Article_47,"Therefore, the first two components with eigenvalues greater than 1.0 were extracted separately for the years 2013, 2015, 2017, and 2019 (Figure On the other hand, PC2 contributed more to the variability of the responses of the variables regarding the canopy interactions (LAI and V C ) due to the strong negative correlation with cultivated land (i.e., agriculture class) (Figure The results of the analysis of variance (ANOVA) and multiple regression analysis of the established model are presented in Table | Conclusions: In this study, we point out a significant tendency to increase the agricultural areas, which results in the progressive decrease of the Brazilian Caatinga biome."
Article_47,"The vegetation cover is directly influenced by the soil-water regime; years of higher rainfall result in a lower percentage of suppression of the native forest in the municipality of Petrolina, Pernambuco (Brazil)."
Article_47,A gradual increase in LST is observed in the municipality and it may cause future risks to forest areas.
Article_48,"However, the discovery of oil off the coast of the Western region, where Sekondi-Takoradi is the administrative and economic capital makes it more attractive to people in the area."
Article_48,This has increased the number of urban dwellers and resulted in the conversion of different and Land Use /Land Cover (LULC) forms into urban or built-up areas.
Article_48,"Settlement increased by 25.93% whereas water, vegetation, and bare land reduced by 0.08%, 16.00%, and 9.86% respectively."
Article_48,This indicates that the metropolis has been experiencing sprawl from 1991 to 2018 and thus urban development has significantly changed the land cover stratum of the metropolis.
Article_48,The increase in urban population and urban centers are changing vegetative lands or land covers into impervious surfaces.
Article_48,"| Results and discussions: | Land use land cover maps: As shown in Comparing the 2018 classified map to the 2008 classified map, it can be seen that, in 2018, there was a reduction in the area coverage of water, vegetation, and bare land."
Article_48,"Vegetation and bare lands, however, decreased throughout the years."
Article_48,"Between 1991 and 2002, water decreased by 0.03 km 2 , vegetation decreased by 1.39 km 2 , settlement increased by 2.95 km 2 and bare land decreased by 2.38 km 2 ( Fig."
Article_48,"Generally, when the use of land in an urban center is changing from vegetation cover to other land uses, build-up or settlement becomes the dominant land use."
Article_48,The changing trend in the classes between 2008 and 2018 is evidence of build-up being predominant in the change of vegetative class to other land classes.
Article_48,Results of the study showed considerable change in the land covers in which settlement or built-up had an average yearly increment over the 27years (from 1991 to 2018).
Article_48,Vegetation and bare land showed a constant decrease from 1991 to 2018.
Article_48,"Increasing urban population and its associated demand for residential, industrial and commercial purposes was identified as the major factor behind the increase in settlement and built-up."
Article_49,The results indicated that: (1) The dominant LULC types of the NLB were farmland and construction land.
Article_49,The primary transfer trend was construction land encroaching on farmland due to the acceleration of the urbanization process and policy intervention.
Article_49,"(2) The results of the LULC simulation in the NLB in 2035 showed that the BAU had a continuous trend of change for nearly 20 years; Under the ED, the intensity of construction land encroachment on farmland was accelerating; Under the EC, an apparent increase in the proportion of ecological land could be seen, and the contradiction between construction land and farmland had eased, which was expected to be more in line with the policy and planning objectives."
Article_49,"In recent years, the economic level of the NLB has shown improvement, the industrialization and urbanization process has accelerated."
Article_49,"Using GM (1,1) model, it was predicted that the economic benefits per unit area of farmland, forestland, grassland, water area, and construction land in the target year are 5.95/hm 2 , 5.74/hm 2 , 41.9/hm 2 , 6.61/hm 2 , and 150.16/hm 2 , respectively."
Article_49,"(3) Farmland According to the requirements of ""grain for green"" and ""returning farmland to grassland"" in the ""Special plan (2021-2035)"", while strictly observing the arable land minimum, the area of basic farmland in various regions was protected to guarantee the growth of the agricultural economy."
Article_49,"The farmland area should be smaller than the status quo and larger than the arable land minimum: (4) Forestland According to the requirements of ""grain for green"" in the ""Special plan (2021-2035)"", the proportion of forests should be increased."
Article_49,"To ensure ecological construction and increase forest coverage, the area of forestland of the NLB in 2035 should not be smaller than the current situation: (5) Grassland From 2000 to 2020, the total grassland area decreased year by year and was mainly converted into farmland."
Article_49,"According to the requirements of ""returning farmland to grassland"" in the ""Special plan (2021-2035)"", the percentage of grassland needs to be improved."
Article_49,"Since entering the 21st century, construction land encroaching on farmland has been the main trend of LULC change in the NLB and has resulted in the most significant land conflict issue in the region."
Article_49,Balancing urban expansion while ensuring the minimum amount of arable land to guarantee food security is the primary challenge facing the basin presently.
Article_50,"{IPCC AR6 WGI, Figure SPM.7; IPCC AR6 WGII, 7.1, 7.6} The AFOLU (managed land) sector, on average, accounted for 13-21% of global total anthropogenic greenhouse gas (GHG) emissions in the period 2010-2019 (medium confidence)."
Article_50,"Forestry measures were less sensitive to carbon price, but varied regionally, with reduced deforestation, forest management and afforestation having the greatest potential depending on region."
Article_50,"As in AR5, land cover change, notably deforestation, was identified as a major driver of anthropogenic CO 2 emissions while agriculture was a major driver of the increasing anthropogenic CH 4 and N 2 O emissions."
Article_50,"b Net anthropogenic flux of CO 2 are due to land-use change such as deforestation and afforestation and land management, including wood harvest and regrowth, peatland drainage and fires, cropland and grassland management."
Article_50,LULUCF -where no adjustment is needed -and the NGHGI-comparable CO 2 pathways for LULUCF The SRCCL reported with medium evidence and high agreement that ruminants and rice production were the most important contributors to overall growth trends in atmospheric CH 4 The SRCCL also noted a trend of increasing with the average share from agriculture remaining approximately the same (96%).
Article_50,"Changes in land conditions from land cover change or land management jointly affect water, energy, and aerosol fluxes (biophysical fluxes) as well as GHG fluxes (biogeochemical fluxes) exchanged between the land and atmosphere (high agreement, robust evidence) Studies of biophysical effects have increased since AR5 reaching high agreement for the effects of changes in land condition on surface albedo | Drivers: Since | Anthropogenic Direct Drivers: Deforestation, Conversion of Other Ecosystems, and Land Degradation: The global forest area in 2020 is estimated at 4.1 billion ha, representing 31% of the total land area (FAO 2020a)."
Article_50,"Most forests are situated in the tropics (45%), followed by boreal (27%), temperate (16%) and subtropical (11%) domains."
Article_50,"Considering regional distribution of global forest area, Europe and the Russian Federation accounts for 25%, followed by South America (21%), North and Central America (19%), Africa (16%), Asia (15%) and Oceania (5%)."
Article_50,"For example, a ratio of -4x indicates that a variable is associated with less deforestation four times as often as it is associated with more deforestation."
Article_50,"Globally, the area of the more open, other wooded land is also of significant importance, with almost 1 billion hectares (FAO 2020a)."
Article_50,"The area of other wooded land decreased by | Conversion of Natural Ecosystems to Agriculture: Previous IPCC reports identify land-use change as an important driver of emissions and agriculture as a key driver of land-use change, causing both deforestation and wetland drainage (P. | Infrastructure Development and Urbanisation: Although built-up areas (defined as cities, towns, villages and human infrastructure) occupy a relatively small fraction of land (around 1% of global land), since 1975 urban clusters (i.e., urban centres as well as surrounding suburbs) have expanded approximately 2.5 times (UNEP 2019; Chapter 8, this report)."
Article_50,"Between 1975 and 2015, built-up areas doubled in size in Europe while urban population remained relatively constant."
Article_50,"In Africa builtup areas grew approximately fourfold, while urban population tripled (UNEP 2019)."
Article_50,"If current population densities within cities remain stable, the extent of built-up areas in developed countries is expected to increase by 30% and triple in developing countries between 2000 and 2050 Urban expansion leads to landscape fragmentation and urban sprawl with effects on forest resources and land use | Box 7.1 | Case Study: Reducing the Impacts of Roads on Deforestation Summary: Rapidly expanding roads, particularly in tropical regions, are linked to forest loss, degradation, and fragmentation because the land becomes more generally accessible."
Article_50,"A low-carbon future may be more mineral intensive with, for example, clean energy technologies requiring greater inputs in comparison to fossil-fuel-based technologies Mining is also an important driver of deforestation in African and Asian countries."
Article_50,"In the Democratic Republic of Congo, where the secondlargest area of tropical forest in the world occurs, mining-related deforestation exacerbated by violent conflict | Fire Regime Changes: Wildland fires account for approximately 70% of the global biomass burned annually (van der About 98 Mha of forest and savannahs are estimated to have been affected by fire in 2015 | Logging and Fuelwood Harvest: The area of forest designated for production has been relatively stable since 1990."
Article_50,"Considering forest uses, about 30% (1.2 billion ha) of all forests is used primarily for production (wood and non-wood forest products), about 10% (424 Mha) is designated for biodiversity conservation, 398 Mha for the protection of soil and water, and 186 Mha is allocated for social services (recreation, tourism, education research and the conservation of cultural and spiritual sites) Over-extraction of wood for timber and fuelwood is identified as an important driver of mangrove deforestation and degradation | Anthropogenic Direct: | Indirect Drivers: The indirect drivers behind how humans both use and impact natural resources are outlined in Table | Demography: Global and regional trends in population growth: There was a 43% increase in global population between 1990 and 2018."
Article_50,The greatest growth was observed in Africa and the Middle East (+104%) and least growth in Eastern Europe and West-Central Asia (+7%) (FAO 2019b).
Article_50,"If food demand increases in the future, for example, the area of land deforested will likely increase, suggesting more technical potential for avoiding deforestation."
Article_50,The area of forest under management plans has increased in all regions since 2000 by 233 Mha (FAO 2020e).
Article_50,": There is medium confidence that the global technical mitigation potential for improved forest management by 2050 is 1.7 (1-2.1) GtCO 2 yr -1 , and the economic mitigation potential (<USD100 tCO 2 - | Box 7.2 | Climate-smart Forestry in Europe Summary: European forests have been regarded as prospering and increasing for the last five decades."
Article_50,"Conservation of grasslands presents significant benefits for desertification control, especially in arid areas (SRCCL, Chapter 3)."
Article_50,"Peatland restoration involves restoring degraded and damaged peatlands, for example through rewetting and revegetation, which both increases carbon accumulation in vegetation and soils and avoids ongoing CO 2 emissions."
Article_50,": There is medium confidence that agroforestry has a technical potential of 4.1 (0.3-9.4) GtCO 2 -eq yr -1 for the period 2020-2050, of which 0.8 (0.4-1.1) GtCO 2 -eq yr -1 is available at USD100 tCO 2 -1 ."
Article_50,The AR5 outlined emissions from rice cultivation of 0.49-0.723 GtCO 2 -eq yr -1 in 2010 with an average annual growth of 0.4% yr -1 .
Article_50,Land for dedicated second generation bioenergy crops and afforestation displace agricultural land for food production (cropland and pasture) and other natural land.
Article_50,"For instance, in the <1.5°C mitigation pathway in ASIA, bioenergy and forest area together increased by about 2.1 million km 2 between 2020 and 2100, mostly at the cost of cropland and pasture (median values)."
Article_50,"Land use is at the centre of the interdependencies with other sectors, including energy."
Article_50,"Set asides and protected areas have been a widely utilised approach for conservation, and according to (FAO 2020d), 726 Mha (18%) of forests are in protected areas globally."
Article_50,Forest management and timber harvesting operations began shortly after the Menominee Indian Reservation was created by treaty in 1854.
Article_50,"The Menominee reservation sits on about 95,000 ha of land in Wisconsin that spans multiple forest types and is more diverse than adjacent forests."
Article_50,The collectively maintained reservation has 87% of its land under sustained yield forestry.
Article_50,"The Tribe actively works to reduce the risk of forest damage and decided to further promote diversity by planting tree seedlings adapted to a warming climate ( However, new challenges are related to increasing pressures on forest ecosystems such as non-native insects, pathogens, weed invasions, and the costs for continuous forest inventories to support long-term forest management."
Article_50,"There is evidence that the Amazon Soy Moratorium (ASM), an industry-NGO effort whereby large industry consumers agreed voluntarily not to purchase soybeans grown on land deforested after 2006, reduced deforestation in the legal Amazon Box 7.9 | Case Study: Deforestation Control in the Brazilian Amazon | Summary: Between 2000 and 2004, deforestation rates in the Brazilian Legal Amazon (is a socio-geographic division containing all nine Brazilian states in the Amazon basin) increased from 18,226 to 27,772 km 2 yr -1 2008 ."
Article_50,"A set of public policies designed in participatory process involving federal government, states, municipalities, and civil society successfully reduced deforestation rates until 2012."
Article_50,"However, deforestation rates increased after 2013, and particularly between 2019 and 2020."
Article_50,The decline in deforestation after 2008 is mostly attributed to these policy options.
Article_50,"In 2012, deforestation rates decreased to 4,571 km 2 yr -1 ."
Article_50,During the execution of the 1st and 2nd phases of the | Lessons: The reduction of deforestation in the Brazilian Amazon was possible due to effective political and institutional support for environmental conservation.
Article_50,"However, the broader political and institutional context and actions to reduce the representation and independent control of civil society movements in decision-making bodies weaken this structure with significant increases in deforestation rates, burnings, and forest fires."
Article_50,"Without planting new trees, FMNR is presumed to be cheaper than other approaches to restoration, though comparative economic analysis has yet to be conducted Regreening in the Sahel and the consequent transformation of the landscape has resulted from the actions of hundreds of thousands of individuals responding to social and biophysical signals tillage is rarely additional."
Article_50,"For example, in the USA, there has been widespread adoption of conservation tillage in the last 30 years as a labour-saving crop management technique."
Article_50,"SI may warrant whole system redesign or land reallocation If biomass energy production expands and shifts to carbon capture and storage (e.g., BECCS) during the century, there could be a significant increase in the area of crop and forestland used for biomass energy production (Sections 7.4 and 7.5)."
Article_50,"They are largest, as share of total costs, in forestry because they play a prominent role in achieving high levels of afforestation, avoided deforestation, and improved forest management."
Article_50,"The effect of reduced tillage on yields varies considerably across sites and crop types, but tends to enhance yields modestly in the longer-run."
Article_50,"Population growth, economic development, urbanisation, technology, climate change, global trade and consumption, policy and governance are key drivers of global environmental change over recent decades The increasing trend in aquaculture production especially in South and South-East Asia through intensive methods affects existing food production and ecosystems by diverting rice fields or mangroves Currently, land degradation is estimated to have reduced productivity in 23% of the global terrestrial area, and between USD235 billion and USD577 billion in annual global crop output is at risk because of pollinator loss (IPBES 2019a)."
Article_50,"Over the past two centuries, soil organic carbon, an indicator of soil health, has seen an estimated 8% loss globally (176 GtC) from land conversion and unsustainable land management practices (IPBES 2018e)."
Article_50,"These losses are projected to come from the expansion of agricultural land into natural areas (16 GtC), degradation due to inappropriate land management (11 GtC) and the draining and burning of peatlands (9 GtC) and melting of permafrost (IPBES 2018e)."
Article_50,"| Policy mix: The climate-smart cocoa (CSC) production programme in Ghana involved distributing shade tree seedlings that can protect cocoa plants from heat and water stress, enhance soil organic matter and water holding capacity of soils, and provide other assistance with agroforestry, giving access to extension services such as agronomic information and agrochemical inputs."
Article_50,"The shade tree seedlings were distributed by NGOs, government extension agencies, and the private sector free of charge or at subsidised prices and was expected to reduce pressure on forests for growing cocoa plants."
Article_50,"Although the government extension agency (Cocobod) undertook mass spraying or pruning of cocoa farms they found it difficult to access the 800,000 cocoa smallholders spread across the tropical south of the country."
Article_50,"At the same cost, agricultural measures are estimated to have a potential of 4.1 (1.7-6.7) GtCO 2 -eq yr -1 ."
Article_50,"In such a situation, competition for agricultural land seriously threatens food production and food security, while also impacting biodiversity, water and soil quality, and landscape aesthetic value."
Article_51,"In 55.40% of the area, there are concave medium hills with slopes between 5% and 10%; medium hills cover 15.90% of the area in areas with slopes lower than 5%."
Article_51,"The other forms of relief in the area are small convex hills (12.33%), scarps (7.50%), wide open valleys (7.29%), and small closed valleys occupying 1.39% of the area According to ( IF -Instituto Florestal do Estado de São Paulo 2010 ), the RCW conserves an important part of the remaining vegetation cover of the Atlantic Forest biome, with semideciduous forests, as well as floodplains and cerrado areas to a lesser extent."
Article_51,"In addition to remnants of native vegetation, agricultural activities (sugarcane, coffee, citriculture, forestry), pasture, urbanization and mining were identified."
Article_51,"Regarding land use/cover, results show sugarcane cultivation and native vegetation as the predominant classes, corresponding to 72.53% (182.70 km 2 ) of the area."
Article_51,"Exposed soil in 2001 includes fallow areas, which in the year 2017 were occupied by sugar cane cultivation, citriculture, forestry and pasture, which resulted in a reduction of 77.64% in this class."
Article_51,"Increases in rainfall in this area, can induces runoff increase and soil erosion The lower surface runoff favor the infiltration, contributing to the recharge of the Santa Rita do Passa Quatro and Pirambóia aquifers, with greater territorial extension in the sub-basin, both porous aquifers, which are sooty to soils with sandy texture and thicknesses greater than 10 m, occupied mainly by sugarcane and pasture, in both years considered."
Article_51,"In 2001, ""Medium"" class was mainly located in the urban area, associated with sandy soils, increasing soil erosion potential in extraurban areas."
Article_51,"According to | Ribeirão do Sapé sub-basin (B): The greater variation in the potential for surface runoff in this subbasin between 2001 and 2017 was observed in the ""Medium"" class, with a reduction of 85.31%, with strong ""Low Potential"" growth (43.45%)."
Article_51,"Considering land use and cover, there is a decrease of exposed soil, and increases sugarcane cultivation."
Article_51,Another notable change was the change of sugarcane for pasture in the northern and central portions of the sub-basin.
Article_51,"Between 2001 and 2017 there was a native vegetation loss of 30.1%, which also influenced the alteration of the surface runoff classes."
Article_51,"In addition, a small-scale increase of areas with citrus and silviculture in the center and south of the sub-basin in 2017, being the first class influencing the reduction of flow velocity due to planting in corridors Runoof is conditioned by slope (10-30%) in the northern portion, associated with fine texture soils with thickness of less than 2 m. In the rest of the sub-basin, the soils have a sandy texture, favoring aquifer units' recharge."
Article_51,"This change was due mainly from land use and cover changes, such as the reduction of native vegetation as a result of increased agricultural activities (sugarcane, citrus, silviculture, and pasture) and mining."
Article_51,"According to In the year 2001, the occurrence of ""Medium Potential"" class in the eastern portion (soil with sandy texture and depth above 10 m), contributes to Pirambóia Aquifer recharge."
Article_51,"The area shows significant changes in soil cover in the period 2001-2017, influencing surface runoff, such as increased sugar cane cultivation and pasture, in the entire sub-basin; and decrease of exposed soil areas."
Article_51,"Soil texture varies from sandy to clayey texture, with a thickness ranging from less than 2 m up to over 10 m. From the western portion to the center of the sub-basin there are also scattered spots of clayey soils whose thickness does not exceed 5 m, regions with greater potential flow, influenced by the characteristics of the soils."
Article_52,We calculated the net forest height increase only if a pixel had height ≥5 m in 2020 and 1) had forest height <5 m in 2000 or 2) had net forest height increase from the year 2000-2020 by ≥100%.
Article_52,The results show the reduction of global tree cover extent and expansion of cropland and settlements.
Article_52,The area of perennial snow and ice declined dramatically in a warming climate.
Article_52,"In the year 2020, the global forest area was 40.2 million km 2 , which makes up 31% of the analyzed land area (land area within the Landsat ARD product extent excluding inland water)."
Article_52,"During the last two decades, 2000-2020, forest extent decreased by 1 million km 2 , or by 2.4% of the year 2000 forest area (Table Asia and South America had the largest shares of global forest extent in 2020 (33 and 21%, respectively), while Europe and Australia's shares were the least (9 and 4%) (Table Our forest height maps provide information on land cover dynamics that is relevant for carbon monitoring."
Article_52,"Here, we separated forest extent into three strata by forest height: short (5-9 m), medium-height (10-19 m), and tall (≥20 m) forests."
Article_52,Most of the world's forests have canopy heights of 10 m and higher.
Article_52,"Of the total year 2020 forest area, short forests made up 24% while medium-height and tall forests made up 38% each (Figures 2B, 3A and Table Gross loss and gain dynamics affect short and medium-height forests more than tall forests."
Article_52,"Of the global gross forest loss and gain area, only 20 and 12%, respectively, were found within tall forests."
Article_52,"However, the ratio of gross forest gain to loss is lower for tall forests (0.34) than for short and medium-height forests (0.56 and 0.68, respectively)."
Article_52,"As a result, net forest loss area is highest for the tall forests strata (0.65 million km 2 , or 4.1% of the year 2000 forest area) (Table Intensive gross forest loss and gain in short and mediumheight forests of Asia are nearly balanced and resulted in a small net area gain (Figure Tall forests store the highest amount of carbon per unit of area Reference sample data are the best tool for attribution of forest change proximity drivers Using the reference sample data, we estimated that 39% (s.e."
Article_52,"5%) of gross forest gain was due to man-made restoration or plantation establishment, and the remainder to natural forest restoration."
Article_52,"Of the mapped gross forest gain, 5% were located within year 2020 built-up lands."
Article_52,Asia had the largest share of gross forest gain in settlements.
Article_52,"| Cropland Dynamics: Global cropland area increased by 11.5% between the 2000-2003 interval and the 2016-2019 interval (Table The largest net cropland area increase was in Africa (by 0.5 million km 2 ), followed by Asia and South America."
Article_52,"South America had the largest relative cropland area increase (45% of the year 2000 cropland area) followed by Africa (33% increase), while other continents increased their cropland area by less than 10%."
Article_52,"During the last 20 years, the gross global cropland area expansion (2.3 million km 2 ) was twice higher than the cropland area reduction (1.1 million km 2 )."
Article_52,"In Europe and North America, where crop expansion (mostly through pasture or long fallow conversion) and reduction (through abandonment or conversion to other land uses) are balanced, the resulting net cropland area change was small."
Article_52,"In Africa and South America, cropland expansion is four times and six times (respectively) higher than reduction, driving net cropland area increase."
Article_52,"In 2019, six countries, the USA, India, China, Russia, Brazil, and Australia, hosted more than half of the global cropland area (Figure Our sample reference data Global cropland reduction was primarily driven by crop abandonment or conversion into pastures (52% of cropland loss area, | Built-Up Lands Expansion: The map-based year 2020 global built-up lands area was 4.3 million km 2 , nearly half of which (47%) was in Asia (Figure | Water Dynamics: Globally, 3.5 million km 2 were mapped as persistent inland open water in 2020."
Article_52,"Africa, South America, and Europe each shared 8-9% of global persistent water area, and Australia had only 0.4%."
Article_52,"On the national scale, Kazakhstan had the largest share of global surface water loss (14%) following by Uzbekistan (8%) due to the decline of the Aral and Caspian Seas (Figure | Perennial Snow and Ice Reduction: Our global mapping extent excludes the largest Earth's ice sheets of Greenland and Antarctica."
Article_52,"Within the analyzed land area (between 75 °N and 56 °S), the perennial snow and ice cover is mostly found within mountain regions in the form of mountain and valley glaciers and snowcaps, and as perennial snowfields in the Arctic."
Article_52,Our bitemporal maps show that the area of perennial snow and ice within the analyzed part of the globe decreased by 11.5%.
Article_52,"Such a high area loss, however, was not confirmed by our sample analysis, which quantifies the total loss of snow and ice cover by 6.6% (see section 3.2.5)."
Article_52,We show that net forest loss was partly driven by cropland and settlement expansion (sections 3.1.1 and 3.1.2).
Article_52,"The reduction of perennial snow and ice (section 3.1.5) was likely caused by climate warming, which is in turn linked to carbon emissions from forest AGC reduction (section 3.1.1) and agriculture development (section 3.1.2)."
Article_52,The changes in land management priorities resulted in cropland conversion to settlements (section 3.1.2) and flooding forests and croplands by water reservoirs.
Article_52,"Our forest change data shows that 50% of the global forest AGC reduction is due to forest clearing in just three countries, Brazil, Indonesia, and the DRC, highlighting the need for national policies combating deforestation."
Article_52,"Rainfed dryland agriculture is not always spectrally separable from the surrounding natural land cover, which is the reason for crop omission in the Sahel, Central Asia, and the Middle East."
Article_53,"Due to mountainous topography, rough terrain and steep slopes, few areas were not accessible."
Article_53,"In the last few decades, many change detection methods have been developed viz; image differencing, post classification change matrix, comparison technique and principal component analysis | Results: | LULC status: Multi-temporal LULC covering six major classes: agricultural land, barren land, built-up area, dense forest, open forest and water-bodies of Results from classified maps indicated that in 1988 area occupied by different classes viz; agricultural land was about 20.46%, barren land was 4.38%, built-up area covered 2.82%, dense and open forest covered most part of the watershed and occupied about 38.26% and 34.07% area respectively."
Article_53,"On the other hand, in 1996 about 15.08% of the area was covered by agricultural land against 20.46% area in 1988 showed a decrease in cultivated land."
Article_53,"Barren land and builtup area covered 4.25% and 3.51% respectively while, dense forest had largest share of 41.35% followed by open forest 35.81%."
Article_53,"The area covered by water bodies was less than 1% (0.01 km 2 ) of the total geographical area for the year 1988-1996 (Table Results from the classified image of 2008 illustrate that more than 50% of the area was covered by dense forest, whereas open forest share was 30%."
Article_53,Agricultural land occupied 12.75%; built-up area covered 3.60% while barren land and water bodies collectively covered 2.66% area.
Article_53,"In 2017, the area under dense and open forest has fairly grown and covered 74.75% collectively."
Article_53,"Due to massive afforestation programme, declaration of Sikkim as organic state (2005), stringent law enforcement in forestry sector and sustainable agroforestry systems the area under dense forest has increased by 16.4% (41.76 km 2 ) between 1988 and 2017."
Article_53,"Open forest showed increasing trend during 1988-1996 whereas decreasing trend has been observed during 1996-2017, this may be associated with the conversion of open forest into dense forest area."
Article_53,"The second dominant land use is agriculture which was recorded as 17.63% (2017) as against 12.75% in 2008 due to traditional agroforestry practices, horticulture, floriculture and animal husbandry which is widely practiced by the."
Article_53,"During the study period , barren land has been decreased significantly due to conversion in agriculture, vegetation and built-up land."
Article_53,The major changes in built up area were noted along the periphery of the Gangtok being the capital city due to urban sprawl and expansion of the town area during the last two decades.
Article_53,"Since forestry and agriculture are the predominant user of land, their quality (soils) and quantity (area) is directly related to the nature of landforms."
Article_54,"Among the seven major identified LULC classes, farmlands, settlements, and bare lands showed positive changes, while forestlands, grasslands, shrublands and waterbodies showed negative changes over the last 47 years."
Article_54,"The expansion of farmlands, for example, has occurred at the expense of grasslands, forestlands and shrublands."
Article_54,Over 95% of the total agricultural land is cultivated by smallholder farmers and most of the agricultural production is rainfed.
Article_54,| Farmland: Represents lands covered with agricultural crops and include smallholder rainfed and irrigated lands as well as government owned mechanized agriculture or irrigated croplands.
Article_54,"| Forest: Represents both natural and fragmented plantation forest areas greater or equal to 0.05 ha, where the trees reach a minimum height of 5 m at maturity, consisting of closed forest formations where various stories and undergrowth cover a high proportion of the ground."
Article_54,"It includes young natural stands and all plantations established for forestry purposes, which reach a crown density of 10%."
Article_54,| Grassland: Represents lands where short grasses are the predominant natural vegetation.
Article_54,"It also includes land with scattered or patches of trees, used for grazing and browsing."
Article_54,| Shrubland: Land supporting an assemblage of small trees and shrubs.
Article_54,It also includes land with scattered or patches of trees and bush lands.
Article_54,"The magnitude of LULC change experienced between the different periods was expressed in percent Equation ( where PC is percentage change, RC is the rate of change in ha yr -1 , X is the area of LULC in ha in time 2, Y is the area of LULC in ha in time 1, Z is the time interval between X and Y in years."
Article_54,"Figure | Change in Land Use and Land Cover: We detected that farmlands, grasslands and shrublands are distributed throughout the basin, but forestlands are dominantly found in the highlands (i.e., in eastern and western escarpments), and waterbodies (mainly lakes) and bare lands are concentrated in the valley floor (Figure Farmlands, bare lands and settlement areas showed positive changes, while forest, grasslands, shrublands and waterbodies showed negative changes over the analyzed 47-year period (Table The expansion of agricultural lands and the associated decrease in forestland, shrubland and grassland, as well as the expansion of bare lands at the expense of waterbodies can be explained by the growing pressures on land from increasing population and livestock in the basin."
Article_54,"The main human drivers identified included increasing pressures from human and livestock populations, which in turn lead to an enhanced demand for food, water and raw materials."
Article_55,Assessment of land use/land cover changes and their impacts on land surface temperature in Bangui (the capital of Central African Republic) Extreme land-use and land-cover (LULC) as the result of rapid urbanization has been raising land surface temperature of core city areas and its surrounding.
Article_55,The result of this study indicates that there was a significant change in LULC between 1986 and 2017 particularly expanded in vegetation and built-up areas and declined in bare soil.
Article_55,"For instance, built-up increased by + 130.29 % with a rate of 137.06; and vegetation increased by 8.44% or a rate of 17.2."
Article_55,Whereas bare soil was sharply declined by -35.33% for a rate of -155.83.
Article_55,The mean LST of the city firstly decreased from 26.24 °C in 1986 to 23.37 °C in 1999 and increased to 27.23 °C in 2017.
Article_55,The study also stated that the mean LST of built-up areas increased from 26.21 °C in 1986 to 27.59 °C in 2017.
Article_55,"Besides, the mean LST of bare soil raised from 26.51 °C to 27.33 °C in 1986 and 2017 respectively."
Article_55,"| Results and discussion: | Land-use/land-cover change from 1986 to 2017: Built up, vegetation, bare soil/ rock and water were the main LULC types found in Bangui city."
Article_55,The result of the study indicates that built-up areas were expanded from 1986 to 2017 whereas bare soil declined.
Article_55,"Besides, the area of vegetation cover was somewhat increased from 1986 to 2017 due to the expansion of green space in the city."
Article_55,"Though green areas were expanded in the city, the LST increasing from 1986 to 2017."
Article_56,Assessment of land use/land cover changes and their impacts on land surface temperature in Bangui (the capital of Central African Republic) Extreme land-use and land-cover (LULC) as the result of rapid urbanization has been raising land surface temperature of core city areas and its surrounding.
Article_56,The result of this study indicates that there was a significant change in LULC between 1986 and 2017 particularly expanded in vegetation and built-up areas and declined in bare soil.
Article_56,"For instance, built-up increased by + 130.29 % with a rate of 137.06; and vegetation increased by 8.44% or a rate of 17.2."
Article_56,Whereas bare soil was sharply declined by -35.33% for a rate of -155.83.
Article_56,The mean LST of the city firstly decreased from 26.24 °C in 1986 to 23.37 °C in 1999 and increased to 27.23 °C in 2017.
Article_56,The study also stated that the mean LST of built-up areas increased from 26.21 °C in 1986 to 27.59 °C in 2017.
Article_56,"Besides, the mean LST of bare soil raised from 26.51 °C to 27.33 °C in 1986 and 2017 respectively."
Article_56,"| Results and discussion: | Land-use/land-cover change from 1986 to 2017: Built up, vegetation, bare soil/ rock and water were the main LULC types found in Bangui city."
Article_56,The result of the study indicates that built-up areas were expanded from 1986 to 2017 whereas bare soil declined.
Article_56,"Besides, the area of vegetation cover was somewhat increased from 1986 to 2017 due to the expansion of green space in the city."
Article_56,"Though green areas were expanded in the city, the LST increasing from 1986 to 2017."
Article_57,"The study indicates that the built-up area will increase by 8.37 km 2 by 2040, resulting in a reduction of 7.08 km 2 and 1.16 km 2 in protected and agricultural areas, respectively."
Article_57,The MOLUSCE plugin was used to create a transition map between 2016 and 2019 showing the percentage change occurring in each of the five land cover types for the period from 2016 to 2019.
Article_57,"The built-up areas, agricultural areas, and protected areas showed maximum transition in this region."
Article_57,"The main reason for this could be attributed to the better transportation facilities, road connectivity, suitable climatic conditions for living and agricultural practices, commercial establishments, and more population concentration in this region."
Article_57,"Higher altitude regions, because of terrain and other geographical constraints, are less vulnerable to built-up areas."
Article_57,"The LULC change analysis of the maps from 2016 to 2025 and 2016 to 2040 is shown in Tables The swift expansion of urbanized regions, stemming from demographic expansion and the influx of tourists, emphasizes the critical significance of implementing sustainable urban planning strategies."
Article_57,The increasing population and tourists will remain the major driving factors for the change.
Article_57,"The decrease in agricultural areas indicates a shift in agriculture practice, which lately has been the preferred occupation of the residents."
Article_57,"Further, the decrease in protected areas indicates the persistent encroachments and abeyance of legislation."
Article_57,The study predicts that the built-up areas will increase by 17.84% in the year 2025 and 19.69% by the year 2040.
Article_57,"The protected areas will decrease by 14.75% and 16.66%, agricultural areas by 2.81% and 2.72%, and barren land by 0.29% and 0.31% for the years 2025 and 2040, respectively."
Article_57,"The rapid increase in population and tourism has led to a significant rise in built-up areas, creating an urgent demand for more land and putting undue pressure on protected areas and agricultural areas."
Article_58,"Drought severity (extreme, severe, moderate and mild) and the percentage of land areas affected varied in both space and time."
Article_58,"The growing seasons of 2002-2003, 2003-2004 and 2015-2016 were the most drought-stricken in the entire time series, coinciding with the El Niño southern oscillation (ENSO)."
Article_58,"With the above-normal vegetation productivity in the ongoing season (2020-2021), the results suggest the reversal of the negative vegetation trends observed in the preceding growing seasons."
Article_58,"Relating drought severity and intensities to LULC and change in selected drought years revealed that most lands affected by extreme and severe drought (in descending order) were in tree-covered areas (forests and woodlands), grassland/rangelands and croplands."
Article_58,These LULC types were the most affected as extreme drought intersected vegetation productivity decline.
Article_58,"The most impacted constituencies according to drought severity and the number of drought events were Mahalapye west (eight), Mahalapye east (seven) and Boteti west (seven)."
Article_58,Other constituencies experienced between six and two drought events of varying durations throughout the time series.
Article_58,Drought severity was compared to the official declarations of drought years by the government.
Article_58,Drought frequency was computed as the count of the number of drought years in the entire time series (growing seasons 2000-2001 to 2017-2018).
Article_58,"A year with an annual VCI value of 40 or less is identified as drought-stricken and the sum of such drought years per constituency in the entire time series amounts to the frequency of drought | Land Use-Land Cover Change: In addition to vegetation trends, drought severity was examined according to LULC types."
Article_58,Drought intensity is expressed as a percentage of the area under each LULC type affected by varying drought severity and non-drought conditions.
Article_58,"Seasonal maps depicting spatial and temporal variations in drought severity for the CDB were produced (Figure | Area of Land Use-Land Cover Change and Persistence: In the CDB, areas of LULC persistence, i.e., unchanged, between 2000 to 2018 amounted to 88% (130,166 km 2 )."
Article_58,"Figure | Area of Land Use-Land Cover Change and Persistence: In the CDB, areas of LULC persistence, i.e., unchanged, between 2000 to 2018 amounted to 88% (130,166 km 2 )."
Article_58,"The focus is on major LULC types (tree-covered area, cropland, otherland and grassland), as these made up over 95% of the study area as of 2018."
Article_58,"The focus is on major LULC types (tree-covered area, cropland, otherland and grassland), as these made up over 95% of the study area as of 2018."
Article_58,"For example, when compared to the mean, vegetation productivity was very limited in 2002-2003 (the worst drought episode in the time series)."
Article_58,Drought occurrence was evident during the growing seasons of eight declared drought years in line with The lower than normal vegetation productivity during some of the drought-stricken growing seasons can be attributed to droughts linked to El Niño southern oscillation (ENSO).
Article_58,"For example, the prolonged droughts in the growing seasons of 2002-2004 and 2015-2016 coincided with the El Niño years in the recent records Comparing the ongoing growing season (2020-2021) with the mean for the entire time series, we found above-normal vegetation productivity after mid-October 2020 until February 2021."
Article_58,"Thus, this suggests the full recovery of vegetation productivity during this season from the impacts of the prolonged droughts in the last couple of growing seasons."
Article_58,"Moreover, the growing season has not ended yet."
Article_58,"The growing season spanning the first dekad in October to the third dekad in March was chosen to align the cropping and the raining season in Botswana, which enabled the exclusion of the dry season from the drought analyses."
Article_58,"For example, in CDB between 2000 and 2018, vegetation productivity declined in most forests, woodlands, croplands and grasslands."
Article_58,"In land change areas, the trend of declining vegetation was equally high."
Article_58,"In areas of persistence, the greatest percentage of improved vegetation productivity was in wetlands, settlements, and otherlands."
Article_58,Minimal improvement of vegetation trends in forested areas can be attributed to the overall increase in tree-covered areas during the study period.
Article_58,"Previous studies in dryland contexts such as Botswana and elsewhere associate the improvement in vegetation productivity partly to bush-encroachment which remote sensing vegetation indices capture as vegetation greening but bush-encroachment is undesirable in cattle-based systems Relating LULC change to land degradation, conversion of tree-covered areas to grassland, otherland and cropland, is degrading."
Article_58,This is because these land transitions drive the removal of vegetation cover and contribute to land degradation processes.
Article_58,"Similarly considered as degrading land transitions are those involving the conversion of grasslands into croplands, artificial surface areas and otherlands."
Article_58,"For example, the water crisis of 2015-2016 resulting from relatively low, erratic rainfalls reduced water levels and water inflows into dams drastically across the country | Drought Severity in the Constituencies: Relating drought severity to the years declared as drought-stricken by the government, the results reveal that not all constituencies were equally affected by drought, as severity differed from severe to mild drought."
Article_58,"Moreover, drought severities in some declared drought years were not as widespread in the CDB as in other parts of the country."
Article_58,"For example, the growing season of the year 2009-2010 had improved vegetation productivity in response to above-normal rainfall recorded in previous months, which resulted in flooding events in five sub-districts in the CDB (Serowe/Palapye, Tutume, Boteti, Mahalapye and Bobirwa) Drought severity was further gauged by the frequency at the constituency level."
Article_58,"Over the study period, the constituencies experienced between eight to two drought events."
Article_58,"Examples are Mahalapye west and east, with eight and seven drought occurrences, respectively, ranging from moderate to mild drought."
Article_58,Boteti west experienced seven drought events with severity ranging from severe to mild.
Article_58,Drought effects on vegetation productivity during the study period were characterised by decreasing vegetation trends in most parts of the district.
Article_58,"Although varying intensities of drought severity (severe, moderate and mild) occurred in the constituencies, the 2002-2003 and 2003-2004 growing seasons were found to be the worst drought periods in the entire series, as most parts of the district were affected."
Article_58,"Using the example of the 2002-2003 drought-stricken growing season, the highest percentage of land impacted by extreme and severe droughts were found in tree-covered areas, croplands and grasslands, whereas improved vegetation trends were found mostly in wetlands and some instances in otherland areas including barelands."
Article_58,"Moreover, the results suggest that even in declared drought years, droughts severity varied, and the effects differed between constituencies."
Article_59,"Detecting and Analyzing Land Use and Land Cover Changes in the Region of Al-Jabal Al-Akhdar, Libya Using Time-Series Landsat Data from 1985 to 2017 The region of Al-Jabal Al-Akhdar in northeastern Libya has undergone rapid, wide-ranging changes in the land use and land cover (LULC) intensified by the conversion of natural resources for food purpose, urbanization, and other socioeconomic benefits."
Article_59,"The observed changes were indicative of a decrease in the expanse of the natural Mediterranean forest which lost 9018 ha over 32 years, 39% of its total area, with the highest deforestation rate registered between 2010 and 2017 estimated at 513 ha."
Article_59,"Orchards and rain-fed agriculture lands gained 4095 ha, which matches 55% of initial area, whereas the land under irrigated crops increased by 2266 ha, about 85% of the original area."
Article_59,The area of urban and built-up land in 2017 was more than double in 1985 and achieved the highest urbanization rate between 2010 and 2017 at 203 ha.year -1 .
Article_59,Results indicate an unstable trend of bare and low vegetation lands which generally increased by about 50%.
Article_59,"Introduction: Many countries in the world are faced with rapid, wide-ranging changes in land use (e.g., human activities and various utilization of the land) and land cover (e.g., physical characteristics of the land surface) Globally, land use change through the conversion of the world's forest land to other uses continues on an increasing scale due to the unprecedented growth of the human population which increases the demand for food and land In Libya, LULC changes have been intensified by the conversion of natural resources for food purpose and other socioeconomic benefits which have increased land exploitation and conversion by humans both on spatial and temporal scales Land cover classification is one of the most important remote sensing applications in the interests of identifying features such as land use by employing commonly multispectral satellite imagery In Libya, LULC change continues without a national monitoring program | Materials and Methods: | Study Area: Libya lies along the southern side of the Mediterranean coast, approximately between the latitudes of 19 • 30 N and 33 • 10 N and the longitudes of 09 • 30 E and 25 • 00 E. Libya is mostly a desert country with a dry climate and a rare vegetation cover."
Article_59,"However, the region of Al-Jabal Al-Akhdar in the northeastern part is an exception with a relatively high annual rainfall (250-650 mm) combining intense farming areas, natural forests, and shrubs."
Article_59,This region is the most favored part of the country from the climatic aspect with human settlements and land use dating back to the classical period and where agricultural activities are concentrated and expanding until today.
Article_59,"During the 15-year time frame from 1985 to 2000, the area covered by NMF declined by 2724 ha, viz."
Article_59,"Table It is important to remember that, in 1986, under the previous political regime, the Ministry of Agriculture in Libya was abolished with all its departments and various control and enforcement agencies at the national level including the forest guard; thus, the agricultural sectors in all regions regrouped under the management of the sector directors, and this encouraged forests encroachment and failure of protection efforts."
Article_59,"The weakness of institutions and absence of accountability among other factors encouraged the local people to engage in forest encroachment by either clearance of vegetation cover for agricultural expansion or by cutting trees for gathering firewood, especially for making the popular Libyan bread, in addition to producing charcoal for heating, barbecue, and cooking."
Article_59,"In addition, some landowners have tried exploiting forest land in an attempt to regain their lands that were confiscated and turned into state property by law (No."
Article_59,"Although the Ministry of Agriculture was reinstated in 1990 and a new forest law was enacted in 1992 to correct the accesses committed, the disaster of forest loss had already taken place and its negative effects were visible and tangible."
Article_59,"On the other hand, forests in Libya, like others in the Mediterranean region, which is one of the most affected regions by forest fires, have suffered excessive degradation by fires which are mainly due to manmade activities The area of agricultural land in 2000, in comparison to 1985, increased by 2050 ha, where the area of OR increased from 7426 ha (20.62%) to 8659 ha (24.05%) with an annual rate of 82 ha.year -1 , while the area of IC increased from 2679 ha (7.44%) to 3496 (9.71%) with an annual rate of 55 ha.year -1 (Table Libya has given the agricultural sector the largest share of the allocation of its transformation agenda through developmental projects during the 1970s and 1980s such as vertical and horizontal expansion in crop and fodder production."
Article_59,"The region of Al-Jabal Al-Akhdar received a large share of these allocations that were used to reclaim large tracts of land estimated at about 160,000 ha."
Article_59,"New farms were established in the Al-Jabal Al-Akhdar region to produce fruit and grain crops to attain self-sufficiency in food production; however, substantial areas of natural cover have been left without change for conservation purposes or to be used for natural grazing, particularly on hilly sites."
Article_59,The local people later exploited these marginal unused areas for establishing more private fields to produce cereal crops as well as fruits and irrigated vegetables in order to capitalize on the increasingly lucrative market.
Article_59,"The results shown in Table | LULC Change between 2000 and 2010: During the 10 years between 2000 and 2010, more forest land was cleared or changed to other land uses."
Article_59,"NMF areas, which amounted to 20,385ha (56.61%) in 2000, decreased to 17,685 ha (49.11%) in 2010, with an annual rate of 270 ha.year -1 (1.32%) (Table | LULC Change between 2000 and 2010: During the 10 years between 2000 and 2010, more forest land was cleared or changed to other land uses."
Article_59,"NMF areas, which amounted to 20,385ha (56.61%) in 2000, decreased to 17,685 ha (49.11%) in 2010, with an annual rate of 270 ha.year -1 (1.32%) (Table During the second period, each of the OR and IC classes increased by 1214 ha, with an annual rate of 121 ha.year -1 (Table Population growth and the consequent increase in food demand encouraged farmers in the study area to extend their cultivated areas through the clearance of more forests in order to benefit from the increased profits by marketing the agricultural produce in neighboring towns and cities as well as in the remote areas in the west of the country."
Article_59,"Drilling more underground wells by the local population in the study area, either at their own expense or through state support in form of agricultural and pastoral loans, has greatly augmented the rate of deforestation and land conversion for irrigated agriculture."
Article_59,"Classification results shown in Table The increase in urban expansion might be attributed to population growth within the region of Al-Jabal Al-Akhdar through the period 1995-2006 (Figure The area of BLV in the period between 2000 and 2010, unlike in the previous period | LULC Change between 2010 and 2017: The results shown in Table It should be recalled that the deforestation during the third period was induced by some factors entirely unlike those during the previous periods from 1985 to 2010."
Article_59,"Presently, increased deforestation might be attributed to a of factors including the total breakdown of the Al-Qaddafi regime in 2011 and the accompanying chaos and spread of weapons, the inability of subsequent governments to prevent forest clearance, the lack of housing projects, and the significant increase in land price."
Article_59,"The supervised classification analysis indicated an increase in the area of agricultural land in the study area during the third period (2010-2017), which was estimated at 1883 ha, where the area of agricultural land use increased from 14,583 ha (40.50% of total area) in 2010 to 15,466 ha (44.72% of total area) in 2017 (Table The results shown in Table During the third period, UB extended from 6.75% to 10.70% of the total land use and had an annual rate of increase of 8.36%, which was much higher compared to the previous periods."
Article_59,"The UB area increased from 2430 ha in 2010 to 3852 ha in 2017, achieving a total increase of 1422 ha and representing about 58.52% of the initial area."
Article_59,The annual rate of increase during this period which was estimated at 203 ha.year -1 (Table Results in Table Several factors were responsible for the increase in the urban expansion in the Al-Jabal Al-Akhdar region.
Article_59,"Furthermore, population concentration in cities is not in tandem with their needs for residential schemes due to poor planning and organization which have contributed to the emergence of social and financial motivation for unplanned urban sprawl represented in the dominance of some tribes on large areas of land who capitalized on the housing deficit and the lack of new housing projects to sell land as residential plots without approval from the state."
Article_59,"These people perceive the study area as comparatively safer than other regions in Libya, so land ownership is regarded as a means of attaining stability."
Article_59,"The results in Table On the other hand, forest fires were a serious occurrence that led to the increase in the area of BLV land and to the decline of natural vegetation."
Article_59,"In May 2013, after a dry season with severe shortage of rainfall and severe heat wave, a total of 5924 ha was destroyed in Libya due to more than seven fires of at least 40 ha, most of which occurred in the Al-Jabal Al-Akhdar region, which includes a single very large fire of more than 3300 ha The increased demand for firewood during the years following the Libyan uprising as a result of the wars which broke out in some Libyan cities was another factor that contributed to the decline in forest cover and to the increase in BLV."
Article_59,Cutting forest trees is a negative phenomenon that can lead to stripping plenty of spaces of their natural vegetation cover.
Article_59,"In fact, in such a semiarid climate, the loss of natural trees is difficult to recover due to the inability of the existing tree species in the region to regenerate naturally in addition to other limiting factors such as insufficient moisture due to frequent droughts and soil shallowness resulting from increased erosion rate after removal of protective vegetation."
Article_59,"It was generally observed that there was a significant decline in natural Mediterranean forest (NMF) and a corresponding increase in other land uses such as orchards and rain-fed agriculture (OR), irrigated crops (IC), urban and built-up lands (UB), and bare and low vegetation (BLV)."
Article_59,"The changes observed were indicative of a decrease in the expanse of NMF land, which lost about 39% of its total area over the 32 years, and the highest deforestation rate was registered in the third period (2010-2017)."
Article_59,The high deforestation was generally a result of citizen exploitation of the weakness of the state's institutions post 2011 revolution in addition to the frequency of forest fires.
Article_59,Most of the changed area of NMF were converted for agricultural land use.
Article_59,"Land under the OR class increased by about 55% and achieved a greater rate of increase during the third period, whereas the land under the IC class increased by about 85% with a higher rate of increase achieved between 2000 and 2010, and the lowest rate was recorded during the third period from 2010 to 2017."
Article_59,The urban expansion in the study area was mostly at the expense of forest and agricultural lands.
Article_59,"The annual rate of urbanization during the third period was approximately 10 and 5 times more than those recorded in the first period Indeed, if the present trend of deforestation continues, the forest in the study area will lose more than 50% of its current natural forest cover over the next 15 years."
Article_59,Deforestation in the study area and Al-Jabal Al-Akhdar in general is an important environmental challenge.
Article_60,Arid shrublands and rangelands were observed to present the greatest source of confusion specifically between crops and shrub.
Article_61,"We quantify the extent and fragmentation of suitable habitat across the continental range of Asian elephants (Elephas maximus) based on present-day occurrence data and land-use variables between 850 and 2015 A.D. We found that following centuries of relative stability, over 64% (3.36 million km 2 ) of suitable elephant habitat across Asia was lost since the year 1700, coincident with colonial-era land-use practices in South Asia and subsequent agricultural intensification in Southeast Asia."
Article_61,"Average patch size dropped 83% from approximately 99,000-16,000 km 2 and the area occupied by the largest patch decreased 83% from ~ 4 million km 2 (45% of area) to 54,000 km 2 (~ 7.5% of area)."
Article_61,"Whereas 100% of the area within 100 km of the current elephant range could have been considered suitable habitat in the year 1700, over half was unsuitable by 2015, driving potential conflict with people."
Article_61,"These losses reflect long-term decline of non-forested ecosystems, exceeding estimates of deforestation within this century."
Article_61,Habitat loss and degradation are leading drivers of terrestrial biodiversity loss worldwide 1-3 .
Article_61,An estimated three quarters of the Earth's land surface has been significantly altered by human activities 4 .
Article_61,"2, 3, S3 and Table | Discussion: We find that after several centuries of relative stability, nearly two-thirds of habitat suitable for elephants within the 13 elephant range countries declined within the past 300-500 years."
Article_61,"A gradual negative trend in the extent of suitable habitat commences as early as the 1500 s, but shows marked acceleration during the 1700s."
Article_61,"Whereas all of the area (100%) within 100 km of the current range was classified as suitable in 1700, less than half (48.6%) of it was classified as suitable by the year 2015."
Article_61,"Change in the Largest Patch Index (LPI) signifies that in the year 1700 an elephant might hypothetically have been able to traverse as much as 45% of the ""suitable"" area without interruption, but by 2015 this was down to just 7.5%."
Article_61,"These include two of the top three most threatened ecoregions in the world, the tropical dry forest and tropical/subtropical grasslands and savannahs It has been shown that up to 90% of tropical woodlands were inhabited and shaped by human societies over the past 12,000 years, opposing the view that ""human transformation of terrestrial nature is mostly recent and inherently destructive. """
Article_61,"these landscapes, the losses we report are unlikely to represent areas of pure ""wilderness"" or primary forest, but rather a mixture of habitat types, including those with some degree of human management The presence of elephants in suboptimal habitat today likely reflects a lag between land-use changes and elephant population responses | Regional trends."
Article_61,": Trends in South Asia are largely driven by India and Sri Lanka, which contain the largest remaining wild populations (Table The relationship between people and nature today is complicated by the ongoing expansion of population centers, agriculture sectors, and extractive economic activity that places additional pressure on forest resources This longer perspective also contextualizes another recent study in Nepal that documented changes in forest cover between 1930 and 2020 using topographic maps and satellite imagery Table quantified directly using data on forest cover change over the past century but negative incidents may be most prevalent in areas of relatively recent deforestation as remnant elephant populations continue to be displaced."
Article_61,"In Southeast Asia, the disappearance of highly suitable habitat in what is now central Thailand is particularly striking (Figs."
Article_61,"Our results indicate that areas of suitable habitat for elephants have not merely decreased, they have also redistributed (Fig."
Article_61,One study using fine-resolution (1 km 2 ) LULC datasets for India and Nepal predicted a loss of 41.8% of the available habitat over this century | Methods: Elephant occurrence.
Article_62,Impact of land use and land cover change on the landscape pattern and service value of the village ecosystem in the karst desertification control Human activities have had a significant impact on ecosystems.
Article_62,"The results show that: 1) forest land, orchard land, and construction land increase, and dryland and grassland decrease."
Article_62,"According to the socio-economic survey of the study area in 2020, the yield of maize and potatoes, food crops in the region, was 1,333,200 kg and 1,579,500 kg, respectively."
Article_62,"The sown areas were 222.2 hm 2 and 210.6 hm 2 , respectively."
Article_62,"The expansion of these three types of landscapes has positively affected provision services, regulating services, support services, and cultural services, and has contributed to the ecological recovery of karst areas."
Article_62,"However, tree forests, shrublands, and grasslands may coexist in three-dimensional space."
Article_62,"Firstly, during the period of KDC, the vegetation types of the village ecosystems in the karst plateau mountains with potential mild KDC are in positive succession, and the land use is dominated by woodland, or-chard, and construction land, while the area of dry land and grassland shows a decreasing trend."
Article_62,The dominance of shrubland is gradually increasing.
Article_62,"The shape of the orchard and construction land types tends to be more complex, while the shape of woodland, grassland, and cropland tend to be more regular."
Article_62,The shape of the landscape also tends to be regular and clustered.
Article_63,"Over the last 33 years, cultivation and settlement land expanded by 15.7% and 0.34%, whereas dense forest, light vegetation, and grazing land declined by 9.2%, 4.97%, and 1.85%, respectively."
Article_63,e establishment of the resettlement program and population pressure and associated demands were the major driving forces behind the land use/cover change.
Article_63,"Whereas increased soil erosion, biodiversity loss, and decline in water resources are identi ed as the major impacts of land use land cover changes in the study watershed for the last 33 years."
Article_63,"Geographically, it is located between 7 °5′ to 7 °45′ N and 36 °39′ to 37 °15′ E (Figure Subsistence mixed (crop and animal) agriculture is the major means of livelihood in the area with an average farm size of about one hectare (ha)."
Article_63,")e common growing crops are maize (Zea mays L.), teff (Ergarostis teff Zucc), rice (Oryza galberrima), and beans (Phaseolus vulgaris L.)."
Article_63,"Other less important crops include chickpea (Cicer arietinum), potato (Solanum tuberosum), onion (Allium cepa), cabbage (Brassia aleracea), and Chili pepper (Capsicum spp.)."
Article_63,"Various types of crops such as garlic (Alliium sativum), Ethiopian mustard (Brassica carrinata), oats (Avena sativa), and carrot (Dancus carota sativus) are also cultivated as cash crops."
Article_63,)e land use/cover trend analysis made for the two consecutive periods 1984 to 2000 and 2000 to 2017 has indicated that the watershed was exposed to considerable land use changes (Figures | Cultivation Land.
Article_63,": During the entire period, the area under cultivated land increased persistently from 21.4% (21913.56 ha) in 1984 to 28.2% (28925.48 ha) in 2000 and 37.1% (37991.28 ha) in 2017 (Table | Light vegetation: Areas covered with shrubs, bushes, and small trees, with useful wood, mixed with some grasses."
Article_63,"In this study, this land cover class includes agricultural plantation (such as coffee and chat enset) horticultural plantation (such as fruits, ornamental shrubs, and trees, and vegetable gardens), and agrohorticultural plantation."
Article_63,| Grazing land: Grassy areas are used for grazing.
Article_63,| Cultivation land: Areas of land that is ploughed and/or prepared for raising both annual and perennial crops.
Article_63,"Similarly, in the period between 2000 and 2017, the land under grazing land has shown a declining trend with a value of 17097.78 ha to 1615 ha, respectively )is can be attributed to the rapidly growing demand for cultivated and settlement land for other land uses in that specific period."
Article_63,"However, the establishment of the resettlement program and the ever increasing of population pressure were among the major ones."
Article_63,")ey also mentioned that as a result of the resettlement program there was huge loss of forests within which indigenous trees were removed due to selective logging for house construction, fuel wood, and expansion of crop production."
Article_63,"Juniperous procera, Millettia ferugunea, and Ximenia ameriicana, and species of Acacia were among the woody species that were seriously affected."
Article_63,)e thousands of homes in the Dedo watershed and its surroundings were also good indicators of the extent of the forest destruction.
Article_63,"Overgrazing caused by the shrinking of grazing land causes compaction, which may lead to reduced infiltration rates."
Article_63,": Land use/cover and habitat loss are widely known as the principal causes of biodiversity depletion in Ethiopia )us, the conversion of forest land to other type of land use caused numerous negative impacts on the ecosystem, as well as the livelihood of the society in the study area."
Article_63,")e major changes were expansions of cultivation and settlement land and a decline in grazing, dense forest, and light vegetation land use/cover categories."
Article_63,")e results indicated that dense vegetation land cover was among the most affected land cover with nearly 14.7 and 23.64% of its total area converted into other LULC types between the 1984 to 2000 and 2000 to 2017 periods, respectively."
Article_63,Cultivation land showed significant change over the entire analysis period with a nearly 15.7% increment.
Article_63,)e study also indicated that socio-economic factors mainly population pressure and the establishment of resettlement programs were major driving forces in land use/cover change.
Article_64,"We estimate that land use change has affected almost a third (32%) of the global land area in just six decades (1960-2019) and, thus, is around four times greater in extent than previously estimated from long-term land change assessments."
Article_64,"We also identify geographically diverging land use change processes, with afforestation and cropland abandonment in the Global North and deforestation and agricultural expansion in the South."
Article_64,"Here, we show that observed phases of accelerating (~1960-2005) and decelerating (2006-2019) land use change can be explained by the effects of global trade on agricultural production."
Article_64,We estimate that 17% of the Earth's land surface has changed at least once between the six land categories from 1960 to 2019 (see Fig.
Article_64,"We identify a global net loss of forest area of 0.8 million km², but an expansion in global agriculture (i.e."
Article_64,"cropland and pasture/ rangeland) of 1.0 and 0.9 million km², respectively."
Article_64,"Whereas forest areas in the Global North (including China) have increased, forest areas in developing countries of the Global South have strongly decreased."
Article_64,"The North-South difference in gains and losses of forests, is the opposite for global cropland areas, which have decreased in the Global North and increased in the Global South."
Article_64,"The difference between North and South is less pronounced for pasture/ rangeland change, since pasture expansion both in China and Brazil accounts for a major part of the global land area (see Fig."
Article_64,The rate of global land use change was not constant over time.
Article_64,"However, the data suggest a rather abrupt change to decreasing rates of land use change in the period from 2005, which is most evident in Africa and South America (see Fig."
Article_64,"Aside from globalised trade, other important drivers of land change dynamics, which have increasingly influenced the rate of land use change during the deceleration phase, are climate change and its associated impacts such as extreme events, drought and floods."
Article_64,"While global forest area shows a rather steady annual net decrease, which accelerated during the 1990s (see Fig."
Article_64,"The remaining land portion (FAO land area minus Urban, Cropland, Pasture/rangelands and Forest area) was divided proportionally into LUC category 5: Unmanaged grass/shrubland and 6: Sparse/no vegetation according to the area ratio of these categories in the base map."
Article_65,| Land-cover change: Land-cover transitions over the period of study showed that approximately 6.7% (±0.9%) of the total Australian territory experienced definitive land-cover change.
Article_65,"We show that an error-adjusted area of 510,975 km 2 (±69,877 km 2 ) of Australian land changed at a rate of 17,033 km 2 yr -1 (±2329 km 2 yr -1 )."
Article_65,| Interpretation of land change in Australia: Land change has occurred heterogeneously across Australia and between land-cover classes.
Article_65,"For instance, Croplands continuously declined in area until 2005 when Grassland transitioned to Cropland and Forest, increasing Cropland extent mainly in Queensland and Victoria."
Article_65,"Increases in population and population density, access to markets, and climate conditions are likely to have influenced these cropland dynamics Our definition of Grassland included pastures (managed and unmanaged), chenopods, tussock grasses, and hummock grasses covering around 66% of the Australian land mass and making this class the dominant land-cover class in the country."
Article_65,"At the national level, Grassland increased in extent because of losses in Forest and Cropland (Table Built-up areas experienced the highest relative increases across the country at around 19% over the study period."
Article_65,"The results show that ~6.7% (±0.9%) of the Australian land mass has experienced land change at a rate of ~17,033 km 2 yr -1 (±2329 km 2 yr -1 )."
Article_65,"While the main losses occurred in Croplands and Forests, the highest relative increases were experienced by Built-up areas coming mainly at the expense of Grassland losses."
Article_66,Urbanization and industrialization are one of the major factors to increase temperature.
Article_66,Asansol sub-division is one of the important industrial and urbanized regions of eastern India.
Article_66,The changing land use and land cover patterns show that the coal mine areas have been increased by 15% and urban areas also increased by 60%.
Article_66,It occupies 836.80 Km 2 areas and had a population of 16.72 lakhs in 2011.
Article_66,The southern and northern part of the study area is bounded by Ajay and Damodar River.
Article_66,"With the increase of human demand, coal mines, industries as well as urban area will rapidly increased in the test region, so there will be huge chance of increasing temperature of the above mention landuse regions."
Article_66,"The changing trend of ground surface temperature depicts that maximum and minimum temperature during the summer season has been increased about 0.15 °C and Moreover, the unused fallow land should be converted into vegetation land so that increasing surface temperature will be under control."
Article_66,"In the urban areas, more vegetation should be planted and more parks should be constructed with dense vegetation like Chittaranjan."
Article_67,"The winter LST in the study area increased by approximately 3.5 °C, which may be related to the decrease in the area of Dongting Lake water bodies, water fields and reed flats after the Three Gorges Reservoir was impounded."
Article_67,"The Dongting Lake area is located in the middle and lower reaches of the Yangtze River (28°30′N-30°20′N, 111°40′E-113°10′E), mostly below 50 m above sea level (Fig."
Article_67,"The mean LST of the Dongting Lake area in the last 20 years increased from 7.13 °C to 11.01 °C, an increase of approximately 3.5 °C, which is consistent with the global warming trend (Table correlation between LSt and other factors (nDVi, nDMi, DeM and distance from water body)."
Article_67,"(1) The LULC type in the Dongting Lake area has changed significantly, with the area of water body and paddy field declining continuously and the area of built-up land and dryland increasing gradually; these results indicate that the changes in the LULC type in the area are related to the water impoundment of the Three Gorges Dam and the ecological management policies."
Article_67,"(2) LST in the Dongting Lake area increased by 3.5 °C in winter, with differences in LST of different LULC types, LST of forest land and dryland is higher than that of other land types, and the LST of water body is much lower than that of other land types, also is much lower than the mean LST of the study area."
Article_68,"The major changes include loss of 19.72 km 2 of vegetation cover in various forest types due to increasing biotic interference and over grazing, conversion of 14.77 km 2 of Dense Sal mixed forest to open mixed forest and cultivable land, and 5.0 km 2 teak plantation and Bamboo brakes to agricultural land."
Article_68,Many spots of this area are invaded or replaced by exotic species which is causing the loss of ecology and diversity of this region.
Article_68,"Based on our study Sal mixed forest reduced by 2.88% (5.23 km 2 ), Dense mixed forest 4.02% (9.54 km 2 ), Teak plantation 6.77% (2.61 km 2 ) and Bamboo brakes reduced by 7.66% (2.34 km 2 )."
Article_68,"Moreover, Sal natural regeneration of vegetation would remain crucial, and invasion of exotic species over native species needs to be restored in the forest area."
Article_68,"Dense mixed and Sal mixed forests, Bamboo plantations, Teak forest, Open mixed forest and manmade plantations harbor huge amount of diversity in and around the Achanakmaar Amarkantak Biosphere Reserve (AABR)."
Article_68,"There are many plant species endemic to this area such as Cupressus torulosa, Araucaria bidwilli, Thuja oreintalis, Pinus caribbea etc and are well distributed (  com/40/achanakmar_amarkantak_biosphere_reserve.htm )."
Article_68,"| Material and methods: | Study area: The UNESCO natural heritage site AABR was chosen for research as the biotic interferences have notably increased in the last two decades, causing deforestation and conversion of forest areas to agricultural and open forest area."
Article_68,Reserve forest and different forest types in the core and buffer zones of AABR enrich the floral diversity of this region.
Article_68,"(0.30%), Water bodies was about 6.45 km 2 (1.03%), Agriculture 18.6 km 2 (2.96%), Bamboo Brakes 32.89 km 2 (5.24%), Teak forest area covered 41.15 km 2 (6.56%), Open mixed forest was 92.8 km 2 (14.8%) while, Dense mixed forest and Sal mixed forest had maximum part of the watershed and occupied about 246.5 km 2 (39.32%), and 186.49 km 2 (29.49%) area, respectively."
Article_68,"A comparison of the latest classified maps (2018) with that of (2008) suggested crop land, habitation and open mixed forest increasing from 2.96 to 4.38%, 0.30 to 0.34% and 14 to 16.67%, respectively over the last ten years."
Article_68,"Interestingly, in 2018 map water bodies was less than 1% (5.29 km 2 ) of the total geographical area, 4.87% area was covered by Bamboo Brakes, and Teak forest area was covered 38.54 km 2 (6.14%) which is reduction in the area with respect to 2008."
Article_68,"Similarly, Dense mixed forest and Sal mixed forest types reduced to 66.72% in 2018 against 69% in 2008 due to increasing biotic interference inside the biosphere reserve ( Table Medium resolution (Landsat 7 image) and high-resolution satellite images (i.e."
Article_68,"As demonstrated earlier by Overall accuracy, using LULC classification in the current study varies from 87.69% to 92.4%, which is in agreement of Following the LULC change from 2008 to 2018 in AABR, we could discern notable changes that occurred over the 10-year duration; such as conversion of Dense and Sal mixed forest covers to Open mixed forest and Agricultural land, ecological degradation by anthropogenic activities like slash and burn, overgrazing, overexploitation of MAPs in ground & underground vegetation, encroachment etc., The construction of permanent structure, mining, settlements, water crisis also pose severe pressure on biological resources leading to destruction of habitats of flora and fauna."
Article_68,Many native species are replaced by non-native or exotic species which is affecting the ecology of this region e.g.
Article_68,Sal and Mahua were replaced by tropical Pines and Eucalyptus which is damaging the diversity of AABR.
Article_68,The results of change detection as per Normalized difference moisture index (NDMI) revealed in the study area decreased by almost 1.42% ( Table | Conclusion: AABR has vast forest area with high anthropogenic pressure for resource utilization by tribes and other forest dwelling communities.
Article_68,The decadal LULC changes in the AABR covering an area of 626.76 km 2 in temporal scale from 2008 to 2018.
Article_68,The area is predominantly covered with forest vegetation but substantial conversion witnessed in different vegetation classes such as Dense mixed forest and Sal mixed forest in fringe areas of cultivable land and habitation.
Article_69,"Dynamic change of land use/land cover patterns and driving factors of Nansihu Lake Basin in Shandong Province, China Anthropogenic activities and natural factors have a significant effect on land use/land cover (LULC) patterns of Nansihu Lake basin."
Article_69,The results showed that cultivated land and construction land were the dominant LULC types.
Article_69,"As construction land gradually expanded to the surrounding areas, a large amount of cultivated land was occupied, especially in the peripheral areas of the central cities."
Article_69,"During 1987During -2017, 4109, 4109.22 km 2 of cultivated land was converted into construction land, accounting for 86.38% of cultivated land change, and the contribution rate to construction land was 95.24%."
Article_69,"Because of the severe drought in 2002, waters first decreased and then increased."
Article_69,"The dynamic degree of waters reached 2.11%, and the increment of waters was mainly converted from cultivated land and unused land."
Article_69,"The degree of LULC fragmentation was strengthened, and the distribution showed a diversified trend."
Article_69,"Under different scenarios, the expansion of construction land and occupation of cultivated land will continue to be the main features of LULC changes in the future."
Article_69,"The ES and CS were policy-based scenarios, and their LULC demand were calculated using the modified Markov transition matrix The conversion elasticity (ELAS) is related to the reversibility of LULC changes, which reflects the ease or difficulty of LULC conversion | Results: | Spatial-temporal change of LULC patterns: | LULC pattern index analysis: At the patch level (Table On the whole basin, the ED and PAFRAC displayed a continuous growing trend (Table | LULC dynamic transfer analysis: As seen in Table | Regional differences analysis: According to the preliminary analysis, the two main LULC types in the basin were cultivated land and construction land, and waters were the most typical LULC in Shandong Nansihu Lake basin."
Article_69,"In 1987, cultivated land was densely distributed in most of the basin, except for the central areas of cities, the eastern mountains and Nansihu Lake."
Article_69,"The cultivated land with a high DI (80 < DI ≤ 100) reached 19,455.61 km 2 , covering 67.13%."
Article_69,The largest distribution area of construction land was the region with DI varying from 10 to 20.
Article_69,The construction land with DI ranging from 50 to 100 accounted for only 0.99%.
Article_69,"In 2002, cultivated land showed an overall decreasing trend."
Article_69,The cultivated land with DI ranging from 80 to 100 decreased by 1915.21 km 2 .
Article_69,"The construction land with a high DI (80 < DI ≤ 100) gradually emerged in Juancheng, Dongming, Dingtao, Chengwu, Caoxian and other counties."
Article_69,"The construction land with DI ranging from 50 to 100 reached 593.24 km 2 , with the areal proportion increasing to 2.05%."
Article_69,"A large amount of cultivated land surrounding cities was occupied, and the decrement in cultivated land Fig."
Article_69,"In 2017, construction land increased significantly, while cultivated land tended to decline."
Article_69,"The cultivated land with a high DI (80 < DI ≤ 100) decreased by 8166.05 km 2 , and the areal proportion decreased from 67.13% to 38.96%."
Article_69,"The construction land with DI ranging from 50 to 100 increased from 287.24 km 2 to 2494.91 km 2 , and the areal proportion increased to 8.61%."
Article_69,"The change was more prominent in Mudan District of Heze, downtown Jining and Tengzhou City, where the decrement in cultivated land reached 0.57 km 2 to 1 km 2 within a grid and the increment in construction land reached 0.67-1 km 2 ."
Article_69,"According to the Wald statistics shown in Table | Simulation of LULC patterns under different scenarios: The simulations exhibited similar change trends of cultivated land and construction land under different scenarios, i.e., the expansion of construction land generally would mainly occur at the edges of original cities and at the expense of cultivated land."
Article_69,"Under the NS, the change in construction land would be the largest."
Article_69,"The conversion would occur mainly in Mudan District, Dingtao and Juye Counties of Heze, Jiaxiang County, Rencheng District, Yanzhou, Qufu and Zoucheng Cities of Jining, Tengzhou City of Zaozhuang and other regions with greater development potential along the main railways and highways."
Article_69,"Under the ES, the increase range of construction land would decrease."
Article_69,"The most significant change would be observed in Mudan District, downtown Jining and Rencheng District."
Article_69,"Under the CS, the rangeability of cultivated land and construction land would decrease drastically."
Article_69,This result revealed that the cultivated land would receive effective protection.
Article_69,"Under the NS and CS, the forestland and grassland would decrease in the eastern mountains, the reduction under the CS would be more variable."
Article_69,"Under the ES, these ecological lands would have an ascending tendency."
Article_69,"Among them, the grassland would have the largest increase mainly at the expense of cultivated land, which would sharply increase by 1247.61 km 2 , especially in Juye County, Zoucheng City, Sishui and Ningyang Counties."
Article_69,"The forestland would increase mainly in the eastern mountains, such as southern Sishui County, eastern Zoucheng City and Shanting District."
Article_69,There would be a decreasing trend mainly on the bank of Nansihu Lake and in the eastern mountains for the tendency of unused land.
Article_69,"| Discussion: | Spatial-temporal dynamic change of LULC patterns: Our results revealed that construction land increased sharply and cultivated land decreased dramatically from 1987 to 2017 in Nansihu Lake basin, waters fluctuated with climate and anthropogenic factors."
Article_69,"As a result, cultivated land and construction land were the dominant LULC types."
Article_69,"Urbanization and the reclaiming of cultivated land increased fragmentation, heterogeneity and shape complexity of LULC patterns."
Article_69,The rivers and lakes were invaded and replaced by grassland on the river bank and lakeshore due to the severe drought in 2002.
Article_69,"Our results demonstrated that during 1987-2017, the main change direction involved in cultivated land reduction was the conversion to construction land, and 4109.22 km 2 was converted into construction land, accounting for 86.38% of the cultivated land change; finally, the contribution rate to the construction land was 95.24%."
Article_69,"Due to the forms of urban growth, the construction land expanded outward from the original city centre and along the main lines of communication."
Article_69,"The largest transformation to construction land occurred in the areas surrounding cities and towns, especially in Mudan District of Heze, downtown Jining and downtown Zaozhuang."
Article_69,"These change trends were similar to the findings of | Driving factors of LULC changes: Generally, LULC changes in Nansihu Lake basin were strongly influenced by natural environment and socio-economic factors."
Article_69,"However, the higher distribution probability of forestland and grassland were found at higher altitude and steeper slope."
Article_69,"With the acceleration of urbanization, the urban land demand for infrastructure driving by population growth and economic development increased gradually."
Article_69,"The scale of construction land expanded rapidly, which led to a serious loss of cultivated land and a significant LULC change in the peripheral areas of cities."
Article_69,"Influenced by the radiating and driving effects of the city centre, with the decrease in the distance to cities, the distribution probability of construction land was increased."
Article_69,"The areas surrounding the main roads had become active economic growth areas because of the convenient traffic conditions; moreover, the increase in distribution probability of residential area, township and other construction land led to a remarkable LULC change."
Article_69,"The areas surrounding counties, cities, districts and main roads became hotspots of LULC changes, which led a large amount of cultivated land to be occupied by construction land."
Article_69,"Under different scenarios, the expansion of construction land and occupation of cultivated land will continue to be the main characteristics of LULC changes in the future."
Article_70,"Despite the country's designation of forest regions as protected areas to conserve their valuable resources, deforestation and forest conversion remained unabated."
Article_70,"A significant forest cover loss of around 1117.17 ha (16%) was recorded in the FKWS impact area between 1994 and 2021, with the hugest proportion of 867.78 ha (12.24%) deforested in the first period (1994)(1995)(1996)(1997)(1998)(1999)(2000)(2001)."
Article_70,"Agricultural land also declined by 593.73 ha (8.37%) within the entire period, despite its initial increase of 392.04 ha (5.53%) between 2001 and 2010, being the primary driver of earlier deforestation."
Article_70,"However, in the recent decade (2010)(2011)(2012)(2013)(2014)(2015)(2016)(2017)(2018)(2019)(2020)(2021), settlement expansion of 963.90 ha (13.59%) due to massive human migration in the area contributed to the most remarkable overall land cover change of 1731.51 ha (24.42%)."
Article_70,"Land use land cover (LULC) • Landsat • Normalized difference vegetation index (NDVI) • Soil adjusted vegetation index (SAVI) • Land surface temperature (LST) Introduction: The alarming rate of deforestation and its repercussions have raised concerns on a global scale Bangladesh is a small developing nation with a vast population size that was around 147 million as of mid-2007 and is predicted to be 222 million by 2050 The Fashiakhali Wildlife Sanctuary (FKWS), located within Fashiakhali Forest Reserve, is a protected area in the Chittagong Hill Tracts, Bangladesh and was declared a wildlife sanctuary in 2007 The land cover describes the physical and environmental characteristics of the land surface area, including the presence of water, crops, forests, constructions, etc."
Article_70,"The forest, water, and agriculture/grassland classes predominantly experienced negative changes, although agriculture/ grassland had recorded a considerable positive change within 2001-2010."
Article_70,"On the other hand, the land areas considered bare land and settlement recorded a positive change over the years."
Article_70,"The most significant transitions between 1994 and 2021 were found for forest and settlement, with a total of about 16% loss and 24% gain, respectively."
Article_70,"Of these changes, the hugest forest change was recorded within the earliest seven (7) years evaluated In the recent decade, although the direct conversion of forest for agriculture in the protected area was no longer prominent, there has been continual cultivation of a large expanse of bare land."
Article_70,"The forest cover, predominantly accounting for almost 50% of the entire land area, drastically reduced over the years, especially within the first evaluation period"
Article_71,"The geographical position is between 0 • 45 58.1 north latitude and 24 • 4 6.13 east longitude, approximately 100 km west of Kisangani."
Article_71,"The geographical position is between 0°45'58.1'' north latitude and 24°4'6.13'' east longitude, approximately 100 km west of Kisangani."
Article_71,"Cisterns are present exclusively in Isalowe, Lusambila and Lumumba (Isalowe, Lusambila and Loweo watersheds)."
Article_71,"Cisterns are present exclusively in Isalowe, Lusambila and Lumumba (Isalowe, Lusambila and Loweo watersheds)."
Article_71,"The proportions of DF are much lower in the Isalowe and Lusambila watersheds, where they have a significant proportion of BSR, compared to Lobilo and Loweo watersheds."
Article_71,"This means that as the PD of CL, ED of bare soil and residential and MPA of GL increase, the proportion of | Discussion: | LULC Dynamics in the Yangambi Watersheds: Most of the five watersheds have DF as the highest proportion of LULC."
Article_71,"The proportions of DF are much lower in the Isalowe and Lusambila watersheds, where they have a significant proportion of BSR, compared to Lobilo and Loweo watersheds."
Article_71,"This means that as the PD of CL, ED of bare soil and residential and MPA of GL increase, the proportion of DF patches tends to decrease in the watersheds."
Article_71,"The CL, BSR, GL and PF landscape parameters also change positively with those showing an increase in forest landscape fragmentation (ED and PD), but also a decrease in its proportion in Yangambi."
Article_71,"On the other hand, the increase in PD, MPA, ED, CL, bare soil and GL increased turbidity significantly."
Article_71,"In the old settlements constructed around the houses of INERA workers, especially in Lusambila and Isalowe, the presence of cisterns and improved water springs is noticeable."
Article_71,This situation is amplified by the conversion of DF cover to other types of land use (linked to anthropization).
Article_72,The results of the study show that the main land cover changes in Shandong province during 2000-2020 was cultivated land conversion to artificial surfaces.
Article_72,"Among them, the area of cultivated land converted to artificial surfaces from 2000 to 2010 was 4930.62 km 2 , and the proportion of cultivated land converted to artificial surfaces from 2010 to 2020 was as high as 78.35%."
Article_72,The total carbon stock of vegetation affected by land cover change decreased by 463.96 × 10 4 t and 193.50 × 10 4 t in 2000-2010 and 2010-2020 respectively.
Article_72,"The implementation of the reform and opening-up policy has led to a significant acceleration of urbanisation in China, most notably the dramatic expansion of artificial surfaces."
Article_72,analysed the influence of expanding construction land on carbon emissions related to energy in China and its provinces from 2001 to 2011 11 .
Article_72,This is a very common phenomenon for the current urbanisation process in China.
Article_72,"Jining City covers Weishan Lake, the largest freshwater lake in northern China, and the construction of water storage facilities such as dams and river embankments, as well as river ditches on agricultural land and aquaculture ponds, has led to large changes in the area of water bodies in Jining City The change in water bodies and wetland conversion is mainly distributed in Dongying City."
Article_72,(1) The main change in land cover in Shandong province during the period 2000-2020 was the conversion from cultivated land to artificial surfaces.
Article_72,"From 2000 to 2010, a total of 7748.14 km 2 of cultivated land was transferred, with 4930.62 km 2 being converted to artificial surfaces."
Article_72,"Between 2010 and 2020, the proportion of cultivated land converted to artificial surfaces was as high as 78.35%."
Article_72,The conversion of water bodies and wetland in Dongying City is related to policy factors.
Article_73,| Evaluation Correlation: The | Results and Discussion: | 475: The trend of LULC change from 2005 | 476: to 2020 is summarised in Tables | 587: The results demonstrate that due to anthropogenic
Article_74,"The land cover area represents the forest-covered areas, wetlands, grasslands, water-covered areas, mountainous regions and deserts etc."
Article_74,"We can see LU/LC change happening during the loss or development of forests, agricultural land, bodies of water and urban areas."
Article_75,"As a susceptible area to salinity and desertification, receiving only about 195 mm rainfall annually, the Hable-Rud River basin is especially sensitive to land use/cover changes."
Article_75,"The analysis indicates that over the past 32 years, bare land, saline land, agricultural, industrial, and residential areas have increased by about 8, 6.2, 2.7, 0.63, and 0.48%, respectively; while rangeland area was decreased by 18%."
Article_75,"Results also indicate that given the predicted LC for year 2040 in comparison with the reference year (2017), saline land, agricultural, industrial, and residential areas will be likely to continue to increase by about 3, 1.5, 0.7, and 0.8%, respectively, whereas bare land and rangeland will most likely decrease by about 4.55 and 1.45%, respectively."
Article_75,| INTRODUCTION: The dynamic and sometimes substantial transformation in land use/land cover (LULC) occurs due to socio-economic and natural changes.
Article_75,The Hable-Rud River basin (HRB) has recently encountered desertification problems in its' south.
Article_75,"It receives very low precipitation in some parts of the basin (95 mm), and has a large area of saline lands (1,800 km 2 ) in the southern parts of the basin due to the presence of evaporative sediments."
Article_75,"Situated within the basin are the cities of Firouzkouh and part of Damavand in Tehran Province, and Garmsar, Sorkh, Aradan, and Eyvanekey in Semnan Province."
Article_75,"The geographic location of HRB is shown in Figure Most of the northern region is mountainous, while a large part of the southern region is in the plains."
Article_75,"Firstly, the arid study area has faced several years of drought from 1986 to 2017."
Article_75,"Secondly, during this period, rangeland was widely available for conversion to other LC classes."
Article_76,The built-up area expanded greatly (874 ha) while agriculture land (-687 ha) and barren land (-253 ha) show decreasing trend.
Article_76,The water bodies were found the lowest changes (57 ha) and vegetation cover got the largest proportion in all the years.
Article_76,This green-grey conversion in the last two decades (8.7%) and prospect along the main corridors show the gravity of unplanned urban growth at the cost of vegetation and agricultural land (-6.8%).
Article_76,"It is expected that due to land cover changes by 2032, ~60% of urban and peri-urban areas will experience very hot to hot temperatures (> 31.5°C)."
Article_76,"| Study area: The study area is situated in the southwestern district in Punjab province at the foothill of the Koh-e-Suleiman mountain range (Suleiman Range) The study area received a large population from the surrounding less developed areas in the past two decades mainly due to better quality of life, health care, education, and security reasons."
Article_76,"In 2022, however, the value jumped to 33°C (Figure | Exploring connections among LST, NDBI and NDVI: NDBI is used to identify the human settlements in land cover with few other essential features like roads, dams, canals, etc."
Article_76,"The predicted results of 2032 also indicated the tremendous increase of 4-5° C LST and UHI, which represents an alarming situation for urban dwellers and should be a matter of the highest concern for relevant authorities."
Article_76,"Due to political and socio-economic considerations, the land cover classification revealed that built-up areas and water bodies increased by 8.7 and 0.6%, respectively, over the study period ."
Article_76,"In contrast, bare land and vegetation dropped by 2.5 and 6.8%, respectively."
Article_76,"Although there is a positive association between NDBI and LST, higher LST is reported in areas with less vegetated (barren land) and vice versa."
Article_77,One such montane forest is the transboundary Mt.
Article_77,Elgon forest ecosystem over the last 45 years.
Article_77,Results established that there was an 18% decline in the natural forest cover between 1977 and 2019.
Article_77,There was a similar decline of 15.19% in bamboo forest cover.
Article_77,Plantation forests established in the 1990's also showed a 15.6% decline between 1999 and 2019.
Article_77,"There was, however, a 29% increase in mixed farming, a 10% increase in fallow land and a 0.13% increase in tea plantations."
Article_77,"The negative impacts often associated with land-use changes worldwide have become a global concern Dynamics of Land use and land cover (LULC) change have not been uniform in all parts of the world as a result of different driving forces Although land use change to modern agriculture has been effective in increasing food production, it has also extensively degraded the environment thus gaining a lot of interest because of its role in driving environmental changes | Les images: worrying land-use changes is the conversion of forests to other uses."
Article_77,"Land scarcity in the highlands of East Africa has converted forested lands to agriculture, reducing forest cover."
Article_77,Elgon forest is a transboundary ecosystem in Northwestern Kenya and Eastern Uganda.
Article_77,"In Kenya, it is surrounded by Bungoma County to the south and Transnzoia County to the east."
Article_77,"On the Ugandan side, Mbale district is to the south-eastern part, Sironko district to the west and Kapchorwa district to the north."
Article_77,"Mean temperature is lowest in June to September | | Data collection and analysis: Change analysis was run between | | RE SULTS: Analyses revealed that in 1977, there were five major land uses which included natural forests, bamboo forests, grasslands, mixed farming and fallow land (Figure In 1977, natural forest was the dominant land use/ land cover in the Mt."
Article_77,Elgon forest ecosystem accounting for 36.08% (671.37 km 2 ) of the total land area.
Article_77,Grasslands were the second most dominant land use with 28.23% (525.35 km 2 ).
Article_77,"Bamboo forest accounted for 16.60% (309.7 km 2 ) of the land use while fallow land and mixed farming accounted for 17.68% (328.9 km 2 ) and 1.37% (25.39 km 2 ), respectively."
Article_77,"In 1986, the region still had five major land uses which included natural forests, bamboo forests, grasslands, mixed farming and fallow land (Figure Grasslands covered some 29.38% (546.52 km 2 ) that were mainly used for grazing domestic animals in the forest."
Article_77,Fallow land and mixed farming occupied 21.4% (398 km 2 ) and 12.65% (235.42 km 2 ) of the Mt.
Article_77,Bamboo forests covered some 5.46% (101.79 km 2 ).
Article_77,"Between 1977 and 1986, there was Tea plantation covered some 0.10% (1.81 km 2 ) of the total land area."
Article_77,Elgon forest ecosystem and adjacent areas (1977) There were further changes in land use/land cover changes between 1986 and 1999.
Article_77,"There was a decline of 18.09% in fallow land, 11.16% in natural forest, 10.9% in grasslands and a 0.89% decline in bamboo."
Article_77,The area under mixed farming expanded by 17.48% over the same period (Figure | F I G U R E 3 Land use land cover changes in Mt.
Article_77,"Elgon forest and adjacent regions (1986): Between 1977 and 2019, the size of land under natural forest also declined by 18%, bamboo forests declined by 15.19%, while grasslands declined by 13% (Figure | | DISCUSS ION: Results of this analysis on trends of land use/land cover changes between 1973 and 2019 clearly show that there were notable changes Fallow Land Planted Forest Tea with an annual average decline of 1.24%."
Article_77,The introduction of the first phase of Chepyuk settlement scheme in the region that was predominantly covered by bamboo could explain the major decline in bamboo during this period.
Article_77,"On the contrary, the study revealed a 0.69% annual average increase in mixed farming, 0.24% annual average increase in fallow land and a 0.15% annual average increase in plantation forest."
Article_77,"The result imply that increase in the size of land under agriculture is the major contributor to a decline in natural forests, grasslands and bamboo forests in the Mt."
Article_77,The study revealed that land use change from natural forests to mixed farming and fallow land could explain the decline in the size of natural forest of the study area.
Article_77,Secondary data indicated that increase in population and change in livelihoods sources from nomadic pastoralism to crop farming could explain the increase in land under mixed farming.
Article_77,"In the 1973, the government agreed to resettle the Elgon Dorobos to an area covering 3686 ha at the lower slopes in an area currently known as Chepyuk through legal notice no 51 of 1974 This change in the lifestyle of the people has led to encroachment of the forest for cultivation and exploitation of the forest products The results of this study are in agreement with the findings of In Tanzania, Findings differ from MEICDP (2001) findings who reported an increase in grasslands over this period."
Article_79,"The results show that between 1980 and 2020, the watershed experienced a considerable decline in shrub lands by 40.63% (À235.97 km 2 ), grasslands by 84.86% (À59.14 km 2 ), forests by 52.90% (À98.36 km 2 ), water by 82.03% (À39.27 km 2 ) and wetlands by 38.44% (À3.69 km 2 ); whereas cultivated land, bare land and built-up areas expanded over the same period by 34.25% (+347.42 km 2 ), 132.28% (+60.95 km 2 ) and 461.20% (+25.32 km 2 ), respectively."
Article_79,"The results of the household survey revealed that the perceptions of the locals tended to corroborate these observed LULC patterns obtained from spatial analysis, with 60.50% (n = 192) of the respondents reporting a significant expansion in agricultural land use (at p < 0.05), and 75.80% (n = 241) observing a significant decline in forest areas in the watershed (at p < 0.05)."
Article_79,"Fuel wood collection, timber/poles production, agricultural expansion, population pressure, and high poverty are the major drivers of these LULC changes."
Article_79,| Results and discussion: | Accuracy assessment of the LULC classification: The classified imageries have an overall accuracy of over 86.00% (Table LULC change dynamics in Migori River watershed from 1980 to 2020 LULC changes have been investigated for the years Overall trend analysis of LULC changes The proportionate coverage area of each of the eight classes extracted in the watershed from 1980 to 2020 of LULC change trends is summarized in Table Forest cover in the watershed seems to have declined by about 52.90% (1.48 km 2 /year) notwithstanding the forest conservation efforts since the 1980s championed by the Permanent Presidential Commission on Soil Conservation and Afforestation.
Article_79,"This can be attributed to the expansion of rural and urban settlements and farmlands, weak enforcement of conservation laws, and increased demand for timber as raw materials for construction and fuel wood for household usage."
Article_79,"Although grasslands exhibited an irregular pattern of spatio-temporal changes across the five reference periods, it has experienced a decline of approximately 84.86% (1.48 km 2 /year) over the past 40 years."
Article_79,This substantial decline in grasslands is an indication of the increasing demand for agricultural lands and the development of forests in some of the grasslands.
Article_79,"Moreover, the irregular pattern of changes observed in grasslands from 1980 to 2020 can be attributed to the destruction by constant incidences of fire outbreaks that usually occur in the area during periods of droughts Similar to grasslands, the patterns of spatio-temporal changes in shrub lands showed that it has declined by 40.63% (5.90 km 2 / year) over the four-decade period, which was largely attributed to the conversion to cultivated lands and settlements due to population pressure."
Article_79,"Since 1980, water declined by 82.03% (0.98 km 2 /year) while the wetlands shrunk by 38.44% (0.1 km 2 / year)."
Article_79,"From 1980 to 1990, the watershed experienced considerable positive and negative transformations in the LULC coverage (Table During the same period, shrub land continued to show a negative trend with a 58.38% net loss while built-up lands continued to experience a positive trend with a net gain of 51.23%."
Article_79,"These environmental transformations could generally be attributed to the high rate of population growth observed in Kenya from the late 1980s towards the new millennium, which was estimated to be between 3.20 and 3.60% per annum ."
Article_79,"During the same period, the population growth rate of the entire Lake Victoria basin, under which the watershed is located, was touted to be among the highest in the country at 2.85% per year (III) The pattern of LULC changes between 2000 and 2010."
Article_79,"| Ranked drivers of land use and land cover changes in the watershed: The survey identified 11 major proximate/direct drivers of LULC change in the watershed (Table Concerning the underlying/indirect drivers, that is the forces that indirectly trigger the proximate causes In the survey, approximately 95% agreed that the population of the area has increased over the period under review, which corroborated with population data that indicate that the population of the Migori County where the watershed is situated has grown by Poverty is pervasive in the Kenyan Lake Victoria Basin in which the Migori River watershed occurs, as most households live below the poverty line Due to the high poverty levels, about 93% of the watershed households use three-stone open fire for cooking (Table Although weak government policies regarding natural resources conservation didn't come out strongly among the top underlying drivers of LULC changes in the watershed identified by the survey, weak law enforcement did; which implies that appropriate government policies are in place but their enforcement is weak and ineffective and therefore may not curtail unsustainable land management practices."
Article_79,"These government policies generally prohibit logging for timber or deforestation for fuel wood collection, settlement, or agricultural expansion within these protected areas, the government has been lax in providing the enforcement required to curtail such practices from continuing in the watershed, which may be due to the recognition of the high poverty levels experienced by the rapidly growing population."
Article_79,| Household-level logistic regression of perceived drivers of land use and land cover changes: Logistic regression analysis was carried out to determine the drivers of LULC changes at the household level in the Migori River watershed (Table | Conclusions and recommendations: The study established that the major land use in the watershed during the period under review is cultivated land with an average of 61.44% overall coverage of the total land area during the entire period hence the livelihoods of the watershed inhabitants have been historically agriculture-dependent.
Article_79,"The decline in shrub lands by 40.63%, grasslands by 84.86%, forests by 52.90%, water by 82.03%, and wetlands by 38.44%; coupled with increased cultivated land by 34.25%, bare land by 132.28%, and built-up areas by 461.20% over the period under review indicate that the natural landscapes in the watershed are undergoing destruction at the expense of human settlement and infrastructural developments."
Article_79,"Fuel wood collection, timber/pole production, shifting cultivation, agricultural expansion, charcoal production, population pressure, and high poverty level are the topmost drivers perceived by the watershed communities to be contributing to the land use and land cover changes in the watershed."
Article_79,"Since all these identified drivers are still active in the watershed, the natural landscapes are likely to decline further, with negative implications on watershed ecosystem services, biodiversity, and community livelihoods."
Article_80,"The results from OMR indicated that the LULC change over NI during 1981-2006 resulted a warming of 0.03 • C, and that of NEI during this period resulted a cooling of 1.5 • C. The results from LULC changes during the said period indicated an increase of dry land/snow cover and agriculture/fallow land by ~0.1% of total area and a decrease of shrubs/small vegetation and dense forest over NI by about 0.1-0.2%."
Article_80,"Over NEI, the areas under agricultural/fallow land, open forest and dense forest showed an increase by about 0.8-2.4% during this period, and the areas under dry/snow cover and shrubs/small vegetation indicated a decrease by ~0.7-3.6%."
Article_80,The comparison between the OMR analysis and LULC changes indicated that the warming over NI during 1981-2006 is due to the expansion of the dry land and the decline of dense forest.
Article_80,"On the other hand, the cooling over NEI during the period is attributed to the decline of non-vegetated/small vegetated lands and the expansion of agricultural land/forest covers in that period."
Article_80,"Introduction: Recent studies have revealed that anthropogenic forcing due to the changes in land-use and land cover (LULC) is one of the responsible factors for the temperature change in recent decades Northern India (NI), located in the north part of India, comprising the states of Jammu and Kashmir, Ladakh, Haryana, Punjab, Chandigarh, Uttarakhand, Uttar Pradesh, and the union territories of Delhi."
Article_80,"Sikkim, Assam, Tripura, Arunachal Pradesh, Meghalaya, Manipur, Mizoram, and Nagaland."
Article_80,"NI and NEI are depicted in Figure Land 2021, 10, x FOR PEER REVIEW 2 of 14 forest in Jharkhand state has increased due to the decrease of vegetation cover during 1994-2014."
Article_80,"Similarly, the changes in LULC resulted in warming over Western India due to a decrease in forest areas during 1975-2005 Similarly, LULC changes over Eastern India contributed towards warming at a rate of ~2 °C per decade during 1991-2006 due to conversion of small vegetation into bare lands, while it resulted in cooling during 1981-1990 due to an increase of dense forests and agricultural lands Northern India (NI), located in the north part of India, comprising the states of Jammu and Kashmir, Ladakh, Haryana, Punjab, Chandigarh, Uttarakhand, Uttar Pradesh, and the union territories of Delhi."
Article_80,"Sikkim, Assam, Tripura, Arunachal Pradesh, Meghalaya, Manipur, Mizoram, and Nagaland."
Article_80,Analysis indicated that the warming over NI during 1981-2006 could be due to expansion of the areas under dry land/snow cover and reduction of areas under dense forest during this period.
Article_80,The cooling over NEI during 1981-2006 could be due to the decline of non-vegetated/small vegetated lands and the expansion of agricultural land/forest covers in that period.
Article_80,It is noticed that the dry land/snow cover and shrubs/small vegetation are largely decreased over NEI during 1981-2006.
Article_80,Overall analysis inferred an expansion of the areas under dry land/snow cover over NI during 1981-2006 and a reduction of areas under dense forest over the same region in that period.
Article_80,"On the other hand, a decline of non-vegetated/small vegetated lands is noticed over NEI during this 1981-2006 and an expansion of agricultural land/forest covers is seen over the same region in that period."
Article_81,"This study indicated that in the last 32 years period, agricultural land and residential areas had significantly increased by 15.61% and 8.05% respectively in the basin."
Article_81,"Therefore, proper land management | PUBLIC INTEREST STATEMENT: Human activities are one of the main driving forces of land use and land cover changes, and generally in natural environments."
Article_81,"The basin has minimum elevation at the flood plain of Fogera, Dembia, and Gilgel Abay while the maximum elevation is about 4109 masl in the mountainous area."
Article_81,"Forestland, bush/shrubland, Grassland, Cultivated land, and Residential area were the major land use and land cover classes of the basin."
Article_81,Land use land cover change (Figure Analyses of the result indicated that bushland was the dominant land cover class of 19.
Article_81,39 and 15.82 % next to Agricultural land 37.56 and 43.12 % in 1986 and 2002 respectively.
Article_81,This result reveals that the main source of income was agriculture during this period.
Article_81,Analysis of the 2018 image revealed that agricultural land constituted the largest proportion while bushland was the second dominant coverage of 9.56 % next to Agricultural land in the basin.
Article_81,This result is due to the expansion of population growth and the increments of human needs.
Article_81,"Generally, the result indicates that forestland, bushland, and grassland had decreased while residential areas and cultivated land had increased this may be due to the increment of population growth and high demand for agricultural production."
Article_81,"Agriculture and residential/urban areas showed an increasing trend of 13 and 9.1 %, respectively, while forest, bushland, and grassland showed a decreasing trend of 2.3, 9.8 and 10 %, respectively."
Article_83,"A continuous increase in agricultural, urban, fish farms and natural vegetation areas and a continuous decrease in water bodies and sand areas were detected in the studied area."
Article_83,The agricultural area recorded the highest increase during the period from 1987 to 2000 (305296.1 ha.)
Article_83,"while it increased by 170578.1 ha., during the period from 2000 to 2015."
Article_83,"However, in urban area, the highest increase was recorded during the period from 2000 to 2015 followed by the period 1987-2000 with mean values of 97940.8 and 53112.6 ha., respectively."
Article_83,"The analysis of the results showed that most of Egyptian Delta governorates have been significantly affected by the different classes of land use/land cover change due to agriculture activities, urban growth as a result of human activities dynamic impact."
Article_83,"The estimated cultivated area in the Delta was 1,828,840 ha."
Article_83,"As for agriculture activities the cultivated areas were significantly increased continuously during the period from 1987 to 2015 where the recorded rate of changes was 16.5% and 7.9% during Concerning urban area, the year of 2015 recorded the highest value followed by the year of 2000 and 1987."
Article_83,"The rate of urban ration was increased in the period 1987-2000 by 34.8% from the study area, while increased in the period 2000-2015 by 47.6%."
Article_83,The total change rate in the period from 1987 to 2015 by 99.0% (Table The opposite trend was observed with water bodies' where the largest area was detected in the year 1987 and decreased the years in 2000 and 2015.
Article_83,The total change for the period from 1987 to 2015 was À57698.3 ha.
Article_83,with a rate of decrease by À27.4%.
Article_83,"Regarding fish farms, the largest number was recorded in the year 2015 while the numbers were lower in 2000 and 1987."
Article_83,"It was observed that the change in fish farms area increased by 71745.0 ha during the period 1987-2000, with a rate of 145.9%, while it increased by 59475.6 ha during the period 2000-2015, with a rate of 49.2%."
Article_83,The total change during the period from 1987 to 2015 was 131220.6 ha.
Article_83,"Concerning the natural vegetation area, the results indicated that the year of 2015 recorded the largest area followed by the years 2000 and 1987."
Article_83,The results of change detection showed that the natural vegetation area was increased during the period 1987-2000 where the increasing rate was 21.6% while it increased by 3.4% during the period 2000-2015.
Article_83,The total change for the period from 1987 to 2015was 13165.7 ha.
Article_83,with increasing rate 25.8%.
Article_83,"As for the sabkha, a continuous decrease was detected from 1987 to 2015."
Article_83,"The decreasing rate recorded À39.1%, and À34.9% for the periods from 1987 to 2000 and from 2000 to 2015, respectively, with a total change rate of À60.3% for the whole period from 1987 to 2015."
Article_83,Salts and bare soils exhibited different patterns of change.
Article_83,"However, Salts area in 2015 remained lower compared to that in 1987."
Article_83,The total rate of change during the period from 1987 to 2015 was À34.0%.
Article_83,"As for bare soils, the area was decreased in 2000 compared to 1987 with change rate of À13.4%."
Article_83,In 2015 the bare soils area was increased compared to the area in 2000 and 1987.
Article_83,The recorded change rate was 60.4% during the period from 2000 to 2015 whereas the total change rate during the whole period of study was 38.8%.
Article_83,The sand area followed the same change pattern that was recorded for both water bodies and sabkha area where it decreased continuously from 1987 to 2015 and recorded a total change rate of À36.4%.
Article_83,These results could be attributed to the evaporation due to high temperature besides converting some water bodies to agricultural lands and fish farms decreased the overall area of water bodies.
Article_83,"Regard with to fish farms, this increase that occurred could be referred to the intensive reclamation of sabkha areas and converting these sabkha to fish farming activities."
Article_83,"As for the sabkha, these results could be mainly due to the agricultural expansion and increased urban, which occurred during this period."
Article_83,"Regarding with sand, this is due to the continuous human activities in the studied area which grow towards reclamation of more agricultural lands and increased urban."
Article_83,"As for changes in agricultural area, the eleven Nile Delta governorates showed three different patterns."
Article_83,"The first pattern included six governorates (Sharkia, Monofiya, Ismailia, Kafr El-Sheikh, El-Behera and Alexandria) where the cultivated area recorded continuous increase from 1987 to 2015."
Article_83,"In these governorates, the cultivated area represented 66.0, 72.0 and 74.0% of the total area cultivated in 1987, 2000 and 2015, respectively."
Article_83,"The change percent recorded 24.5% and 12.4% for the periods from 1987 to 2000 and 2000 to 2015, respectively (Table As for the second human activity, urban sprawl, it is clear that the urban area was increased in all Delta governorates through the overall period of study (Table | Governorates: Total agriculture area (ha.)"
Article_83,"area of urban sprawl detected through 1987-2015 was in Port Said represented 129.1 and 370.9%, respectively."
Article_83,"However, change percent of urban sprawl followed a same trend in all over Delta governorates in the both studied periods Water bodies were increased by 3.2% and 1.9% of the total area in five of eleven detected governorates through Finally, sand area was decreased in all Delta governorate (Table | Governorates: Total area Urban (ha.)"
Article_83,highest sand area was detected at El-Behera whereas the smallest area was detected at Gharbia.
Article_83,The change in sand area from 1987 to 2000 was highs compared to other governorates.
Article_83,This may be due mainly to the increase of agricultural land and the reclamation of more land in addition to the increase of urban sprawl.
Article_83,"The analysis of the results also showed that most of Egyptian Delta governorates have been significantly affected by the different categories of land cover such as agriculture, urban, water bodies and sand areas."
Article_84,Results showed that the percentage of the plantation land cover types decreased slightly between 2009 (25.4%) and 2017 (22.5%).
Article_84,"At catchment level, results show that 2017 had a higher water balance than 2009, which was partly explained by the decrease in plantation cover type."
Article_84,"Land cover change alters the atmospheric carbon and nitrogen cycles, albedo, runoff, soil water holding capacity and biodiversity among others at local, regional and global scales Changes in vegetation cover have significant impacts on the surface water budget, especially for evapotranspiration (ET), an important component of the terrestrial hydrological cycle Agricultural and forestry plantations are important economic activities that contribute to local employment and national development."
Article_84,"For example, while Chemura and Mutanga (2017) obtained comparable classification using Landsat data, the XGBoost has added advantages that it is fast and produces smaller but more accurate models as it applies the sparsity-aware split-finding approach to more efficiently train the classifier A significant part of the Buzi Headwaters have been modified by human activities as human-induced cover types (cropland, plantation forest, coffee, tea and water) now dominate the landscape of the sub basin accounting for 44.6% in 2009 and 46% in 2017."
Article_84,The high agricultural development potential of the Buzi Headwaters sub catchment makes the area to be in high demand for agricultural land uses at the expense of natural cover types.
Article_84,"In 2009 a quarter of the catchment (25.4%) was under plantation cover type which reduced to 22.5% in 2017 but in both years exceeding the recommended maximum threshold of 20% of catchment for plantation cover types In addition to changes in area for land cover types, co-occurrences of the plantation cover type was also observed especially for tea and plantation forest."
Article_84,"Tea and plantation forest cover types have been shown to be concentrated in certain localities compared to coffee, which was scattered in smallholder plots across the sub-catchment."
Article_84,"The close association between tea and plantation forest means that these plantation types will take significant areas in particular parts of the catchment, increasing the impact of plantations on the catchment hydrology and other environmental conditions."
Article_84,"The growth of plantation forests has also been linked to large-scale government initiated reforestation programs elsewhere | Land cover change and water balance: Although the plant physiology and management govern negative and positive environmental interactions of plantation land cover types, there are significant differences between annual crops and plantations."
Article_84,We observed that there were changes in land use/cover in Buzi sub-catchment from 2009 to 2017 with major changes related to human dominated activities such as settlements and croplands with decreases in grasslands.
Article_84,"From the results of this study, we conclude that increase in areas under agricultural plantations could threaten water yield as these land cover types increase ET with decreases in their areas being good for positive catchment water balance."
Article_84,"We also found that spatial distribution and rearrangement of plantations within a catchment is an important factor in water balance, as they are some plantations types co-occur and thus are concentrated in specific parts of the catchment."
Article_85,"In the context of Uzbekistan, a country in Central Asia, LULCC has been driven by a complex interplay of socio-economic, political, and environmental factors."
Article_85,"Agricultural expansion and industrial development have reshaped land cover, impacting biodiversity and ecosystem services."
Article_86,"LULC of 2018 showed forest, having an area cover of 52%, as the most dominating land use followed by built-up (43%)."
Article_86,Results indicated that the area under built-up increased by 40% and playground by 7%.
Article_86,"Despite rapid construction activities, forest cover and Powai lake remained unaffected."
Article_86,This anomaly was attributed to the drastically declining barren land area (up to ~ 98%) encompassing additional construction activities.
Article_86,Sustainability of the campus was demonstrated with appropriate measures undertaken to mitigate negative consequences of unwarranted floods owing to the rise of 6% in the forest cover and a decline of 21% in water hyacinth cover over Powai lake.
Article_86,Such losses of greenery were more or less compensated by additional plantation of the trees either in the vicinity of the constructed building or in the nearby gardens (Fig.
Article_86,"Results indicated that the LULC change was major in the case of built-up, barren land, Powai lake, and the WH cover, while the LULC change observed was minor in the case of the forest cover and playground."
Article_86,"The infrastructural development (built-up), including academic building, hostels, and roads, drastically increased in the study period, and the expansion of the built-up cover, in terms of the area, mostly happened through available barren land without interfering with the forest cover."
Article_86,"The overall WH cover decreased significantly from 0.9 km 2 in 2000 to 0.4 km 2 in 2018 in the Powai lake, due to the aesthetics aspect of Hiranandani settlements, but the WH on the IITB's side was not much improved since 2000."
Article_86,"Hiranandani was a tourist place, and thus, to maintain its tourism, the Powai lake at this zone was substantially maintained, which gradually reduced the WH cover to null in the year 2018, thereby bringing back the lake to its initial coverage."
Article_86,"The number of trees on the campus of IITB recorded a fluctuating increase, thus improving the green cover on the campus."
Article_86,This happened because of the increase in the number of trees in the gardens of all buildings and along both sides of the major and minor roads including the surrounding area of the Powai lake.
Article_86,"It was observed during field observation and remote sensing studies that the forest (green) cover was the most dominating land use inside campus, coupled with the presence of the national park in the campus vicinity."
Article_86,"• Removal of the water hyacinth from Powai lake, though appeared challenging, was achievable given the fact that the Hiranandani complex was able to clear it to a considerable extent."
Article_86,"Apart from appropriate water routing and discharging surplus runoff into Powai lake, it was concluded that the forest cover, or more specifically the greater density of the trees, caused higher infiltration of the rain against surface runoff."
Article_87,"By taking Southeast Asia as an example, Figure To illustrate the variations in grassland areas across different future scenarios, we concentrate our focus on the Tibetan Plateau, a representative steppe region (see Figure Along with this environmental shift, intensive animal husbandry is forecasted to persist in this region, which is characterized by a growing population with an unabated demand for animal products and feed."
Article_87,"This interplay of socio-economic and environmental factors contributes to relative stability in grassland area extent, forestalling any drastic reductions."
Article_88,"Detecting and Analyzing Land Use and Land Cover Changes in the Region of Al-Jabal Al-Akhdar, Libya Using Time-Series Landsat Data from 1985 to 2017 The region of Al-Jabal Al-Akhdar in northeastern Libya has undergone rapid, wide-ranging changes in the land use and land cover (LULC) intensified by the conversion of natural resources for food purpose, urbanization, and other socioeconomic benefits."
Article_88,"The observed changes were indicative of a decrease in the expanse of the natural Mediterranean forest which lost 9018 ha over 32 years, 39% of its total area, with the highest deforestation rate registered between 2010 and 2017 estimated at 513 ha."
Article_88,"Orchards and rain-fed agriculture lands gained 4095 ha, which matches 55% of initial area, whereas the land under irrigated crops increased by 2266 ha, about 85% of the original area."
Article_88,The area of urban and built-up land in 2017 was more than double in 1985 and achieved the highest urbanization rate between 2010 and 2017 at 203 ha.year -1 .
Article_88,Results indicate an unstable trend of bare and low vegetation lands which generally increased by about 50%.
Article_88,"Introduction: Many countries in the world are faced with rapid, wide-ranging changes in land use (e.g., human activities and various utilization of the land) and land cover (e.g., physical characteristics of the land surface) Globally, land use change through the conversion of the world's forest land to other uses continues on an increasing scale due to the unprecedented growth of the human population which increases the demand for food and land In Libya, LULC changes have been intensified by the conversion of natural resources for food purpose and other socioeconomic benefits which have increased land exploitation and conversion by humans both on spatial and temporal scales Land cover classification is one of the most important remote sensing applications in the interests of identifying features such as land use by employing commonly multispectral satellite imagery In Libya, LULC change continues without a national monitoring program | Materials and Methods: | Study Area: Libya lies along the southern side of the Mediterranean coast, approximately between the latitudes of 19 • 30 N and 33 • 10 N and the longitudes of 09 • 30 E and 25 • 00 E. Libya is mostly a desert country with a dry climate and a rare vegetation cover."
Article_88,"However, the region of Al-Jabal Al-Akhdar in the northeastern part is an exception with a relatively high annual rainfall (250-650 mm) combining intense farming areas, natural forests, and shrubs."
Article_88,This region is the most favored part of the country from the climatic aspect with human settlements and land use dating back to the classical period and where agricultural activities are concentrated and expanding until today.
Article_88,"During the 15-year time frame from 1985 to 2000, the area covered by NMF declined by 2724 ha, viz."
Article_88,"Table It is important to remember that, in 1986, under the previous political regime, the Ministry of Agriculture in Libya was abolished with all its departments and various control and enforcement agencies at the national level including the forest guard; thus, the agricultural sectors in all regions regrouped under the management of the sector directors, and this encouraged forests encroachment and failure of protection efforts."
Article_88,"The weakness of institutions and absence of accountability among other factors encouraged the local people to engage in forest encroachment by either clearance of vegetation cover for agricultural expansion or by cutting trees for gathering firewood, especially for making the popular Libyan bread, in addition to producing charcoal for heating, barbecue, and cooking."
Article_88,"In addition, some landowners have tried exploiting forest land in an attempt to regain their lands that were confiscated and turned into state property by law (No."
Article_88,"Although the Ministry of Agriculture was reinstated in 1990 and a new forest law was enacted in 1992 to correct the accesses committed, the disaster of forest loss had already taken place and its negative effects were visible and tangible."
Article_88,"On the other hand, forests in Libya, like others in the Mediterranean region, which is one of the most affected regions by forest fires, have suffered excessive degradation by fires which are mainly due to manmade activities The area of agricultural land in 2000, in comparison to 1985, increased by 2050 ha, where the area of OR increased from 7426 ha (20.62%) to 8659 ha (24.05%) with an annual rate of 82 ha.year -1 , while the area of IC increased from 2679 ha (7.44%) to 3496 (9.71%) with an annual rate of 55 ha.year -1 (Table Libya has given the agricultural sector the largest share of the allocation of its transformation agenda through developmental projects during the 1970s and 1980s such as vertical and horizontal expansion in crop and fodder production."
Article_88,"The region of Al-Jabal Al-Akhdar received a large share of these allocations that were used to reclaim large tracts of land estimated at about 160,000 ha."
Article_88,"New farms were established in the Al-Jabal Al-Akhdar region to produce fruit and grain crops to attain self-sufficiency in food production; however, substantial areas of natural cover have been left without change for conservation purposes or to be used for natural grazing, particularly on hilly sites."
Article_88,The local people later exploited these marginal unused areas for establishing more private fields to produce cereal crops as well as fruits and irrigated vegetables in order to capitalize on the increasingly lucrative market.
Article_88,"The results shown in Table | LULC Change between 2000 and 2010: During the 10 years between 2000 and 2010, more forest land was cleared or changed to other land uses."
Article_88,"NMF areas, which amounted to 20,385ha (56.61%) in 2000, decreased to 17,685 ha (49.11%) in 2010, with an annual rate of 270 ha.year -1 (1.32%) (Table | LULC Change between 2000 and 2010: During the 10 years between 2000 and 2010, more forest land was cleared or changed to other land uses."
Article_88,"NMF areas, which amounted to 20,385ha (56.61%) in 2000, decreased to 17,685 ha (49.11%) in 2010, with an annual rate of 270 ha.year -1 (1.32%) (Table During the second period, each of the OR and IC classes increased by 1214 ha, with an annual rate of 121 ha.year -1 (Table Population growth and the consequent increase in food demand encouraged farmers in the study area to extend their cultivated areas through the clearance of more forests in order to benefit from the increased profits by marketing the agricultural produce in neighboring towns and cities as well as in the remote areas in the west of the country."
Article_88,"Drilling more underground wells by the local population in the study area, either at their own expense or through state support in form of agricultural and pastoral loans, has greatly augmented the rate of deforestation and land conversion for irrigated agriculture."
Article_88,"Classification results shown in Table The increase in urban expansion might be attributed to population growth within the region of Al-Jabal Al-Akhdar through the period 1995-2006 (Figure The area of BLV in the period between 2000 and 2010, unlike in the previous period | LULC Change between 2010 and 2017: The results shown in Table It should be recalled that the deforestation during the third period was induced by some factors entirely unlike those during the previous periods from 1985 to 2010."
Article_88,"Presently, increased deforestation might be attributed to a of factors including the total breakdown of the Al-Qaddafi regime in 2011 and the accompanying chaos and spread of weapons, the inability of subsequent governments to prevent forest clearance, the lack of housing projects, and the significant increase in land price."
Article_88,"The supervised classification analysis indicated an increase in the area of agricultural land in the study area during the third period (2010-2017), which was estimated at 1883 ha, where the area of agricultural land use increased from 14,583 ha (40.50% of total area) in 2010 to 15,466 ha (44.72% of total area) in 2017 (Table The results shown in Table During the third period, UB extended from 6.75% to 10.70% of the total land use and had an annual rate of increase of 8.36%, which was much higher compared to the previous periods."
Article_88,"The UB area increased from 2430 ha in 2010 to 3852 ha in 2017, achieving a total increase of 1422 ha and representing about 58.52% of the initial area."
Article_88,The annual rate of increase during this period which was estimated at 203 ha.year -1 (Table Results in Table Several factors were responsible for the increase in the urban expansion in the Al-Jabal Al-Akhdar region.
Article_88,"Furthermore, population concentration in cities is not in tandem with their needs for residential schemes due to poor planning and organization which have contributed to the emergence of social and financial motivation for unplanned urban sprawl represented in the dominance of some tribes on large areas of land who capitalized on the housing deficit and the lack of new housing projects to sell land as residential plots without approval from the state."
Article_88,"These people perceive the study area as comparatively safer than other regions in Libya, so land ownership is regarded as a means of attaining stability."
Article_88,"The results in Table On the other hand, forest fires were a serious occurrence that led to the increase in the area of BLV land and to the decline of natural vegetation."
Article_88,"In May 2013, after a dry season with severe shortage of rainfall and severe heat wave, a total of 5924 ha was destroyed in Libya due to more than seven fires of at least 40 ha, most of which occurred in the Al-Jabal Al-Akhdar region, which includes a single very large fire of more than 3300 ha The increased demand for firewood during the years following the Libyan uprising as a result of the wars which broke out in some Libyan cities was another factor that contributed to the decline in forest cover and to the increase in BLV."
Article_88,Cutting forest trees is a negative phenomenon that can lead to stripping plenty of spaces of their natural vegetation cover.
Article_88,"In fact, in such a semiarid climate, the loss of natural trees is difficult to recover due to the inability of the existing tree species in the region to regenerate naturally in addition to other limiting factors such as insufficient moisture due to frequent droughts and soil shallowness resulting from increased erosion rate after removal of protective vegetation."
Article_88,"It was generally observed that there was a significant decline in natural Mediterranean forest (NMF) and a corresponding increase in other land uses such as orchards and rain-fed agriculture (OR), irrigated crops (IC), urban and built-up lands (UB), and bare and low vegetation (BLV)."
Article_88,"The changes observed were indicative of a decrease in the expanse of NMF land, which lost about 39% of its total area over the 32 years, and the highest deforestation rate was registered in the third period (2010-2017)."
Article_88,The high deforestation was generally a result of citizen exploitation of the weakness of the state's institutions post 2011 revolution in addition to the frequency of forest fires.
Article_88,Most of the changed area of NMF were converted for agricultural land use.
Article_88,"Land under the OR class increased by about 55% and achieved a greater rate of increase during the third period, whereas the land under the IC class increased by about 85% with a higher rate of increase achieved between 2000 and 2010, and the lowest rate was recorded during the third period from 2010 to 2017."
Article_88,The urban expansion in the study area was mostly at the expense of forest and agricultural lands.
Article_88,"The annual rate of urbanization during the third period was approximately 10 and 5 times more than those recorded in the first period Indeed, if the present trend of deforestation continues, the forest in the study area will lose more than 50% of its current natural forest cover over the next 15 years."
Article_88,Deforestation in the study area and Al-Jabal Al-Akhdar in general is an important environmental challenge.
Article_89,"Impact of Land Cover Changes on Land Surface Temperature and Human Thermal Comfort in Dhaka City of Bangladesh Urbanization leads to the construction of various urban infrastructures in the city area for residency, transportation, industry, and other purposes, which causes major land use change."
Article_89,"The results show that the built-up area in Dhaka city increased by 67% from 1993 to 2020 by replacing lowland mainly, followed by vegetation, bare soil and water bodies."
Article_89,"Introduction: Urban land use changes play an important role in influencing regional climate Published in partnership with CECCR at King Abdulaziz University surfaces to built-up areas affects the amount of humidity in the air, which is related to atmospheric temperature The increased global population is accelerating the demand for accommodations, agricultural production, food and shelter."
Article_89,"Consequently, the land cover characteristic is changing for meeting the increased demand of population and replacing the vegetated area with impervious surfaces due to anthropogenic activities, and therefore, leading to climate changes inadvertently Geographic Information System (GIS) and Remote Sensing (RS) are widely used tools to investigate LULC changes and associated LST Some studies show that the temperature vegetation index (TVX) was constructed to investigate the influence of land changes over LST Rapid urbanization has been taking place in the major cities particularly in capital cities (e.g."
Article_89,"On the other hand, vegetation and water bodies gradually decreased while a considerable decrease in the lowland was found in the second stage of the study period (Fig."
Article_89,"For example, From the above results and discussion, the findings of this study can be summarized more specifically as follows: (1) This study revealed significant growth (67.41%) of urban or built-up area, which was converted from vegetation, lowland, bare soil and water bodies."
Article_89,"On the other hand, bare soil drastically increased by filling lowland with sand."
Article_89,"As a result, the area of the higher temperature zone increased substantially."
Article_89,(2) Built-up area and bare soil showed higher LST than other land covers while lowland exhibited lowest LST for all years.
Article_89,"On the other hand, LST decreased with the increased vegetation (NDBI) and water body indices (NDWI) and vice-versa."
Article_89,The land cover of Dhaka city was substantially altered due to rapid urbanization and socio-economic development.
Article_89,"Built-up and bare soil areas increased by 13.61% and 25.24% from losing water bodies, vegetation and lowland during the study period."
Article_89,The built-up area drastically increased in the periphery and northern part of the city while substantial newly grown bareness area replaced most of the lowland and naturally vegetated areas.
Article_89,Area of higher temperature zones increased due to the expansion of urban areas and bare lands.
Article_89,It is also notable that the mean LST gradually increased from 1993 to 2020 irrespective of land cover type.
Article_89,Builtup area and bare soil showed a higher LST while lowland showed the lowest LST.
Article_89,The increase of LST over time was mainly occured due to urbanization.
Article_90,"Land-Use Land-Cover Classification by Machine Learning Classifiers for Satellite Observations-A Review Rapid and uncontrolled population growth along with economic and industrial development, especially in developing countries during the late twentieth and early twenty-first centuries, have increased the rate of land-use/land-cover (LULC) change many times."
Article_91,"The results have shown that, in the past 30 years, the Fincha watershed experienced a reduction in forest and shrubs of about -40% and -13%, respectively, mainly due to ever-increasing agricultural activities, and such a trend is also expected in the future."
Article_91,"In fact, for the period 2019-2050, LCM simulated a significant decrease in both forest and shrubs (around -70% and -20%, respectively), in favor of more areas covered by grass (19%) and built-up (20%)."
Article_91,"To evaluate the quality of the 2019 predicted map against the 2019 reference map, the TerrSet validation module was used Kappa indices, such as kappa for no information (Kno), kappa for location (Klocation), and kappa standards (Kstandards)l are used to identify potential errors To corroborate the study outcomes, a series of statistics were considered Driving forces are the factors that affect LULC changes at the local scale, and therefore they should be locally investigated and addressed The type of land cover is strongly correlated with anthropogenic disturbance, for example, the local population can access resources more conveniently while changing the land use because of the distance from the stream."
Article_91,"In addition, it seems reasonable to use the evidence likelihood, a quantitative variable that reflects the likelihood of discovering change between agricultural land and all other land classes at the relevant pixel, given that the annual pace of agricultural expansion was considerable."
Article_91,"The watershed slope influences the spatial trends of land cover change, leading one to assume that changes in land use are highly influenced by the terrain slope: gains in urban land are primarily concentrated on relatively flat slopes and deforestation declines as the slope's gradient increases."
Article_91,"For example, for distance from the road, if the forest is very close to the road, the rate of forest clearance (deforestation) is very high, and vice versa, i.e., if there is road availability, the people living nearby can clear the forest for agriculture or other purposes."
Article_91,The period between B i and L i is T [year] and determines the rate of change R i .
Article_91,"Over the entire temporal horizon observed (1989 to 2019), a large part of the forest was converted to agriculture and grass/swamps (see Tables A4-A6 for the detailed LULC transition matrixes)."
Article_91,"According to information obtained during field investigations (KII and field evidence), waterbodies increased after the construction of the Nashe Dam."
Article_91,"During the construction of the reservoir, many farmers along and downstream of the Nashe stream were displaced to other agricultural places or towns."
Article_91,The abandonment of fields and the need for resettling in other areas caused a decrease in forests and an increase in built-up areas.
Article_91,"| Conclusions: The present study investigated the historical LULC The study results have shown that, over the last thirty years, the forest covering the Fincha watershed was mostly converted to agricultural and grass/swamp areas."
Article_91,"Indeed, if management strategies are not changed towards a more sustainable approach, also via proper reforms at the national level, an even more significant decrease in forest coverage should be expected in favor of new settlement areas and cropland."
Article_91,"This change could help locals in sustaining their livelihood in the short term, but, in the medium/long term, the reduction in areas covered by forest will contribute to decreasing biodiversity and ecosystem services, as well as fostering soil erosion, with detrimental consequences such as reservoir siltation."
Article_92,"Rapid Land Cover Change in a Submerging Coastal County Sea level rise is reshaping the coasts, allowing coastal habitats such as tidal marshes to migrate inland."
Article_92,"Additionally, the response of people may make specific land cover types more likely to be protected from transition."
Article_92,"We measured land cover change in high resolution aerial imagery over the relatively short period of 2009 to 2017 in coastal Somerset County, Maryland."
Article_92,"In logistic models of land cover transition, we found that 'agricultural land' and 'scrub shrub wetland / forested wetland' cover classes were more likely to transition to 'emergent wetland' than 'forest/scrub shrub' or 'urban or built-up land' cover classes, after controlling for elevation and distance to shore, two wellknown predictors of marsh migration."
Article_92,"Over only 8 years, loss of upland area in the county totaled 6.1 km 2 , of which 5.7 km 2 was agricultural land."
Article_92,"This represents a loss of over 2% of the farmland in the county, the majority of which converted to emergent wetland during the study period."
Article_92,"One of the most striking effects of sea level rise is the transition of uplands to tidal wetlands and open water Characteristics of the landscape are important determinants of the timing and pace of upland transition One landscape factor that has rarely been considered as a determinant of upland transition to marsh is upland land cover type, and that is the focus of this study."
Article_92,"In one explicit consideration of upland land cover type, Furthermore, human interventions have great potential to alter the way upland land cover types transition by either slowing or accelerating change."
Article_92,"Terracing or surface regrading to raise the elevation of the land could also prevent upland conversion of areas in the so-called ""accommodation space"", where marsh migration is predicted to occur."
Article_92,"Lastly, land management practices, such as timber harvest, might affect the water budget of forests or remove relict trees and alter light conditions in areas where forest regeneration has already ceased (""the persistent zone"", In this study, we investigated land cover transitions in a rapidly submerging county on the coast of the Chesapeake Bay over a short time period of 8 years."
Article_92,"Using high resolution aerial imagery, we classified land use and land cover change from 2009 to 2017 to detect land use transitions and determine the effect of initial upland land cover type on the probability of upland transition."
Article_92,"The land cover types in our study area mainly included agricultural land, such as cropland, orchards, poultry houses, irrigation canals, and ponds; urban or built-up land, such as houses, lawns, highways, power infrastructure, towns, and commercial complexes; upland forest; estuarine and palustrine wetlands; and water bodies (see Fig."
Article_92,"Forest/Scrub Shrub Areas dominated by trees and/or shrubs with tree and shrub coverage of 30% or greater, regardless of tidal regime, salinity level, or understory plant community type."
Article_92,"Agricultural Land Crop fields, pastures, orchards, groves, vineyards, and nurseries, ornamental horticultural areas, confined feeding operations, farmsteads, holding areas for livestock."
Article_92,Urban or Built-up Land Areas of intensive use with much of the land covered by structures.
Article_92,"Scrub Shrub Wetland / Forested Wetland Wetlands with 10 to 30% coverage of woody vegetation, regardless of tidal regime or salinity level."
Article_92,"Emergent Wetland Tidal and nontidal wetlands with at least 30% coverage of emergent plants, emergent mosses or lichens and less than 10% coverage of trees and shrubs."
Article_92,"The most common land cover type in the study area in 2009 was forest (39.9%, or 249.23 km 2 , Fig."
Article_92,"| Land Cover Transitions: We found that 1651 patches comprising a total area of 16.1 km 2 , or 2.57% of the total area, transitioned during the study period (Fig."
Article_92,One of the most striking changes in the study region during this time was a loss of agricultural land.
Article_92,Agricultural lands were the largest source of change (38.0%) (Table Forest area experienced little net change during the study.
Article_92,Land transitioning out of forest (25.9%) approximately equaled land transitioning into forest (25.5%).
Article_92,Scrub shrub wetland behaved similarly; the same proportion of land transitioned out (16.1%) and into (16.5%) scrub shrub wetland.
Article_92,"Minimal land transitioned out of urban or water during the study period (3.2 and 1.4% of the transition area, respectively) (Table | Predictors of Land Cover Transitions: Overall, the study region was extremely low elevation, with 71% of the area at less than 2 m (NAVD88) (Fig."
Article_92,"Transitions to emergent wetland from any land cover class occurred at low elevation (<1 m NAVD88), whereas transitions to forest from almost any land cover class occurred at higher elevation (>4 m NAVD88, high for this region) (Fig."
Article_92,"| Probabilities of Upland Land Use Types Converting to Emergent Wetland: Logistic regression results demonstrated that elevation is an important predictor of upland conversion to emergent wetland, with low-lying areas having higher probabilities of conversion (Table In our base model (<2 km from shoreline; <4 m median elevation), the VIF was highest for distance (VIF = 4.06) and the coefficient on distance was insignificant, so our preferred model excluded distance (Table | Discussion: The land use transitions that we observed occurring over the last decade in Somerset County, Maryland are consistent with predicted marsh migration in response to sea level rise."
Article_92,"Emergent wetland area increased, upland area decreased, and upland to emergent wetland transitions were more likely at lower elevation and closer to shore."
Article_92,"Importantly, we found that upland land cover type affected the likelihood of transition to emergent wetland."
Article_92,Transition to emergent wetland was more likely for agricultural and scrub shrub wetland areas than for urban or forest areas after controlling for elevation and distance to shore.
Article_92,"First, crops grown in this region, primarily corn and soy, are more sensitive to salinity and flooding than the predominant forest canopy tree in the region, the loblolly pine Pinus taeda Another consideration is that some land use types may exhibit more frequent and more reversible land cover transitions than others."
Article_92,"For example, agricultural land could be taken out of production and effectively transition to emergent wetland, only to be farmed again in later years if conditions allow."
Article_92,"Forest, for Wetlands example, can subsist in the persistent zone until a single climatic event kills adult and causes a state change to marsh The scrub shrub wetland cover class included tidal and non-tidal freshwater swamps with low tree or shrub cover, whereas tidal and non-tidal freshwater swamps with high tree cover were classified as forest (Fig."
Article_92,"The present rate of sea level rise in the study region is 4.1 mm/yr (NOAA data from 1971 to 2019, Fig."
Article_92,"Surge from a single storm can salinize groundwater for months or years The study period also included a prolonged, extreme drought in summer 2011, with the lowest observed Palmer Drought Severity Index (PDSI) values since 1930 and extreme drought values well below -4 during the growing season months of May, June, and July 2011 (Fig."
Article_92,Conversion of upland area to emergent wetland or open water totaled 6.1 km 2 .
Article_92,"The largest net loss, 5.7 km 2 , was from agricultural land cover (Table | Predictors of Land Cover Change: Interestingly, transitions from agriculture to forest exhibited a similar elevation profile to those from agriculture to emergent wetland."
Article_92,We are also investigating the transition of emergent wetlands to open water during marsh pond expansion | Wetlands: | Conclusion: We report rapid rates of marsh migration and upland conversion in a low-lying tidally dissected county in Maryland.
Article_94,"Other cultivated areas of cropland, built-up, oil palm, and banana plantation covers increased by 21,360 ha (10.5%), 3152 ha (1.6%), 5721 ha (2.8%), and 1823 ha (0.9%), while dense forest, rubber and tea plantation covers decreased by -44,945 ha (-22.1%), -15,557 ha (-7.7%), and -110 ha (-0.1%), respectively, from 1986 to 2018."
Article_94,"Most of the deforestation and LULCC was caused by expansion of other cultivated areas of cropland by smallholders, contrary to the widely publicised narrative of agro-industrial and built-up areas expansion."
Article_94,"The spatial pattern of LULCC showed that expansion of other cultivated areas of cropland and agro-industrial plantations were highest in the north and east zones, respectively, while expansion of builtup areas and decrease in agro-industrial plantation covers were highest in the central, south and western coastal zones of Fako division."
Article_94,"The variations in the spatial patterns of LULCC between the sub-divisions are attributed to differences in rates of population growth and urbanisation, topography, size of farming population, proportion of cultivable land, socioeconomic opportunities, and strength and resilience of Abstract The old paradigm of horizontal expansion of agricultural land and built-up areas over highland and lowland ecosystems remains highly prevalent in Cameroon, causing significant changes in LULC and undermining the resilience and sustainability of social-ecological systems."
Article_94,"In addition, we explored the likelihood of Highlights • Most of the deforestation and LULCC was caused by expansion of other cultivated areas of cropland by smallholders, contrary to the widely publicised narrative of agro-industrial plantation and built-up area expansion from 1986 to 2018."
Article_94,"• Dense forest and rubber plantation covers decreased, while oil palm and banana plantation covers increased, owing to local economics and increase in local and international palm oil demand."
Article_94,"Introduction: Holistically, landscape as a geographical area is characterised by its biophysical contents of observable, natural, and human-induced characteristics, including ecosystem type and socio-cultural relations to areas at different spatial scales Decision-making in land use land cover change (LULCC) can be explained, to a large extent, by the socio-economic, climatic, and soil conditions of a location SES are integrated complex and adaptive systems, in which social and ecological sub-systems are coupled and interdependent, each a function of the other, expressed in a series of mutual feedback relationships Landscapes and their ecosystems are influenced by the institutions that govern their use and by the indigenous communities dependent on the forest resources The spatio-temporal patterns, processes, and causes of LULCC are still not well understood in land system science The old paradigm of horizontal expansion of agricultural land and built-up areas over highland and lowland ecosystems remains the norm in Cameroon, causing significant changes in LULC and undermining the resilience and sustainability of SES along its western highland region, where the study area of Fako division is located."
Article_94,"The biophysical landscape of the study area is composed of important lowland agricultural estates, mountain forests, and coastal mangrove ecological systems across its five sub-divisions, which are undergoing increasing transformation."
Article_94,The sub-region falls within the tropical rainforest zone with an equatorial monsoon climate.
Article_94,"The high annual rainfall and historical volcanic eruption of lava and ash contributes to the very high soil fertility in the sub-region, which is highly exploited for small-, medium-, and large-scale agricultural production activities."
Article_94,"The sub-region presents the best example of historically human-induced progressive conversion and changes in lowland dense forest and grassland cover in Cameroon, predominantly for plantation agriculture, a legacy of German colonial administration."
Article_94,Current urban sprawl dominated by housing development and expanding arable cropland and agro-industrial plantations in peri-urban areas are significantly transforming the landscape and producing varied social-ecological systems in Fako Division.
Article_94,"In the BUS, continuous expansion of human degradation activities such as land use conversion to agricultural uses impacts forests, woodland, and wetlands, with no productivity gain expected."
Article_94,"In Buea sub-division, dense forest cover decreased from 25,937 to 12,736 ha (-50.9%), that is, by 22.3% of the total land surface area, and at an annual rate of 0.7% (Table In Limbe sub-division, dense forest cover decreased from 12,675 to 9818 ha (-22.5%), that is, by 11.76% of the total land surface area, and at an average annual rate of 0.37% from 1986 to 2018 (Table In Tiko sub-division, dense forest cover decreased from 16,221 to 5179 ha (-68.1%), that is, by 23.8% of the total land surface area, and at an average annual rate of 0.67% from 1986 to 2018 (Table In Muyuka sub-division, dense forest cover decreased from 29,618 to 6859 ha (-76.8%), that is, by 47.4% of the total land surface area, and at an average annual rate of 1.48% from 1986 to 2018 (Table In West Coast sub-division, dense forest decreased from 17,565 to 6232 ha (-64.5%), that is, by 46.1% of the total land surface area, at an average annual rate of 1.44% from 1986 to 2018 (Table For LULCC at the sub-regional scale, mangrove forest, grassland, and montane forest increased from 14,971 to 20,155 ha (2.55%), 9062 to 9686 ha (0.31%), and 2795 to 28,733 ha (12.8%), respectively, from 1986 to 2018 (Table Under the GES analysis, sustainable land management (e.g."
Article_94,"creation of protected areas, community forest, council forest), and afforestation and reforestation (ecosystem restoration initiatives) were ranked as the most important measures towards LULCC reduction in all the subdivisions."
Article_94,"The likelihood of a potential change from one LULC to another was envisaged to be highest for mangrove forest, oil palm plantation, banana planation, water, dense forest, and other cultivated areas in Buea subdivision (Fig."
Article_94,"| Discussion: In the 1980s, landscape transformation in the study area was mainly dominated by conversion of lowland dense forest and grassland to agro-industrial plantations in a time of low population growth and low land and food demand, thus producing more resilient and adaptable SES."
Article_94,"In the 2000s, the historical hot zones for agro-industrial plantations that were initial sites of rapid dense forest cover conversion became attractive sites for conversion to built-up areas and other cultivated areas of cropland in the sub-region, following increased population growth and high land and food demand, thus producing less resilient and adaptable SES."
Article_94,"The spatial pattern of LULCC show some appreciable common decreasing trends in dense forest cover in all the five sub-divisions, with the decrease ranging from 11.76 to 47.4% from 1986 to 2018."
Article_94,"The increased LULCC from the year 2000 are associated with the dwindling resilience and adaptability of SES in areas closer to the sea and national road networks in the sub-region, where social systems such as student villages, residential suburbs, migrant settlements, and farming and fishing village communities have developed and expanded at the detriment of ecological systems such as lowland forests, grassland and mangroves."
Article_94,"Consistent with this result, forest cover loss showed increasing trends in four community forests in Fako division from 2001 to 2018, due to mainly to agricultural expansion, illegal exploitation of wood and non-wood products, and weak governance The decrease in rubber plantation cover, ranging from 1.08 to 13.2% across all the sub-divisions, is indicative of changing global commodity consumption patterns and falling commodity product prices in the export market, consistent with the observations of The population of Fako division has almost doubled over the last 30 years, that is, from 248,032 inhabitants in 1987 to 466,412 inhabitants in 2005 with a growth rate of 4.89, compared to a national average of 2.59%."
Article_94,Urban sprawl remains the dominant and widely prevailing form of urban growth in the sub-region.
Article_94,"Buea and Limbe sub-divisions have higher population growth rates (> 4.5% compared to 2.59% national average), urbanisation rate, socio-economic attractions, business growth rate, and traffic density than Tiko, Muyuka, and West Coast sub-divisions with significantly more agrarian local economy."
Article_94,"Beyond 2000, much of the expansion in built-up areas and other cultivated areas of cropland occurred more in non-forest than forest areas in Buea and Limbe subdivisions, leading to a decrease in the area cover of agro-industrial plantations."
Article_94,"Built-up land expansion due to urban growth usually occurs at the expense of ecological land cover classes in many developing countries In addition, the rapid population growth is causing high land value and increasing competition for farmland, leading to increased food prices, and threatening food security in Buea and Limbe sub-divisions."
Article_94,"In particular, the rapid population growth rate due mainly to migration is triggering unprecedented progressive land tenure change from public land tenure to customary tenure and private land ownership since the 2000s to meet up with the increasing land demand for housing and farmland development."
Article_94,"The wellintended government development strategy of land redistribution (land reform) has increased land and land use conflict, systematic land grabbing by local elites, wealthy business owners and decentralised government administrators, and exacerbated forest clearing and land use conversion for personal gains, consistent with the results of The old paradigm of horizontal expansion of smallholder cultivated areas of cropland and agro-industrial (including non-industrial oil palm) plantations remains the main form of agricultural growth in the sub-region."
Article_94,"It occurs in both non-forest and dense forest areas, mostly in West Coast, Muyuka, and Tiko sub-divisions of the sub-region, with higher farming population and poorer socio-economic development."
Article_94,"Smallholder land use decision-making in terms of survivalist, subsistence-oriented, and market-oriented types are more likely found in areas with higher poverty levels and overall lower levels of socio-economic development Results on the spatial distribution of LULCC in the sub-region indicated dense forest cover and other cultivated areas of cropland, respectively, decreased and increased the highest in the Northern and Eastern zones, located in Muyuka (-47.4% and 16.2%) and Tiko (-23.8% and 11.9%) sub-divisions from 1986 to 2018."
Article_94,"In both sub-divisions, the topography is relatively low-lying, high farming population, and large proportion of cultivable land favoured the conversion of dense forest to cocoa, arable cropland, and agro-industrial plantations."
Article_94,"In the northern zone, the on-going armed conflict in Anglophone Cameroon is causing more and more people to seek semi-permanent refuge in the forests, clearing more forest land to expand farmland and semi-permanent settlements."
Article_94,"In general, the lowland ecological systems in the subregion experienced tremendous transformation due to greater vulnerability to overwhelming human pressure, undermining their resilience and sustainability."
Article_94,"The lowland dense forest and grassland covers were converted to other land uses, mainly other cultivated areas (10.51%), oil palm (2.82%), banana (0.92%) plantations, and built-up areas (1.6%)."
Article_94,"In the lowland ecological systems, LULCC mostly increased with nearness to the Atlantic Coastline and settlements, and along national road networks and major markets linking main cities, towns, and villages in the sub-region, emphasising the vulnerability of lowland and coastalland boundary ecosystems."
Article_94,"Consistent with this study results, On the other hand, the conversion of dense forest to other land uses was lower (-13,201 ha and -22.3%) in the mountain ecological systems in Buea sub-division, indicating their greater resilience to human-induced change relating to deforestation and forest degradation, and lesser vulnerability to agricultural expansion activities compared to lowland areas of Muyuka and Tiko sub-divisions."
Article_94,"The results confirm the hypothesis that LULCC decreased with increase in elevation of Mount Cameroon (4095 m), a biophysical barrier in the northwest zone, emphasising the resilience of the mountain ecosystem in the sub-region."
Article_94,"This is consistent with the findings of | 338: Page 20 of 23 The expansion of agricultural and croplands is consistent with government policy encouraging more youths to engage in agriculture as a means of employment, with the aim of increasing national GDP from export earnings, food security, nutrition diversity, household income, and local economic resilience."
Article_94,"Consistent with this result, The stakeholders emphasised that population growth and sustainable land management, respectively, are the main drivers of increased and decreased degradation under the BUS and GES in the subregion."
Article_94,"The increase in other cultivated areas of cropland, oil palm plantations and built-up areas, and decrease in dense forest and rubber plantation covers dominated the LULCC in the sub-region from 1986 to 2018."
Article_94,"However, most of the deforestation and LULCC was caused by expansion of other cultivated areas of cropland by smallholders, contrary to the widely publicised narrative of agro-industrial and built-up areas expansion."
Article_94,"Expansion of other cultivated areas of cropland, oil palm, and banana plantations were highest in the northern and eastern zones located in Muyuka and Tiko sub-divisions, respectively."
Article_94,"The low-lying topography, higher proportion of cultivable land, farm labour, and predominantly agrarian local economy favoured horizontal agricultural land expansion more in the northern and eastern zones of the subregion."
Article_94,"The increase in built-up areas was highest in Page 21 of 23 338 the central, south, and western coastal zones due to rapid population growth, unregulated urbanisation, and better socio-economic opportunities in Buea and Limbe sub-divisions."
Article_94,"Due to the rapid unregulated urbanisation, urban sprawl was the dominant mode of urban growth in the sub-region."
Article_94,"Oil palm and banana plantations, mangrove, and montane forests showed appreciable resilience to human transformation activities in the sub-region."
Article_94,"Population growth, agricultural and farmland expansion, and infrastructural development were ranked as the three most important drivers of degradation under the BUS, while sustainable land management, good governance, and afforestation/reforestation were ranked as the three most important predictors of LULCC reduction under the GES."
Article_94,"LULCC decreased with increase in elevation of Mount Cameroon (4095 m) in the northwest zone, but increased with nearness to the Atlantic Coast in the western zone and national road networks, emphasising the resilience of the mountain ecosystem and the vulnerability of lowland and coastal-land boundary ecosystems."
Article_94,"The west and south facing slopes of Mount Cameroon harbours high value forests with high endemism and conservation attractiveness, and remains a key biodiversity hot spot, watershed providing clean water, healthy soil and regulating the climate in the central Africa sub-region and beyond."
Article_94,"In general, production and living land covers significantly increased at the expense of ecological land covers."
Article_95,"Over the past three decades, agricultural land, commercial farm, built-up, and water bodies have increased while forestland, rangeland, grazing land, and swampy areas have decreased."
Article_95,Increased cultivation of steep slopes has increased the risk of erosion and sedimentation of nearby water bodies.
Article_95,"A decline in agricultural yield, loss of biodiversity, extended aridity and drought, land and soil degradation, and decline of water resources are the major consequences of LULCC in the Finchaa catchment."
Article_95,"Introduction: Land use/land cover change (LULCC) is among the major factors that affect biophysical systems at all scales In the past, recognition of the importance of the natural environment for human well-being has been less influential in maintaining sustainable development and poverty alleviation strategies In recent years, the study of LULCC has become an important topic of research LULCC processes are triggered by the interaction of anthropogenic and biophysical drivers The upper part of the Blue Nile Basin is characterized by a very rich diversity of natural resources, including land, vegetation, genetic diversity, and water in a diverse biophysical and socioeconomic environment experiencing multi-faceted pressures Relatively abundant water resources in Ethiopia have played a minimal role in the development of the national economy."
Article_95,"As a result, the country intends to place a priority on water resource development as an essential strategy for economic and social development The Finchaa catchment has a large share of Ethiopia's hydroelectric power, sugar, and ethanol supply."
Article_95,"The catchment is characterized by high topographic relief, with elevation ranging from 851 to 3213 meters above sea level."
Article_95,Sparsely located settlements and roads constructed from earthwork were included here as it was difficult to separate them from agricultural lands.
Article_95,"Rangeland (Shrubland) Sparsely located trees with brush and shrub form types, bushes, woodlands, grasses, mixed rangelands, and transitional forests (less dense forests) were included."
Article_95,"| Forest land: Areas covered with a dense growth of trees that include: evergreen forests, mixed forest land, deciduous forest lands."
Article_95,Plantations of indigenous specious of trees were also considered here.
Article_95,"| Grazing land: Area covered with small grasses, scattered bushes and trees, and wetland (intermittent) used for grazing."
Article_95,| Swampy land: Areas that are swampy during both wet and dry seasons Commercial farm Areas used for sugarcane plantations and sesame cultivations.
Article_95,"| Result and Discussion: | Accuracy Assessment: The confusion error matrix and Kappa statistics used for the classification accuracy of 1987, 2002, and 2017 LULC maps are presented in Table | Spatio-Temporal Distributions of Land Use/Land Cover Changes in Finchaa Catchment: Agricultural lands, the dominant land use type of the catchment, covered 36.27% of the study area in 1987, 42.64% in 2002, and 51.86% in 2017 (Table In 1987, forestland, rangeland, and grazing land were the major LULC accounting for 21.55%, 20.63%, and 13.55% of the catchment, respectively."
Article_95,"Similarly, forestland, rangeland, and grazing land were the major LULC in 2002 and 2017."
Article_95,"For the periods of 1987 to 2002 and 2002 to 2017, forestland and rangeland showed the highest decline, whereas agricultural land showed the highest increase."
Article_95,"Comparatively, the LULCC was higher for the changes from 2002 to 2017 than the changes from 1987 to 2002."
Article_95,"Through the matrix, the areas gained, lost, persisted, and swapped among the LULC types were calculated (Table During 1987-2002, the highest losses occurred in rangeland class, followed by forest land and grazing land."
Article_95,Urban and built-up areas followed by water bodies and swampy areas showed the lowest loss.
Article_95,"Similar patterns of changes were observed during the 2002-2017 period with the highest losses shown by rangeland, followed by forest land and agricultural land, whereas the lowest loss was shown by urban and built-up followed by swampy area and water bodies."
Article_95,"The highest gain for the period of 1987-2002 was shown by agricultural land followed by rangeland and forest land, whereas the lowest gain was shown by urban and built up followed by water bodies."
Article_95,"For period's 2002-2017, agricultural land followed by rangeland and grazing land has shown the highest gain while water bodies followed by swampy and urban and built-up area shows the lowest gain."
Article_95,"The lowest persisting LULC class in the Finchaa catchment was urban and built-up followed by rangeland during 1987-2002, whereas agricultural land followed by grazing land has shown the highest persisting LULC class."
Article_95,"| Land Use/Land Cover Change with Slope Gradients in Finchaa Catchment: The continuous demand for agricultural land brought changes in LULC, especially in higher slope areas."
Article_95,"A large part of the land (22.7%) was found in moderately rolling (8% to 15%), followed by the strongly rolling slope (15% to 30%) with the dominant agricultural land."
Article_95,"In 1987, forest lands were higher in undulating slope (2% to 5%), followed by the gently rolling slope (5% to 8%)."
Article_95,"However, in 2017 forest land was higher in the hilly slope (30% to 60%), followed by a strongly rolling slope."
Article_95,"The shift by forest land dominance from the undulating and gently rolling to the hilly and strongly rolling was owing to the agricultural land expansion, urban and built up, and increased water body on the lower slopes."
Article_95,"Over the three decades (1987 to 2017), agricultural land expanded with the maximum rate of expansion shown on slope classes of strongly rolling to very hilly."
Article_95,The forestland was decreased in all slope ranges with the maximum rate of loss in gently undulating to moderately rolling slopes.
Article_95,"Likewise, the swamp area was decreased in all slope ranges."
Article_95,"From 1987 to 2017, the urban and built-up area expanded in all slope ranges with the highest expansion on the moderately rolling to gently rolling slopes."
Article_95,Grazing land was increased only on the slope ranges of 2%-5% and 0%-2% (gently undulating).
Article_95,The highest increase by water bodies was shown on slope ranges from 0% to 2%.
Article_95,"In contrast to water bodies, rangeland decreased on all slope ranges except in very hilly slope areas."
Article_95,The highest decline was shown in the slope ranges from 8% to 15%.
Article_95,"The spatial distribution of LULCC with terrain slope in 1987 and 2017 is given in Table | Drivers and Impacts of Land Use/Land Cover change: The results of FGDs, KIIs, and field observation revealed that both anthropogenic and natural processes derived LULCC."
Article_95,"However, anthropogenic activities were found to be predominant and immediate as compared to the natural process as a driver of LULCC."
Article_95,"From a range of different drivers, respondents perceived six human-related activities as major drivers of LULCC in the study area (Table KIIs and FGDs showed that the focus of the government to build hydropower projects and irrigation projects were among the major socio-economic and institutional causes of LULCC."
Article_95,"For example, the construction of institutes like the Teacher Training College, Technical and Vocational Education and Training, private colleges, the Wollega University Shambu campus, a sugar factory, the Horro Cattle breed production center, and the Shambu referral hospital contributed to urban and built-up area expansion."
Article_95,The expansion of hydropower projects has displaced the community from their farmland and forced them to resettle in other places without adequate compensation.
Article_95,"The increased resettlement on unproductive lands coupled with the relative depreciation of agricultural land made it difficult for inhabitants to remain, forcing them to move."
Article_95,"Further, the lack of jobs for youths and urban developments in the catchment amplified the socio-economic activities for LULCC."
Article_95,"Group discussions with the community and interviews with agricultural experts on how the construction of projects and weak environmental consideration caused LULCC were added as follows: ""The construction of Fincha Dam 1973, Amerti Reservoir in 1987, and Neshe Dam in 2012 displaced many households from their farmland and made the community landless."
Article_95,"""The displacements of the community from reservoir areas have made land scarcity, especially in highland parts of the catchment."
Article_95,"Consequently, there were efforts to drain wetlands mainly for agricultural land expansion, which was described in the local language as 'Duula Caffee Qoorsuu' to mean campaign of wetland draining."
Article_95,"The use of wetlands for agriculture limited the area of communal grazing where many livestock populations were allowed for grazing."""
Article_95,The expansion of agriculture on communal and private grazing lands reduced the area of grazing lands.
Article_95,"Consequently, a small area of land is used frequently for grazing a livestock population beyond its capacity."
Article_95,"These include the decline of agricultural yield, biodiversity, and habitat loss, low and decreasing profitability of farmers, land and soil degradation, water resource decline, and extended aridity and drought."
Article_95,Losses of soil fertility have caused the decline of agricultural yields.
Article_95,"The following quotes show how crop yield and soil fertility is related to the profitability of the farmers: ""Agricultural yields are declined from time to time."
Article_95,"In some areas, the application of fertilizer is not adequate to recover crop yields due to the high decline in soil fertility."
Article_95,"Soil acidity is increasing in the region and lack of adequate resources to treat soil acidity have worsened the situation."""
Article_95,"But now, we are losing some parts of our farms as the land is becoming less fertile, and we are not getting adequate yields."
Article_95,The beginning and expansion of the commercial farms initiated the community to start new cultivation in the lowland areas.
Article_95,"The interview with the natural resource management expert on forest degradation was ""The community used to destroy forests to have new farmland, to build settlements, for charcoal and domestic fuel, timber and woodworks."
Article_95,"Further, farmers expand agricultural lands to natural forests."
Article_95,"Consequently, forest covers are reduced to remnants and are remained around high pick mountain areas, inaccessible areas, and along streams and valleys areas."
Article_95,"Currently, landslides have become the common form of land degradation in Jima Geneti (upstream of Fincha Reservoir)."
Article_95,"An expert interview regarding landslides and their challenge was quoted as follows: ""Landslide was found to be the major problems that destroyed the farmlands, roads, and sometimes houses."
Article_95,"However, the areas affected by landslides are areas that have been covered with forest once, but the forest is cleared now and areas that receive high erosion from the hillside."
Article_95,"Erosion from the roadside, where there is no proper outlet, also caused gully and landslides."
Article_95,The other implication of LULCC revealed in the catchment was the decline of water resources.
Article_95,The farmers cultivate until the edge of the stream and the streams are exposed to siltation and scouring by soil erosion.
Article_95,"In areas where wetlands are drained, the springs are dried out, the levels of hand-dug wells are declined."""
Article_95,"When the level of water in the reservoir area declines, free land will be formed."
Article_95,"Figure | Discussion: | Land Use/Land Cover Changes: The LULCC analysis of Finchaa catchment over 30 years (1987-2017) revealed a dramatic LULCC (Table Although deforestation occurred throughout the catchment, the high decline of forest cover was because of the expansion of the commercial farms, land expansion, and continuous wood extraction."
Article_95,"Before 1987, lowland areas of the catchment (also called Finchaa valley) were covered with forests, woodlands, and rangeland."
Article_95,"In the Finchaa catchment, not only the coverage but also the qualities of the forest compositions (especially indigenous plants) were diminished."
Article_95,"Urban and built-up areas are continuously increasing, with the highest rate in recent years."
Article_95,"The same trend was witnessed in the Blue Nile basin, the Gelda catchment The findings of forest decline and urban growth were also reported with different studies over Africa."
Article_95,"For example, manmade impervious surfaces and built-up have increased at the expense of biomass over the whole of Africa between 2000 and 2015 | Drivers of LULC Dynamics and Their Consequences: Although both natural and anthropogenic drivers of LULCC were stated in the catchment, anthropogenic drivers were marked as the most immediate drivers."
Article_95,"The community also enhances the natural process by deforestation and unsustainable agricultural practices, which worsen the effects of the LULCC."
Article_95,A study conducted in southeastern Ethiopia reported that anthropogenic factors were the major responsible drivers of LULCC The construction of the reservoir had displaced farmers and caused land scarcity.
Article_95,"The scarcity of land, coupled with the need to farm more land, has led the community to cultivate steep slopes."
Article_95,"As presented under the analysis of LULCC with slope (Table Urban development, scarcity of grazing mismanagement, and lack of adequate technology to improve agricultural practices and livestock also contributed to LULCC."
Article_95,The scarcity of land and the need to farm more coupled with resettlement have reduced grazing lands.
Article_95,"The reduction of the grazing land forced the community to reduce their livestock, which has negative effects on household income and their consumption of livestock products."
Article_95,"Likewise, population growth and agricultural expansion were associated with biophysical degradations like soil, water, and environment."
Article_95,"For example, increased agricultural land on a steep slope without proper management practices potentially have increased the vulnerability of the land to erosion and sedimentation in water bodies of the catchment."
Article_95,"A similar study also reported that LULCC has a significant potential for reducing the production of subsistence agriculture production The process of the hydro-development process affected local communities and their livelihoods, mostly by changing access to land and also less water According to KIIs and FGDs, extended aridity and drought (longer dry season) are increasing in the catchment."
Article_95,The increase in the longer dry season has amplified the effects of water security in the catchment.
Article_95,"Between 1987 and 2017, agricultural land, commercial farm, urban and built-up areas increased while rangeland, grazing lands, and swampy area decreased."
Article_95,"The urban and built-up areas show the highest ratio of the net change to persistence, whereas agricultural land has shown the lowest net change to persistence ratio in the 1987-2002 transition."
Article_95,The spatial distribution of LULCC with slope shows a continuous expansion of agriculture and settlement and a reduction of forestland and swampy along all slopes.
Article_95,The rangeland has been decreased in all slope ranges except hilly slope areas.
Article_95,"Agricultural expansion, urbanization and infrastructure developments, timber and woodworks, resettlement, uncontrolled grazing, and weak environmental considerations were identified as the major driving factors of LULCC."
Article_95,"The decline of agricultural yield, biodiversity and habitat loss, low and decreasing profitability of farmers, land and soil degradation, water resource decline, and extended aridity and drought are the major impacts of LULCC perceived by the community."
Article_95,"Notably, increased cultivation of lands situated either on steep slopes or in flood-prone areas requires urgent action to avert the challenges of land and soil degradation as it is threatening the survival of forest remnants and other important natural resources."
Article_97,"Land for solar would amount to over 50% of the current EU urban land, over 85% for India, and over 75% in Japan and South-Korea."
Article_97,Figure Figure | Table 1.: Land occupation characteristics at different solar penetration levels by 2050.
Article_97,"b Land suitable for commercial purposes does not include the use of rooftop space, deserts or dry scrublands that are not suitable for crop, pasture or forest cultivation."
Article_97,"By default, deserts are exempted from land competition in GCAM, while only 10% of current scrublands are included in the land competition module in GCAM v4.3, taking into account both non-fertility of scrublands as well as the protected status of some of these land areas."
Article_98,"Derong County is a part of the Hengduan Mountains area, the most crucial ecological functional area in China, and LULC has changed tremendously in the past 30 years."
Article_98,"The results showed that: (1) From 1992 to 2018, shrubland and grassland decreased, while built-up land, snow, forestland, water body, and cropland area increased."
Article_98,"In contrast, the main decrease factor of ESV was the increase in agricultural economic development and urban expansion from 1992 to 2018."
Article_98,"Introduction: Ecosystem services are closely related to human well-being, are essential to human life, and involve all the benefits that humans obtain from natural ecosystems Globally, land-use/land cover change (LULC) is an extremely dominant factor affecting the ESV changes As a part of the Hengduan Mountains, Derong County is the most representative dry-hot valley region in China Based on the research gap identified above and remote sensing data, this study used the revised equivalent factor method, quantitatively evaluated the LULC changes, ESV changes and analyzed the effects of LULC on ESV of Derong County from 1992 to 2018."
Article_98,"| Results: | Changes of LULC: The spatial distribution of LULC in Derong County from 1992 to 2018 was shown in Figure | Results: | Changes of LULC: The spatial distribution of LULC in Derong County from 1992 to 2018 was shown in Figure From 1992 to 2018, forestland, water body, built-up land, cropland, and snow increased, while shrubland and grassland decreased."
Article_98,"With agricultural economic development and urban expansion, the built-up land and cropland increased significantly."
Article_98,"The built-up land has changed the most, increasing by 2679.68 hm 2 and with an increase rate of 294.09% by 1992."
Article_98,The cropland also increased by 2061.26 hm 2 and with an increase rate of 45.57% by 1992.
Article_98,The shrubland decreased most by 21403.66 hm 2 and with a decrease rate of 20.45% by 1992.
Article_98,"The results of land-use dynamics from 1992 to 2018 showed that shrubland and grassland decreased, with dynamics of -0.79% and -0.22%, respectively."
Article_98,"The other landuse types increased, and the order of increasing speed was: Built-up land > cropland > snow > forestland > water body, with dynamic degrees of 11.31%, 1.75%, 0.94%, 0.44%, and 0.39%, respectively."
Article_98,"As can be seen from Table Soil and water conservation, the implementation of forest projects, and comprehensive ecological management have promoted the restoration of forestland and water body, and the increase in the ESV of forestland and water body."
Article_98,Agricultural economic development and urban expansion have led to the reduction of shrubland and grassland areas and associated ESVs.
Article_98,(2) Ecological projects have played a positive role in improving ESV in Derong county.
Article_99,"Land Use Policy As a result of the socioeconomic transformation, the rapid urban expansion of cities and towns in the Gulf Cooperation Council (GCC) states has predominately led to tremendous pressure on the limited natural resources and loss of productive lands."
Article_99,"The findings revealed that the actual LULC change during 2008-2018 was 12,014 ha of net urban growth (418.5 % change), while the simulated change was expected to be 14,985 ha by 2028, with a total of 37,465 ha increase in the built-up area and urban growth by 2038."
Article_99,"Although the topographic variability will control LULC changes, the urban expansion overly will occupy the arable land across the valleys along with the flat areas."
Article_99,"During the next two decades, the built-up areas will dominant, with a large percentage of vacant land (net loss 12,813 ha) and vegetation cover (net loss 35 ha) will be gradually converted into residential land use."
Article_99,"Mountains cover a quarter of the earth surface, with almost 12 % of the world populations living in mountains and areas that are located in high elevations."
Article_99,"Globally, populations living in mountainous urban zones are gradually increasing Since the recent oil boom During the last decade, an obvious shift in the urban population has taken place in Oman."
Article_99,"The physical landscape of Oman is characterised by two large mountain ranges, Al Hajar Al Sharqy and Al Hajar Al Gharbi mountains (Eastern and western rocky or stone mountains), which cover the northern eastern and western part of the country."
Article_99,"Al Jabal Al Akhdr, which is more than 3000 m height, is the highest mountain in the region (Fig."
Article_99,"The total population of Nizwa city increased from 84,528 in 2010 to 123,396 inhabitants in 2017 The climate is characterised as hot in the summer, with pleasant average temperatures in winter and rain fall, especially in the mountainous region of Al Jabal Al Akhdr."
Article_99,"Topographically, the study area can be divided into three distinct regions: the mountainous area located to the north and northeast (Fig."
Article_99,"| LULC type Description: Built-up area Developed environment including all residential, commercial and industrial areas, urban agglomerations and transportation infrastructure Vegetation Total plant cover which encompasses mixed palm trees, gardens, inner city recreational areas, cultivated lands, grasslands, and agricultural areas Bare land Open land that has no buildings and is not being used, often bare soils, it can be used for several purposes, particularly for residential, agricultural and industrial use Rocky land Land dominated by rocky blocks or consists of large areas of rock which almost cover the entire landscape Mountains Large landforms that rise above the surrounding lands and rugged terrains activity a y."
Article_99,"Accordingly, there is growing pressure on major urban agglomerations, placing intense demand on vacant lands for housing development."
Article_99,"In addition, the major urban expansion occurred across vegetation areas, substantially along open spaces and bare lands."
Article_99,"In the mountainous cities of Oman such as Nizwa, the urbanisation can lead to a sprawl pattern because of rugged terrains, higher slopes, hilltops and unsuitable topographies."
Article_99,"The settlements often are surrounded by mountain ranges, thus flat lands close to existing urban centres are dramatically shrunk by the urban sprawl."
Article_100,The result shows that the considerable changes in LULC have occurred with continuous increase in built-up area and open/fallow land and decrease in agriculture land and vegetation over the study time period.
Article_100,Built-up area increased by about 326 percent and open/fallow land by 44 percent while the agricultural land and vegetation cover have decreased by 12 percent and 34 percent of the total area of study respectively during the study period.
Article_100,"Built-up area has mostly increased at the expense of agricultural land and vegetation cover while vegetation cover has been transformed into Built-up area, Ridge and Agriculture."
Article_100,Population density of Delhi has increased from 6352 persons per sq.
Article_100,"Km in 1991-11,297 per sq."
Article_100,"Built-up area has witnessed a gigantic growth of 114 percent from 1990 to 2003 and 99.02 percent from 2003 to 2018, making an overall growth of 326 percent during the study period (Table Fallow land is next to Built-up that has witnessed massive increase of 44 percent during the study period, however rate of increase was 29.19 from 1990 to 2003 and 9.90 percent from 2003 to 2018."
Article_100,This growth is mostly at the expanse of agriculture which contributes to about 57.6 percent to the total increase of fallow land during the study period.
Article_100,While fallow land has witnessed an increase on western side it has undergone decrease on south-western side of the study area.
Article_100,The Vegetation cover has witnessed the maximum decrease of 34 percent among all the LULC classes during the study period however it decreased by 23 percent from 1990 to 2003 and 15.13 percent from 2003 to 2018 (Fig.
Article_100,"| Discussion: In India, the urbanization has taken place at an unprecedented rate during past few decades, especially after the economic reforms of 1991 The maximum expansion of built-up area has been noticed from the Gautam Buddha Nagar district in which the fast growing Noida city is located and the NCT of Delhi, located in the centre of NCR."
Article_100,"The maximum change is noticed from the built-up area which has increased to about 326.65 percent, followed by open/fallow land which is increased by about 41.98 percent during 1990-2018."
Article_100,"At the same time the vegetation cover, water bodies and agricultural land are declined by -34.84, -22.51 and -12.44 percent, respectively, while the ridge part has noticed a negligible decline in its area."
Article_100,"The result also shows that the agricultural land and fallow land are the major contributors in the growth of built-up area, as the built-up area has expanded mostly over these land use classes, while the vegetation cover also has significant contribution in built-up expansion."
Article_100,"On the other hand, the relationship between total migrants and built-up distribution was weak in 1990, but is moderate and positive in 2003 and high-positive in 2018."
Article_100,"This implies that the increasing migration is the major determinant of built-up expansion; however, it does not completely determine the built-up expansion and land use change."
Article_101,"Furthermore, change detection results show that 13.80% and 14.10% of forest areas have been turned into bare land and urban class, respectively, and 3.90% of the land has been converted into the urban area from 2017 to 2021, suggesting the intensive urbanization."
Article_101,"played an important role in climate change since the pre-industrial era Change detection analysis shows deforestation and rapid urbanization as 18.80% of forest area was converted to bare land, and 38.81% of bare land was converted to urban area throughout the study period."
Article_102,"Between 2001 and 2016, the CONUS landscape experienced significant change, with almost 8% of the landscape having experienced a land cover change at least once during this period."
Article_102,"Nearly 50% of that change involves forest, driven by change agents of harvest, fire, disease and pests that resulted in an overall forest decline, including increasing fragmentation and loss of interior forest."
Article_102,"Agricultural change represented 15.9% of the change, with total agricultural spatial extent showing only a slight increase of 4778 km 2 , however there was a substantial decline (7.94%) in pasture/hay during this time, transitioning mostly to cultivated crop."
Article_102,"Water and wetland change comprised 15.2% of change and represent highly dynamic land cover classes from epoch to epoch, heavily influenced by precipitation."
Article_102,"Grass and shrub change comprise 14.5% of the total change, with most change resulting from fire."
Article_102,"Developed change was the most persistent and permanent land change increase adding almost 29,000 km 2 over 15 years (5.6% of total CONUS change), with southern states exhibiting expansion much faster than most of the northern states."
Article_102,"-3.04%, 39,599 km 2 or -4.11%, and 223 km 2 or -0.08%, respectively."
Article_102,"The total forest extent declined about 63,537 km 2 or -3.12%."
Article_102,One exception was in the Upper Colorado Region where both wetland and water extents were negatively correlated with precipitation.
Article_102,"Terrain, water use patterns and precipitation inputs from outside the region likely provided the major drivers of land cover change rather than precipitation inputs within the region."
Article_102,"| Shrub, grass and bare ground: Total shrub extent in CONUS was 1,760,134 km 2 in 2016 and the change rate varies between 0.52% to -0.82% during the mapping period (Fig."
Article_102,"However, the change in wetland extent was greatest in the southeast U.S., driven by precipitation and the historical pattern of human caused land cover change influencing natural processes The change in cropland footprint (including both classes of pasture/ hay and cultivated crop) was nearly static across the 15 years with only a slight increase of 4778 km 2 ."
Article_102,"However, there was a substantial decline (7.94%) in pasture/hay during this time, going mostly to cultivated crop."
Article_102,"Driving this pasture/hay change was not only the normal crop cycling of agriculture in general, but the more notable permanent conversion of pasture and hay areas in the midwestern and eastern U.S. in part driven by changing climate and economic conditions NLCD will continue to monitor the changing U.S. land cover landscape into the future."
Article_103,"Owing to the enlargement of several worldwide modifications related to the nature of the earth, land use/land cover (LU/LC) change is considered as the matter of utmost importance in the natural atmosphere, and it has also become an interesting area to be studied by the researchers."
Article_103,"Natural and biological landscapes such as forests, marshlands, grasslands, water lands, and urbanized and built areas denote the land cover area detected from the surface of the earth."
Article_104,Finchaa sub-basin lies in 9 • 10' to 10 • 00' North latitude and 37 • 00' and 37 • 40' East longitude covering 3781 km 2 areas.
Article_104,"The catchment is characterized by high topographic relief, with elevation ranging from 851 to 3213 m above sea level."
Article_104,"The area has large upstream water potential sites, intensive irrigable downstream lands, and high hydropower potential."
Article_104,Finchaa sub-basin lies in 9°10' to 10°00' North latitude and 37°00' and 37°40' East longitude covering 3781 km 2 areas.
Article_104,"The catchment is characterized by high topographic relief, with elevation ranging from 851 to 3213 m above sea level."
Article_104,"The area has large upstream water potential sites, intensive irrigable downstream lands, and high hydropower potential."
Article_104,"The sub-basin contains three watersheds; Fincha, Amerti and Neshe Agro ecologically, Finchaa sub-basin is characterized by tepid to cool sub-humid mid highlands in the north-western, moist mid highlands in the south-eastern, and hot to warm moist lowlands in the north-eastern parts of the catchment."
Article_104,"The areas of different land slope classes as shown in Figure Agro ecologically, Finchaa sub-basin is characterized by tepid to cool sub-humid mid highlands in the north-western, moist mid highlands in the south-eastern, and hot to warm moist lowlands in the north-eastern parts of the catchment."
Article_104,"From the land use maps of 2002 and 2017, Finchaa catchment was characterized by expansion of intensive agriculture and urbanization resulting in a natural vegetation decline."
Article_104,"Likewise, the highest rise in maximum and minimum temperature is expected in the midterm scenario (2051-2080) than the near future (2021-2050)."
Article_104,The highest seasonal rise of maximum temperature is reported RCP 8.5 during 2051-2080 while RCP 4.5 reported the lowest rise during 2021-2050.
Article_104,"Likewise, the highest rise in maximum and minimum temperature is expected in the midterm scenario (2051-2080) than the near future (2021-2050)."
Article_104,"Consequently, the catchment will face severe soil erosion, landslides and flash floods."
Article_104,"The increase of temperature and decreasing precipitation under a varying LULC in Finchaa catchment shows a decline of surface runoff, groundwater and total water yield, whereas the projected evapotranspiration is increasing."
Article_104,"The increase of temperature and decreasing precipitation under a varying LULC in Finchaa catchment shows a decline of surface runoff, groundwater and total water yield, whereas the projected evapotranspiration is increasing."
Article_104,"Consequently, the effect of climate change is decisive compared to the LULCC in the Finchaa catchment."
Article_104,"Consequently, climate change is found to be predominant over the effects of LULCC."
Article_104,"Consequently, the catchment is highly vulnerable to climate change and its impacts could range from warming to crop failures as a result of prolonged dry seasons."
Article_105,"This category includes forest areas, agricultural areas, and large-scale plantation schemes such as orchards."
Article_106,"(1) to (3), LAS and LAE are areas of land cover type at the beginning and end of the study period, respectively; T is the monitoring period; 𝐿𝐴 𝑆,𝐸 is the area converted from Sth to Eth type, denotes loss; and 𝐿𝐴 𝐸,𝑆 is the area converted from Eth to Sth type and denotes gain."
Article_106,"1: agricultura l land to built-up area, Sc."
Article_106,"2: agricultural land to forest, Sc."
Article_106,"3: agricultural land to waterbodies, Sc."
Article_106,"4: built-up area to agricultural land, Sc."
Article_106,"7: forest to agricultural land, Sc."
Article_106,"The results revealed that the overall accuracy levels of the land cover for 2000, 2014, and 2017 were 89.57%, 97.75%, and 92.36%, respectively (Table | Land cover change: The Markov transfer matrix was applied to detect land-cover transitions at different times (e.g., However, the water area increased from 2014 to 2017."
Article_106,"The forest area expanded from 2000 to 2014 and from 2000 to 2017, while it decreased from 2014 to 2017 (Fig."
Article_106,"Furthermore, the comparative LCC rate for forests from 2000 to 2017 was 163%, demonstrating a substantial increase in this category."
Article_106,"Built-up areas changed from 2.62% in 2000 to 4.97% in 2017 at a comparative rate of 89.62% (Supplementary Data, Tables | Dynamic index for land cover changes: Throughout the short-and long-term transition periods, BLCDI for the built-up area was significantly higher; the newly developed built-up area was mostly transformed from agricultura l land and waterbodies."
Article_106,This occurred as a result of the expansion of urban areas and constructio n of various types of infrastructure.
Article_106,"More specifically, the increase in population resulted in a higher demand for housing and industrial growth, and consequently, the built-up area increased at the expense of agricultural land and waterbodies."
Article_106,"| Relationships between flooding with land cover change, population growth, and road density: | Spatial pattern assessment: The results of the Moran's I index, derived from spatial correlation are presented in Table Hence, relative changes in flood areas can be inferred to have been associated with LCC, increase in population, and growth of road networks."
Article_106,"Our results indicated that changes in land cover between 2000 and 2017 resulted in increased flood occurrence, especially in the downstream section of the study area."
Article_106,Although open and grassland areas cannot hinder the flow of water The increase in population density has caused rapid urbanization in Bangladesh.
Article_106,"The changes in hydro-morphological cycles, reduction of natural drainage capacity and flooding in densely populated areas are mainly attributable to rapid urbanization."
Article_106,"Furthermore, LCC that occurred in the downstream portion of the monitoring area was associated with changes in flooding areas between 2000 and 2017."
Article_106,"More specifically, a considerable decrease in waterbodies (+11.53% with SLCDI = 0.858%) and agricultural land (+25.94% with SLCDI = 0.90%) was observed, mostly due to rapid urbanization and population growth."
Article_107,"In the present paper, the growth of urban land use was analyzed and predicted in all districts of the El Baha region (Kingdom of Saudi Arabia) based on high-resolution Landsat, 5, 7, and 8 satellite imagery during the period of study between 1985-2021."
Article_107,"The findings of the LULCC analysis based on the MLC indicate great socioeconomic development during the study period and that the urban expansion was at the expense of rangeland, forest and shrubland, and barren land and sand areas, with the contribution of each in the built-up area estimated to be around 9.1% (179.7 km 2 ), 33.4% (656.3 km 2 ) and 57.5% (1131.5 km 2 ), respectively."
Article_107,"The simulation of the future LULCC period 2021-2047 revealed a loss in rangeland, forest and shrubland, and barren land and sand by 565, 144 and 105 km 2 , respectively, where rangeland is the most influenced, its land cover will decrease from 4002 to 3437 km 2 ."
Article_107,"From the obtained results based on MCA, urban growth is predicted to be large and it is estimated at around 2607 km 2 until the year 2047 with a net increase of 811 km 2 ."
Article_107,"LULCC is one of the primary contributors of greenhouse gas stocks resulting from direct human use of lands for commercial uses, settlements, and forestry activities Saudi Vision 2030 is a development plan started by the Saudi government in 2016 which aims to bring the country out of its historical oil rent by diversifying its economy and resorting to various privatizations | Study Area: The Al-Baha region is one of the thirteen administrative regions that make up the Kingdom of Saudi Arabia, the most important of which are al-Mandaq, e Buljurshi, al-Qara, alAqiq, al-Makhwah, Qelwah and al-Baha City (Figure | Study Area: The Al-Baha region is one of the thirteen administrative regions that make up the Kingdom of Saudi Arabia, the most important of which are al-Mandaq, e Buljurshi, al-Qara, alAqiq, al-Makhwah, Qelwah and al-Baha City (Figure The topography of the region is mostly mountains known as the Hijaz Mountains, and the mountainous areas are covered almost entirely by local coniferous juniper trees, in addition to many types of fruit trees, bushes, small shrubs, forests and flowers such as candi, basil, jasmine, Hijazi rose (Aqsh, raspberry) and Arfaj."
Article_107,"Spreading on its slopes are terraces and agricultural terraces in which the residents grow the plants of the region that they rely on for food, such as sorghum, barley, wheat, millet, sesame, lentils, and local vegetables such as pumpkin, potatoes, carrots, tomatoes, peppers, and others."
Article_107,"Figure The topography of the region is mostly mountains known as the Hijaz Mountains, and the mountainous areas are covered almost entirely by local coniferous juniper trees, in addition to many types of fruit trees, bushes, small shrubs, forests and flowers such as candi, basil, jasmine, Hijazi rose (Aqsh, raspberry) and Arfaj."
Article_107,"Spreading on its slopes are terraces and agricultural terraces in which the residents grow the plants of the region that they rely on for food, such as sorghum, barley, wheat, millet, sesame, lentils, and local vegetables such as pumpkin, potatoes, carrots, tomatoes, peppers, and others."
Article_107,"Forests 2022, 13, 1530 9 of 24 3."
Article_107,"| Results: The results of LULCC obtained from MLC of the years 1985, 1990, 1995, 2000, 2015 and 2021 are represented in Figure The LULCC map analysis of the year 1985 revealed that the rangeland area was estimated to be around 5082 km 2 (47.55%)."
Article_107,"The urban expansion was at the expense of rangeland, forest and shrubland, and barren land and sand areas, where the contribution of each one in the built-up areas was estimated at around 9.1% (179.7 km 2 ), 33.4% (656.3 km 2 ) and 57.5% (1131.5 km 2 ), respectively."
Article_107,"| •: The rangeland cover land is the most influenced, it will decrease from 4002 to 3437 km 2 ."
Article_107,"| •: Based on MCA, it seems that urban growth will be extensive, it is estimated at around 2607 km 2 until the year 2047 with a net increase of 811 km 2 ."
Article_107,"| •: The urban growth has been observed in the northern parts (districts) of the study area explaining an urban growth toward the north (Alaqiq, Baljurish and Alatawlah)."
Article_107,"| •: The future simulation for the year 2047 shows that the Alaqiq district will have a great increase in the built-up areas by 471 km 2 from 661 and 1132 km 2 , followed by Baljurish, Qelwah and Elmandaq with a relatively non-significant increase of 77, 24, and 14 km 2 , respectively."
Article_108,"Spatiotemporal trends of urban-induced land use and land cover change and implications on catchment surface imperviousness Urbanization, changes in land use and land cover (LULC), and an increase in population collectively have significant impacts on urban catchments."
Article_108,"The findings of this analysis showed that extensive urban development, which expanded the built-up area by 34 km 2 , were responsible for the decline in grass cover by 43.1 km 2 over the last 40 years ."
Article_108,"Moreover, built-up areas, plantation, and water features, in contrast to grass cover, have demonstrated an increasing trend during the study period."
Article_108,The overall urban expansion over the study period was 136.6%.
Article_108,The catchment is located between 138°35′0″ and 138°46′0″ E longitude and 34°51′18″ and 34°45′28″ S latitude (Fig.
Article_108,"In contrast to the upper watershed, which is primarily rural, the lower catchment is primarily dense residential, commercial, and industrial, and contains some salt fields scheduled for development and various constructed wetlands."
Article_108,The rate of urban sprawl/expansion between the three study periods was also determined using Eq.
Article_108,"| Results and discussion: | Accuracy of LULC classification: The overall accuracy and kappa coefficient obtained from the confusion matrix agreed consistently demonstrated strong | Spatiotemporal land use and land cover maps: The classification results revealed that in 1979, the catchment was dominated by grass cover occupying an area of 67.65 km 2 followed by built-up and plantation with 24.9 km 2 and 22.52 km 2 areal coverage, respectively ( From the spatial map of the LULC maps, it was observed that grass was dominantly found in the eastern and central parts of the catchment in 1979."
Article_108,"Notably, the built-up areas expanded by 33.98 km 2 (29.46%) while the grass cover diminished by 43.09 km 2 (33.73%) between 1979 and 2019."
Article_108,"During this period, the rate of change of grass cover changes closely corresponded to the rate of the built-up area change, with a decrement of -1.08 km 2 /yr for grass cover and increment of 0.85 km 2 /yr for built-up areas (Table In comparison with the plantation and water classes, the built-up area increased extensively."
Article_108,"Regardless, grass cover has consistently declined over all time periods."
Article_108,"Between 2006 and 2019, the rate of change in built-up area was 1.03 km 2 /yr; whereas, the rate of change in grass cover was -1.29 km 2 /yr."
Article_108,"A significant transition from grass to built-up areas was noted due to increased population and urbanization, with strong demand for residential, commercial, and industrial buildings with car parks and roadways."
Article_108,There was also a visible transition from built-up area to grass cover.
Article_108,"This was because places under development were entirely regarded as built-up areas and later developed with backyards and some trees, particularly in residential districts."
Article_108,"The spatial changes in LULC and urbanization showed that the central, northeastern, and southern parts of the catchment significantly changed from grass cover to builtup areas in the three consecutive study periods (Fig."
Article_108,"Approximately 72.68 km 2 of the catchment area experienced categorical LULC changes between 1979 and 2019, with a maximum extent of 32.26 km 2 of grass cover converted to built-up."
Article_108,"During the study period, only 37.02% of the catchment area remained unchanged (Table The study found that urban expansion across the entire study period was 34 km 2 , with an average annual change rate of 3.41% specifically within the built-up area."
Article_108,"This observation indicated that urban development in the study area has been increasing (Table | Population growth and contributions to LULC: According to the Australian Bureau of Statistics (ABS), Australia's population has increased by over 25% from 2001 to 2016, reaching twenty-four million people."
Article_108,"Notably, overseas migration currently has accounted for slightly over 55% of Australia's population growth since 2001, making it as the predominant contributor to the country's population growth (ABS 2019)."
Article_108,"The Australian Bureau Statistics data for South Australia showed that the state's population increased by 251,420 residents between 1979 and 2006, followed by an increase 226,284 individuals between 2006 and 2021 (Table The population statistics of inner north suburbs of Adelaide, in which Dry Creek is located, has shown consistent upward trajectory from the baseline census population in 2016 to the 2036 projection (Table | Urbanization impact on catchment surface imperviousness: The surface imperviousness of a catchment is highly interrelated to the runoff coefficient and runoff generation capacity Irrespective of the rainfall condition, the catchment's weighted curve number exhibited an increase from 80.94 to 87.37 (Table | Conclusion: The study of LULC change caused by urbanization is crucial for analyzing the influence of urban sprawl on catchment surface imperviousness and its consequences for the hydrological processes of urban catchments."
Article_108,"The built-up area, plantation and water expanded by 34.0 km 2 , 8.7 km 2 and 0.4 km 2 , respectively from 1979 to 2019, whereas grass cover declined by 43.09 km 2 , revealing a significant transformation in the LULC."
Article_108,"Between 1979 and 2019, the study area has undergone substantial changes in land use and land cover."
Article_108,"High rates of change were observed in the grass and built-up areas, with respective values of -1.08 and 0.85 km 2 /yr."
Article_108,Urbanization raised the impervious surface from 24.90 to 58.90 km 2 with 136.55% urban expansion.
Article_108,"During the study period, an increase in surface imperviousness increased the runoff coefficient and curve number by 60.63% and 7.95%, respectively, while decreasing soil retention capacity by 38.56%."
Article_109,"Land for solar would amount to over 50% of the current EU urban land, over 85% for India, and over 75% in Japan and South-Korea."
Article_109,Figure Figure | Table 1.: Land occupation characteristics at different solar penetration levels by 2050.
Article_109,"b Land suitable for commercial purposes does not include the use of rooftop space, deserts or dry scrublands that are not suitable for crop, pasture or forest cultivation."
Article_109,"By default, deserts are exempted from land competition in GCAM, while only 10% of current scrublands are included in the land competition module in GCAM v4.3, taking into account both non-fertility of scrublands as well as the protected status of some of these land areas."
Article_110,"The impact of land use and land cover changes on socioeconomic factors and livelihood in the Atwima Nwabiagya district of the Ashanti region, Ghana Land use and land cover change (LULCC) is a general term for the human modification of Earth's terrestrial surface."
Article_110,The influx of population from the Kumasi metropolis and peripheral areas coupled with urbanization is causing rapid changes to LULC in the Atwima Nwabiagya District.
Article_110,This has put pressure on the land cover especially in the forest cover areas and has affected the socioeconomic activities in the district.
Article_110,The results showed that during the period under review there have been losses of 4178.5 hectares (7%) in closed and open forest and bare land whilst crop land and settlement have seen an increase of 21685.3 hectares (37%).
Article_110,"In all, settlement establishment as a result of population increase, commercial activities, and porous land tenure system was identified as the main factors for LULCC in the Atwima Nwabiagya District."
Article_110,"Introduction: Land Use and Land Cover (LULC) change have been occurring since time immemorial, it is, however, rapid recently due to increasing anthropogenic activities including urbanization and industrialization Many research works have pointed out the relevance of investigating the land cover dynamics as a tool for justifiable supervision of allnatural possessions Though the Atwima Nwabiagya district is one of the fastest-growing areas in Ashanti region , adequate information on LULC change over a considerable period is non-existent."
Article_110,"To the north, it forms a boundary with Offinso Municipal as well as Amansie West and Atwima Kwanwoma Districts to the south."
Article_110,Its latitudinal extent is estimated to be 6°32 ˈ and 6°75 ˈ in the northern hemisphere whilst the longitudinal boundaries are 1°45 ˈ and 2°00 ˈ in the western hemisphere ( Fig.
Article_110,Bare land This is comprised of uncovered rock surfaces and other uncovered zones coming about because of both human activities and natural causes.
Article_110,| Open Forest: The vegetation here is dominated by sparsely scattered trees with open canopies.
Article_110,"Closed Forest This is made up of rainforest and moist semi-deciduous forest trees with three layers of emergent, canopies, and undergrowth."
Article_110,Crop Land Land used mainly for both cash and food crops cultivation.
Article_110,Open forest decreased marginally to 4167.2 hectares representing 7.2 % whilst closed forest declined to 4.5 % or 2620.2 hectares ( Fig.
Article_110,"LULC classes of settlements, bare land, and crop land saw an increment to 13611.6 hectares representing 23.5%, 12200.6 hectares representing 21.1%, and 14762.9 hectares representing 25.5 % respectively ( Fig."
Article_110,The total land area for settlements realized its highest increase to 25900.6 hectares which translates into 44.7%.
Article_110,"Cropland also decreased in area to 10911.1 hectares, representing 18.8%."
Article_110,There was also an increase in closed forest coverage to a total area of 1314.6 hectares which is 2.3% of the study area.
Article_110,Savannah land cover saw a significant reduction to 9365.4 hectares (16.2%) which is a considerable reason for a rise in settlement ( Fig.
Article_110,"18.4%, 13.5% and 24.9% in that order."
Article_110,"It is important to note that these variations have occurred over the period because of the numerous socioeconomic features, for instance, demographic increase, farming activities as well as urban growth prevailing in the district."
Article_110,These factors have led to a rapid increase in human activities such as putting up residential buildings to house the rising population and also meet the demand for accommodation among others.
Article_110,| Major socioeconomic drivers and human activities causing LULC change in Atwima Nwabiagya District: Several activities contributed to the notable modifications of landuse changes that took place in the district over the period.
Article_110,"Generally, the influx of population either as migrants or through natural increase as well as infrastructural expansion are major socioeconomic drivers leading to increases in residential establishments, agricultural activities, commercial and industrial expansions, and administrative activities."
Article_110,| 3.3.3: Impact of socioeconomic factors of LULC on the livelihood of people in the study area: There has also been a negative impact of LULC on livelihoods in Atwima Nwabiagya district through the reduction in forest cover and high cost of accommodation since there are a lot of immigrants and urbanization in the area is increasing exponentially.
Article_110,72 and 59 respondents representing 29.4% and 24.1% respectively from the data showed that the socioeconomic factors of urbanization and population increase have resulted in the continued reduction in forest cover and high cost of land and accommodation in the district.
Article_110,"| Summarized discussion on the analyzed data: After the statistical analysis, the information revealed that the predominant occupation in the district is Farming and Trading with most of the inhabitants being migrants who quest for land property, and agriculture."
Article_110,Most of the land in the area was acquired through inheritance and lease.
Article_110,This indicates that most of the lands are family lands.
Article_110,The average land sizes that are owned by the inhabitants through inheritance or lease are 3acres to 10acres.
Article_110,The types of land cover that were initially prevailing in the area were open and closed forest.
Article_110,The most common land use is residential and agricultural.
Article_110,"This has increased the land use in settlement, Bare land, and croplands by reducing the Forest areas."
Article_110,The socio-economic factors that are prevailing in the area are building of residential zones since there are a lot of immigrants and Agricultural activities since most inhabitants are farmers and traders.
Article_110,There has also been a negative impact of LULC on livelihoods in Atwima Nwabiagya district through the reduction in forest cover and high cost of accommodation since there is a rise of the number of immigrants and urbanization in the area is increasing exponentially.
Article_110,It was revealed that forests (closed and open) reduced continuously from 1986 (about 14.9%) to 9.4% in 2007.
Article_110,It however increased marginally between 2007 and 2019 partly due to the government afforestation programme.
Article_110,Built up (settlement establishment) improved to 44.7% (2019) from 12.3% The socioeconomic data revealed that the predominant occupation in the district is Farming and Trading with most of the inhabitants being migrants who quest for land property and agriculture.
Article_110,The types of land cover that were initially prevailing in the area were open and closed forest and the most common land use are residential and agricultural.
Article_110,"This has increased the land use in settlement, Bare land, and croplands by reducing the Forest areas."
Article_110,"Also, the socio-economic conditions that are prevailing in the area are building of residential zones since there are a lot of immigrants and Agricultural activities and most inhabitants are farmers and traders."
Article_110,There has also been a negative impact of LULC on livelihoods in Atwima Nwabiagya district through the reduction in forest cover and high cost of accommodation since there are a lot of immigrants and urbanization in the area is increasing exponentially.
Article_111,"Hydrological responses to human-induced land use/land cover changes in the Gidabo River basin, Ethiopia Land-use/land-cover (LULC) changes in the Gidabo basin, Rift Valley, Ethiopia, have greatly affected the hydrology of the basin."
Article_111,"PLSR analysis indicated that cultivated land affected the lateral flow and ET negatively in contrast to agroforestry and grassland, which had a positive influence."
Article_111,"In contrast, grassland has a relatively low correlation with baseflow (-0.21) and percolation (-0.21)."
Article_112,"Over the last four decades, Duhok governorate in the north of Iraq has undergone sweeping changes caused mainly by anthropogenic factors (e.g."
Article_112,"The model classes estimated for 2060 compared to the classified 2017 LULC classes revealed that dense forest, sparse forest, agricultural land and barren area would decrease by -26.26% (from 327.08 to 241.08 km 2 ), -0.76% (from 2372.29 to 2355.82 km 2 ), -5.86% (from 973.21 to 916.27 km 2 ) and -10.03% (from 2918.9-2626.19 km 2 ), respectively."
Article_112,"In contrast, the urban area would significantly increase by 271.19%, (from 161.99 to 602.19.8 km 2 )."
Article_112,"Dense forest in Duhok governorate has seen remarkable decline from 1988 to 2017, and future predictions demonstrated that the declining trend would continue."
Article_112,"Dense forest would predominantly convert to sparse forest and barren areas, suggesting forest thinning and clearing."
Article_112,Urban areas were the most dynamic cover types that increased significantly between 1998 and 2017.
Article_112,This trend would continue to increase from 2.36% (2017) to 8.76% (2060).
Article_112,Urbanization would be predominantly at the cost of agricultural land and barren area.
Article_112,"During that period, the sparse forest has slightly increased by 1.47% whilst, agricultural land and urban area have significantly increased by 223.2% (300 km 2 to 973 km 2 ), and 448.84% (29 km 2 to 161 km 2 ) respectively."
Article_112,"Respectively, agricultural lands were increased with a clear jump in 2017."
Article_112,This is likely due to the influence of a recent policy that was implemented by the central government which have encouraged local farmers to increase agricultural production particularly wheat.
Article_112,"Across Iraq, the central government has allocated silos to buy wheat from farmers for a pre-declared price above the market price The land use type that increased the most over the last four decades is urban area, which increased by six times from 0.37 to 2."
Article_112,"Dense forest in the Duhok governorate has seen remarkable decline from 1988 to 2017, and future predictions demonstrated that this trend would continue (i.e."
Article_112,from 2017 to 2060).
Article_112,"Dense forest cover would predominantly convert to sparse forest and barren areas, suggesting forest thinning and clearing."
Article_112,"Moreover, the most dynamic land use type that increased the most over the last four decades was urban area, which increased by six times from 0.37 to 2."
Article_113,| Soil (4): Land covered with less than 10% vegetation and dominated by soil.
Article_113,| Rock (5): Land covered with less than 10% vegetation and dominated by rocks.
Article_113,Beach/sand (6) Land covered with less than 10% vegetation and dominated by beach/sand.
Article_113,Trees (5) Land where tree cover is greater than 30%.
Article_113,Deciduous (7) Land with tree cover greater than 30% and all trees present are deciduous.
Article_113,Evergreen (8) Land with tree cover greater than 30% and all trees present are evergreen.
Article_113,Mixed (9) Land with tree cover greater than 30% and neither deciduous nor evergreen trees dominate.
Article_113,Shrub ( Herbaceous (7) Land covered by herbaceous plants.
Article_113,"Total vegetation cover exceeds 10%, tree cover is less than 30%, and shrubs comprise less than 10% of the area."
Article_113,Grassland (11) Herbaceous land covered with grass.
Article_113,Agriculture (12) Herbaceous land covered with cultivated cropland.
Article_113,Moss/lichen (13) Herbaceous land covered with lichen and/or moss.
Article_114,"Introduction: Tropical forests differentiate between neotropical (New World) and paleotropical (Old World) Tropical forests are classified according to their elevation, annual rainfall, and degree of seasonality."
Article_114,"Tropical forests play an important ecological, social, and economic role."
Article_114,"In addition to having rich biodiversity, they are home to multiple human communities and providers of various ecosystem services On the other hand, Brazil has a considerable extension of tropical forests."
Article_114,"Another important region for tropical forest assessment is Africa, where research production is reduced."
Article_114,"| Conclusions: This study demonstrates that in the last four decades, there has been an increase in the scientific production of tropical forests' LULC due to the collaboration of 74 countries."
Article_115,"As the entryway of Quang Ninh province, Vietnam, Dong Trieu locale has experienced significant LULC changes during the past two decades."
Article_115,The most significant changes observed over the past twenty years are a decrease of barren land (9.1%) and increases of built-up (8.1%) and orchards (6.8%).
Article_115,The orchards mainly appeared near the high-population-density area.
Article_115,The transformation of the waterbody was affected by geography (elevation and slope) and population density.
Article_115,"The higher the population density, the less barren the land would appear."
Article_115,"Hence, awareness of the driving components of the LULC is pivotal for land-use planning and administration Dong Trieu district, Vietnam, experienced a radical LULC change due to population expansion, economic growth, and changes in the agriculture cultivation system over the past 20 years."
Article_115,"Hence, awareness of the driving components of the LULC is pivotal for land-use planning and administration Dong Trieu district, Vietnam, experienced a radical LULC change due to population expansion, economic growth, and changes in the agriculture cultivation system over the past 20 years."
Article_115,It might be recognized as a barren land or waterbody when the land was left for recuperation.
Article_115,(2) A majority of the forests in the studied region were plantation forests.
Article_115,"It might be recognized as orchards, cropland, or barren land when the planted trees were still at the initial growth stage."
Article_115,(3) The residential areas were often surrounded by orchards.
Article_115,"The orchards also expanded dramatically with an increase of about 2800 ha, which was about 1.6 times that of 2010, and took third place with an areal coverage of 19.2%."
Article_115,"However, the cropland, waterbody, and barren land decreased by 2.3%, 2.8%, and 3.7%, respectively, from that of 2010."
Article_115,"Therefore, the Dong Trieu district experienced various changes in LULC clas ing the past two decades."
Article_115,"From 2000 to 2010, a slight decrease in orchards area from 12.4% to 12.1% was found, but the area occupied by orchards increased nearly 7% in 2000-2019 (Table The areal percentage occupied by waterbody experienced a continuous decline of 8.6%, 8.5%, and 5.7% in 2000, 2010, and 2019, respectively (Table The areal percentages occupied by built-up in 2000, 2010, and 2019 were 11.5%, 14.4%, and 19.5%, respectively, and experienced a total increase of 3166.8 ha from 2000 to 2019 (Table The areal percentage occupied by barren land also experienced a continuous decline of 10.3%, 4.9%, and 1.2% in 2000, 2010, and 2019, respectively (Table | Driving Forces for LULC Changes: The overall CVC values for each analyzed factor are listed in Table The CVCs of distance from water (DFW) for forest, waterbody, and cropland are 0.388, 0.230, and 0.216, respectively, which suggested that the water area in this study was often located far from the forest."
Article_115,"The cropland, however, often occurred near the water areas, possibly due to easy water accessibility."
Article_115,"The continuous decline of the waterbody area caused the conversion of cropland to orchards or forests, as shown in Table The CVCs of elevation showed a relatively strong relationship with forest (0.413), which indicated that the elevation has a good association with forest expansion."
Article_115,"Thus, slope appeared to be a good predictor of forest, cropland, and builtup."
Article_115,"Not surprisingly, deforestation is more substantial at places closer to an existing area of higher population density."
Article_115,These results showed that population pressure played an important role in increasing built-up area and conversion of forest to other land-use classes.
Article_115,"The area under barren land, waterbody, cropland, and forest revealed a declining trend from 2000 to 2019, with a net decrease of 3576.5, 1147.7, 749.5, and 357.2 ha, respectively."
Article_115,"The area under built-up and orchards exhibited an overall growing trend during the same period, with a net increase of 3166.8 and 2644.2 ha, respectively."
Article_115,Orchards were established close to urban or areas of high population density.
Article_115,The transformation of the waterbody was affected by geography (elevation and slope) and population density.
Article_115,"The higher the population density, the less the barren land would appear."
Article_115,"According to the roles of active driving factors depicted by this study, land-use planners and decision-makers of the Dong Trieu district should introduce more environmentfriendly livelihood and measures, such as population-growth control to reduce the pressure on demanding more build-up area and conversion of forest to other land-use classes; better water-resources managements to reduce irrigation water shortage problems; encouragement of intensive use of agricultural lands and high-tech farming to increase yields and decrease the demand on more croplands; and encouragement of community participation in forest management to protect and expand the forest area, with intentions to promote sustainable development in the future."
Article_116,"Changes in the land-use landscape pattern and ecological network of Xuzhou planning area Ongoing rapid urbanization has triggered significant changes in land use, rendering landscape patterns adversely impacted and certain habitat patches degraded."
Article_116,"Analysis results unveiled the following: (1) From 1985 to 2020, there was a decline in the area of farmland, forest, and grassland, accompanied by an increase in land for construction, water bodies, and unused land."
Article_116,"The southwestern research area witnessed farmland substantially give way to land for construction for this period, and the most dramatic change in land use occurred between 2000 and 2010."
Article_116,"(2) The area of dominant patches in the research area shrank, along with more fragmented, complex landscapes."
Article_116,"The land for construction was emerging as the dominant landscape by area, whereas patches of farmland, forest, grassland, and water bodies became less connected."
Article_116,"Overall, the number of ecological sources and corridors rose and subsequently dropped before a rebound."
Article_116,"(4) The ecological network grew more connected and robust from 1985 through 1990, as portions of farmland were converted into water bodies, which led to an increase in ecological sources."
Article_116,"Plains and hills account for about 90% and 10% of the city's total area, respectively."
Article_116,"The hilly area's altitude ranges from 100 to 200 m, with the highest peak represented by Dadong Mountain nestled at the heart of Jiawang District, at 361 m. Home to a permanent population of 9.03 million, Xuzhou fosters a robust urbanization rate of 66.19%, and its GDP stood impressively at Renminbi 811.74 billion as of the end of 2021."
Article_116,"Over the period from 1985 to 2020, a discernible trend of farmland continuously giving way to urban land for construction was observed."
Article_116,Major conclusions were drawn as follows: (1) Xuzhou Planning Area has undergone a dramatic transformation in the land-use landscape pattern amid urbanization.
Article_116,"Between 1985 and 2020, the continuous expansion of land for construction notably encroached upon surrounding farmland, resulting in the conversion of certain ecological land, including forests and grasslands, into construction areas."
Article_116,"These readings suggested that the dominant patch area in landscapes is on a declining trend, accompanied by enhanced ecological spatial heterogeneity and increased fragmentation and complexity of landscapes."
Article_116,"At the patch level, the land for construction is steadily enhancing its role as the largest dominant landscape type, and the fragmented invasion of land for construction in the suburbs of cities has caused a reduction and fragmentation of farmland, posing a threat to the quality of habitats and landscape layout such as forests, grasslands, and water bodies.This trend leads to loosely connected patches of these land types."
Article_116,(3) The overall ecological network in the research area grew dense in the northeast and sparse in the southwest characterized by intense human activity.
Article_116,"Between 1985 and 2020, the number of ecological sources and corridors rose and subsequently dropped before a rebound."
Article_116,"The total area of ecological sources decreased by 8.06 km 2 , despite an increase in number, from 19 to 20."
Article_116,"At the same time, the number of corridors rose from 47 to 49, but despite this increase, the combined length was shortened by 120.23 km."
Article_116,"Landscapes became better connected for the period from 1985 to 1990, with potions of farmland converted into water areas and an addition of three ecological sources and eight corridors."
Article_116,"With an expansion of land for construction in the southwest during the period from 1990 to 2010, the overall number of ecological patches became smaller, thus compromising landscape connectivity and disrupting the ecological landscape pattern."
Article_116,"On the whole, the northeastern region with dense forest patches had stronger landscape connectivity."
Article_116,"(4) Over the period from 1985 to 1990, three ecological sources and eight corridors were added, enhancing the connectivity of ecological patches and complicating the ecological network."
Article_116,"Followed by 2000, 2020, 1985, and 2010."
Article_116,"This was attributed to the continuous expansion of land for construction in the central urban areas of the southwestern region, with fragmentation encroaching on surrounding farmland and core ecological patches of forest, grassland, and water bodies."
Article_116,"Consequently, this has resulted in the contraction of ecological patches and corridors in the southwestern area, propelling the overall landscape towards a trajectory of increased fragmentation and complexity."
Article_117,"The results showed that agricultural land increased from 29.68% in 2000 to 35.77% in 2020.Furthermore, settlement and grazing lands enlarged from 5.95% and 6.04%, respectively, to 8.31% and 6.35% during the same period, while bare land increased from 9.89% to 10.92% in 2020."
Article_117,"On the contrary, forest and area closure decreased from 18.45% and 29.99% to 17.8% and 17.38%, respectively."
Article_117,Introduction: The sustainability of natural resources has been seriously constrained by enormous land degradation in Ethiopia Land degradation in Sub-Saharan Africa (SSA) is widespread.
Article_117,"Sixty-five per cent of agricultural land is degraded due to wind and soil erosion, and 28% of the population lives in areas that are prone to land degradation."
Article_117,"Specifically, 40% of the grassland, 26% of the forestland, and 12% of the cropland have severe land degradation Land degradation is negatively correlated with food security; Soil fertility decline and nutrient mining leads to reduced agricultural productivity and, thus, translate to food insecurity Cognisant of this, the Government of Ethiopia (GoE) and other development agencies have tried to halt the land degradation problem."
Article_117,"The campaign took place for the last two decades, most specifically in areas assumed as degradation prone and resource-poor."
Article_117,"The Change Matrix indicates a change in area coverage measured by hectares and percentage for the five periods, 2000, 2005, 2010, 2015 and 2020, indicated below (Table Total 100 164,339."
Article_117,"The satellite imagery result indicates increasing and decreasing changes in each of the six land-use types (Figure The research revealed that the increments in this land-use resulted at the expense of other land uses, like forests, area closures, and grazing lands."
Article_117,"Correspondingly, an area under settlement has shown a rise at a different degree in the four-period intervals."
Article_117,"It increased from 9773.6 ha or 5.95% in 2000 to 10,586.61 ha or 6.4% in 2020."
Article_117,"Bare land, which accounts for 9.89% of the total area, increased to 10.92 per cent in 2020."
Article_117,"Changes between periods were calculated using the following formula | Percentage of LULCC =: Area final year -Area initial year Area initial year Nevertheless, other land uses, for instance, forest and area closure, decreased from 18.45% and 29.99% to17.8% and 17.38%."
Article_117,"Specifically, settlement, agriculture and grazing land have increased by 32 %, 16.51% and 19.97%."
Article_117,"Contrary to this, forest and area closure decreased by 30 % and 19.73 %."
Article_117,"Though insignificant, bare land has increased by 1.36 % (Table | LULCC and Free Labour Mobilisation Campaign: The GoE was keen to rehabilitate degraded lands through a variety of mechanisms."
Article_117,"The campaign takes place annually, where farmers are assumed to be free from any onfarm activities (Figure | Drivers of Lulcc: Many factors are seen as responsible for the prevailing LULCC between 2000-2020."
Article_117,"Furthermore, high population growth, which increases at the rate of 2.9% Emerging jobless youth and the shrinkage of farmland because of land degradation and sharing among family members have increased agricultural density from 154.84/km 2 in 2000 to 183.3/km 2 in 2020 (Figure Similarly, the study Woredas were found to have the highest livestock population."
Article_117,"As indicated in Table Similarly, the study Woredas were found to have the highest livestock population."
Article_117,"As indicated in Table | Livestock holding in TLU: 3.63 3.1 2.74 3.07 3.14 3.06 A large TLU, coupled with free grazing management, has caused a significant burden on area closures and forest schemes."
Article_117,"Between 2000 and 2020, agricultural land and settlement increased at the expense of area closures and forests."
Article_117,"In research done in the same basin, the same was found by In addition to this, the practice of free grazing and having much livestock per household remains a problem for the development of forest and area closures."
Article_117,"Unquestionably, livestock plays a pivotal contribution to the crop-livestock farming system by contributing draught power and manure to the crop sector."
Article_117,"However, having huge numbers of livestock and an unmanaged grazing system has negatively affected the intended land use in the study area."
Article_117,"Shrinking grazing land coupled with the ever-growing livestock population is likely to lead to massive overstocking, overgrazing, and the over browsing of pasture and herbs."
Article_117,"Unlike this, some scholars argue that free grazing will pave a mechanism for increasing soil fertility through manure dropped in the field while grazing Very significantly, the diminishing size seen in forests and area closures and the poor performance of the free labour mobilisation campaign can be linked to many related factors raised by the community."
Article_117,"As clearly stipulated in the thesis of | Conclusions and Future Work: The reasons for the poor performance of the free labour mobilisation campaigns were high population growth, unrestricted grazing, a lack of sense of ownership and low intent to protect the schemes, over politicisation of the campaign and the use of the campaign for non-SWC activities, and engaging farmers on the campaign for extended days and the resulting burnout."
Article_117,"Furthermore, widespread trends of free grazing possess a lion's share of responsibility for the observed resource degradation."
Article_117,The problem is further compounded by the presence of landless youth and their unlimited intent to earn cash from the sale of wood and grass.
Article_117,"Land, which is completely under the federal government's control, has adversely affected the interest of farmers to invest in SWC activities because of the prevailing tenure insecurity."
Article_118,"The total watershed area is 94,578 ha."
Article_118,"The agricultural land in 1990 was 41,587.21 ha which increased to 57,868.95 ha in 2019 with an average growth rate of 39.15%."
Article_118,"The forest land, range land, and grass land declined annually with rates of 48.38%, 19.58%, and 26.23%, respectively."
Article_118,"The predicted LULC map shows that the forest cover will further degrade from 16.94% in 2019 to 8.07% in 2050, while agricultural land would be expanded to 69,021.20 ha and 69,264.44 ha in 2035 and 2050 from 57,868.95 ha in 2019."
Article_118,"Converting the forest area, range land, and grass land into other land uses, especially to agricultural land, is the main LULC change in the future."
Article_118,"The basin is located within the region of Oromia, Amhara and Benishangul-Gumuz of Ethiopia."
Article_118,The Nashe watershed is the major tributary from the left bank within the UBNB of Ethiopia which is situated at about 300 km from Addis Ababa.
Article_118,"The observed average temperature of the catchment is 22 • C. The watershed area is categorized by intensive irrigable lands at the downstream, large water potential sites at the upstream, and also with high head of hydropower potential."
Article_118,Agriculture is the leading financial activity in the watershed and the main source of livelihood for the local population.
Article_118,"| Forest Land: Areas covered with dense trees (deciduous forests, evergreen forests, mixed forests)."
Article_118,"| Range Land: Includes areas covered with small trees, less dense forests, bushes, and shrubs."
Article_118,These areas are less dense than forests.
Article_118,| Grass Land: Areas covered by grasses are usually used for grazing and those remain for some months in a year.
Article_118,"The evaluation of spatial and temporal changes between various classes during the period 1990, 2005, and 2019 was analyzed (Figure Although forest land, range land, and grass land experienced reduction in coverage throughout the study periods, the greatest reduction rate was observed in forest land."
Article_118,"The findings of the study are consistent with other studies conducted in Ethiopia by the authors of | Driver Variables of LULC Change: The driver variables influencing changes are based on spatial analysis and added to the model either as static or dynamic components Although forest land, range land, and grass land experienced reduction in coverage throughout the study periods, the greatest reduction rate was observed in forest land."
Article_118,"The findings of the study are consistent with other studies conducted in Ethiopia by the authors of | Driver Variables of LULC Change: The driver variables influencing changes are based on spatial analysis and added to the model either as static or dynamic components | Driver Variables of LULC Change: The driver variables influencing changes are based on spatial analysis and added to the model either as static or dynamic components From Table | Transition Probability Matrix (TPM): Transition potential modeling is assessing the likelihood of LULC change from one class to another depending on the suitability transition of area and the presence of driving forces In 2005-2019, especially since 2012, a dam on Nashe River was built for irrigation and hydropower purposes."
Article_118,The displacement of communities occurred from their land during the expansion of hydropower projects and the displacement caused land scarcity.
Article_118,"The lowland areas of the watershed was covered with forests, range lands, and grass lands before 1990 even before 2005."
Article_118,"Currently, however, a great decline of forest cover is occurring because of urbanization and agricultural land expansion."
Article_118,"In recent times, the expansion of urban areas has been continuously increasing at the highest rate."
Article_118,Agricultural land will be the predominant LULC type.
Article_118,It was seen from the result as the area of agricultural land increment from 61.19% in 2019 to 72.98% in 2035 and 73.24% in 2050.
Article_118,"This was mainly caused by converting forest, range, and some parts of grass land."
Article_118,Agricultural land increased significantly from 1990 to 2035 and then slowly from 2035 to 2050 (Figure Ref.
Article_118,"The analysis of LULC change shows that forest cover has been decreasing, as well as the high increasing rate of urban area and agricultural land."
Article_118,"This will increase vulnerability of the watershed to landslides, soil loss, gully erosion, worsened air pollution, and impact the hydrology of the studied watershed in particular and the Blue Nile Basin The forest land and range land show a decreasing trend from 2019 to 2035."
Article_118,"Unfortunately, the grass land, range land, and agricultural land will slightly increase from 2035 to 2050."
Article_118,"The major contributing factors to LULC change were the expansion of hydropower and irrigation projects, mostly at the downstream, for expansion of a sugar factory."
Article_118,The scarcity of jobs and urban expansions in the catchment amplified the socio-economic activities for LULC changes.
Article_118,"In the watershed, the downstream and partly at the upstream areas, which were previously covered by forests and range lands, have been converted to agricultural land and commercial crop farms."
Article_118,"Forest reduction also occurred as a result of using charcoal and firewood as the energy source for most of the people living around the watershed, who depend on fuel wood."
Article_118,"Additionally, most of the evacuated population during the construction of Nashe and Amerti projects were involved in converting the forest land to agriculture and settlement."
Article_118,"Illegal and unplanned settlements by the local people to expand agriculture and settlement also contributed to destruction of forest land, range land, and grass land."
Article_118,"The expansion of one LULC type occurs at the detriment of other LULC classes From the temporal patterns of the changes between 1990 and 2019, forest land decreased at a higher rate."
Article_118,"Similar to the historical analysis of LULC change, the predicted results of forest, grass, and range land classes were registered net loss in the area from 1990 to 2035."
Article_118,"Whereas, the range land and grass land smoothly gained from 2035-2050."
Article_118,"The analysis of LULC change shows that forest cover has been decreasing, as well as the high increasing rate of urban area and agricultural land."
Article_118,"Settlement expansion, agricultural expansion, firewood extraction, land tenure policy, and infrastructure development were the top LULC change drivers."
