sentence_id,document_id,sentence_number,sentence_text,similarity_score,matching_query,matching_query_idx
Article_9_40,Article_9,40,"Generally, agriculture and built up areas are increasing at the expense of forest, wetland and woodland.",0.939714,Thus farmland persists and increases each year at the expense of forest woodland and tree savanna . ,229
Article_19_67,Article_19,67,The Atlantic Forest and Pampa biomes also showed a minor trend towards an increase in surface water and higher variation over the time-series period.,0.9337149,In contrast relative net gain in open water bodies was observed in the humid region during the period of 1975 2000 with a slight loss in 2000 2013. ,215
Article_63_5,Article_63,5,"Over the last 33 years, cultivation and settlement land expanded by 15.7% and 0.34%, whereas dense forest, light vegetation, and grazing land declined by 9.2%, 4.97%, and 1.85%, respectively.",0.9305231,"From 1984 to 2001, [tree] savannas, bare soils and agricultural lands increased by 17.55%, 18.79% and 21778.79%, respectively, while woodland, gallery [forest], [shrub] savannas and [[water] bodies] decreased by 22.02%, 5.03%, 40.08% and 31.2%, respectively",94
Article_54_58,Article_54,58,"This, in turn, suggests that addressing the decline in forest cover and waterbodies, the major observed LULC changes in CRV, plays a vital role in improving ecosystem services in the CRV lakes basin.",0.92969704,The man made LULC changes had a crucial contribution to the increase of actual ET and SURQ mainly by the expansion of cropland in the Niger River and Lake Chad basins.,162
Article_61_22,Article_61,22,"These include two of the top three most threatened ecoregions in the world, the tropical dry forest and tropical/subtropical grasslands and savannahs It has been shown that up to 90% of tropical woodlands were inhabited and shaped by human societies over the past 12,000 years, opposing the view that ""human transformation of terrestrial nature is mostly recent and inherently destructive. """,0.92950904,The Upper Guinean forest is a global biodiversity hotspot and has become one of the most human modified forest ecosystems in the tropics having lost over 80% of its original forest cover with the remainder distributed in a fragmented agriculture forest mosaic,148
Article_84_40,Article_84,40,"In 2009 a quarter of the catchment (25.4%) was under plantation cover type which reduced to 22.5% in 2017 but in both years exceeding the recommended maximum threshold of 20% of catchment for plantation cover types In addition to changes in area for land cover types, co-occurrences of the plantation cover type was also observed especially for tea and plantation forest.",0.9289858,A high increase occurred for farm fallow land rising from 0.022% of the protected area in 1984 to 12.59% in 2013 by which time it was the largest single cover class Fig.4,223
Article_106_92,Article_106,92,"The changes in hydro-morphological cycles, reduction of natural drainage capacity and flooding in densely populated areas are mainly attributable to rapid urbanization.",0.9288447,The man made LULC changes had a crucial contribution to the increase of actual ET and SURQ mainly by the expansion of cropland in the Niger River and Lake Chad basins.,162
Article_19_66,Article_19,66,"In Amazon biome, we also detected a slight signal of surface water reduction in the 2010s.",0.92856336,In contrast relative net gain in open water bodies was observed in the humid region during the period of 1975 2000 with a slight loss in 2000 2013. ,215
Article_15_5,Article_15,5,"The study observed a significant increase (12.77%) in built-up area from 2002 (52.88%) to 2018 (65.5%), followed by a slight increase in the cover of bare ground.",0.9280769,A high increase occurred for farm fallow land rising from 0.022% of the protected area in 1984 to 12.59% in 2013 by which time it was the largest single cover class Fig.4,223
Article_1_5,Article_1,5,"The study observed a significant increase (12.77%) in built-up area from 2002 (52.88%) to 2018 (65.5%), followed by a slight increase in the cover of bare ground.",0.9280769,A high increase occurred for farm fallow land rising from 0.022% of the protected area in 1984 to 12.59% in 2013 by which time it was the largest single cover class Fig.4,223
Article_75_54,Article_75,54,the extracted and predicted LC maps showed a large expansion of saline lands in the basin.,0.9267218,The man made LULC changes had a crucial contribution to the increase of actual ET and SURQ mainly by the expansion of cropland in the Niger River and Lake Chad basins.,162
Article_26_21,Article_26,21,"The sub-region presents the best example of historically human-induced progressive conversion and changes in lowland dense forest and grassland cover in Cameroon, predominantly for plantation agriculture, a legacy of German colonial administration.",0.92666787,The transhumance shed provides a useful geographic scale between the individual village territory and the regional agro pastoral belt that allows for a more accurate assessment of the relationship between herd mobility crop damage and conflict that reflects the environmental changes taking place across dryland West Africa. ,161
Article_94_21,Article_94,21,"The sub-region presents the best example of historically human-induced progressive conversion and changes in lowland dense forest and grassland cover in Cameroon, predominantly for plantation agriculture, a legacy of German colonial administration.",0.92666787,The transhumance shed provides a useful geographic scale between the individual village territory and the regional agro pastoral belt that allows for a more accurate assessment of the relationship between herd mobility crop damage and conflict that reflects the environmental changes taking place across dryland West Africa. ,161
Article_68_41,Article_68,41,"Similarly, Dense mixed forest and Sal mixed forest types reduced to 66.72% in 2018 against 69% in 2008 due to increasing biotic interference inside the biosphere reserve ( Table Medium resolution (Landsat 7 image) and high-resolution satellite images (i.e.",0.92579997,The area of natural vegetation forest woodland and tree savanna that was considered degraded increased by 4.1% between the first and the second time periods i.e,230
Article_77_47,Article_77,47,"Elgon forest and adjacent regions (1986): Between 1977 and 2019, the size of land under natural forest also declined by 18%, bamboo forests declined by 15.19%, while grasslands declined by 13% (Figure | | DISCUSS ION: Results of this analysis on trends of land use/land cover changes between 1973 and 2019 clearly show that there were notable changes Fallow Land Planted Forest Tea with an annual average decline of 1.24%.",0.92564225,A high increase occurred for farm fallow land rising from 0.022% of the protected area in 1984 to 12.59% in 2013 by which time it was the largest single cover class Fig.4,223
Article_91_7,Article_91,7,"It is worth noting that a decrease in natural forests can drive an increase in soil erosion, fostering siltation in the water reservoirs located in the sub-basin.",0.92449176,The man made LULC changes had a crucial contribution to the increase of actual ET and SURQ mainly by the expansion of cropland in the Niger River and Lake Chad basins.,162
Article_43_78,Article_43,78,"Land-use types changed significantly from 2010 to 2020 due to intensification of human activities, proved by the dramatic farmland expansion and increased artificial surfaces which have led to the large shrinkage of grazing land, shrubland and forests.",0.924445,The man made LULC changes had a crucial contribution to the increase of actual ET and SURQ mainly by the expansion of cropland in the Niger River and Lake Chad basins.,162
Article_95_159,Article_95,159,"Figure | Discussion: | Land Use/Land Cover Changes: The LULCC analysis of Finchaa catchment over 30 years (1987-2017) revealed a dramatic LULCC (Table Although deforestation occurred throughout the catchment, the high decline of forest cover was because of the expansion of the commercial farms, land expansion, and continuous wood extraction.",0.92402315,The man made LULC changes had a crucial contribution to the increase of actual ET and SURQ mainly by the expansion of cropland in the Niger River and Lake Chad basins.,162
Article_71_82,Article_71,82,"This means that as the PD of CL, ED of bare soil and residential and MPA of GL increase, the proportion of | Discussion: | LULC Dynamics in the Yangambi Watersheds: Most of the five watersheds have DF as the highest proportion of LULC.",0.92317986,The man made LULC changes had a crucial contribution to the increase of actual ET and SURQ mainly by the expansion of cropland in the Niger River and Lake Chad basins.,162
Article_77_50,Article_77,50,"The result imply that increase in the size of land under agriculture is the major contributor to a decline in natural forests, grasslands and bamboo forests in the Mt.",0.9230857,The man made LULC changes had a crucial contribution to the increase of actual ET and SURQ mainly by the expansion of cropland in the Niger River and Lake Chad basins.,162
Article_100_43,Article_100,43,"The maximum change is noticed from the built-up area which has increased to about 326.65 percent, followed by open/fallow land which is increased by about 41.98 percent during 1990-2018.",0.92274916,A high increase occurred for farm fallow land rising from 0.022% of the protected area in 1984 to 12.59% in 2013 by which time it was the largest single cover class Fig.4,223
Article_30_56,Article_30,56,"From 2010 to 2012, a large area of forests was converted into anthropogenic use, agricultural land, and scrubland (deforestation) and an extensive area of scrubland and agricultural lands was converted into forests (due to afforestation efforts).",0.9221899,"In the period 1975-1990, 1.28 million ha (26%) of natural vegetation was converted to degraded [savanna] and farmland while 2.23 million ha (53%) of natural vegetation was converted to degraded [savanna] and farmland in the period 1990-2010",90
Article_94_3,Article_94,3,"Most of the deforestation and LULCC was caused by expansion of other cultivated areas of cropland by smallholders, contrary to the widely publicised narrative of agro-industrial and built-up areas expansion.",0.9220709,The man made LULC changes had a crucial contribution to the increase of actual ET and SURQ mainly by the expansion of cropland in the Niger River and Lake Chad basins.,162
Article_26_3,Article_26,3,"Most of the deforestation and LULCC was caused by expansion of other cultivated areas of cropland by smallholders, contrary to the widely publicised narrative of agro-industrial and built-up areas expansion.",0.9220709,The man made LULC changes had a crucial contribution to the increase of actual ET and SURQ mainly by the expansion of cropland in the Niger River and Lake Chad basins.,162
Article_19_62,Article_19,62,"The total extent of the farming class reached 172 Mha in that year, with the second largest extent of land cover (20.3% of the territory).",0.9218693,A high increase occurred for farm fallow land rising from 0.022% of the protected area in 1984 to 12.59% in 2013 by which time it was the largest single cover class Fig.4,223
Article_12_88,Article_12,88,"Lack of awareness about the negative impacts of forest conversion, distribution of land and other resources are the socio-cultural causes for the expansion of agricultural lands at the expense of other LULC types, mainly wetland and forests.",0.9218439,Only a small percentage of people interviewed stated that overgrazing war and conflict inappropriate irrigation and the occurrence and spread of weeds and invader plants and bush encroachment could contribute to land degradation in the study area. ,212
Article_37_19,Article_37,19,"These rapid changes have therefore resulted in increased land consumption, which causes the modification and alterations in the status of LU-LC and the temperature pattern associated with them.",0.92178434,The man made LULC changes had a crucial contribution to the increase of actual ET and SURQ mainly by the expansion of cropland in the Niger River and Lake Chad basins.,162
Article_26_82,Article_26,82,"However, most of the deforestation and LULCC was caused by expansion of other cultivated areas of cropland by smallholders, contrary to the widely publicised narrative of agro-industrial and built-up areas expansion.",0.9217022,The man made LULC changes had a crucial contribution to the increase of actual ET and SURQ mainly by the expansion of cropland in the Niger River and Lake Chad basins.,162
Article_94_82,Article_94,82,"However, most of the deforestation and LULCC was caused by expansion of other cultivated areas of cropland by smallholders, contrary to the widely publicised narrative of agro-industrial and built-up areas expansion.",0.9217022,The man made LULC changes had a crucial contribution to the increase of actual ET and SURQ mainly by the expansion of cropland in the Niger River and Lake Chad basins.,162
Article_115_41,Article_115,41,"Among all the changes of LULC classes, the rapid expansion of built-up and orchards and the dramatic decrease of barren land were the most significant changes in the Dong Trieu district.",0.9216622,The man made LULC changes had a crucial contribution to the increase of actual ET and SURQ mainly by the expansion of cropland in the Niger River and Lake Chad basins.,162
Article_102_6,Article_102,6,"Agricultural change represented 15.9% of the change, with total agricultural spatial extent showing only a slight increase of 4778 km 2 , however there was a substantial decline (7.94%) in pasture/hay during this time, transitioning mostly to cultivated crop.",0.9214657,A high increase occurred for farm fallow land rising from 0.022% of the protected area in 1984 to 12.59% in 2013 by which time it was the largest single cover class Fig.4,223
Article_33_91,Article_33,91,"The most notable LUC dynamics are reforestation and the increase in built-up areas, which are mainly concentrated along the river.",0.92119664,The man made LULC changes had a crucial contribution to the increase of actual ET and SURQ mainly by the expansion of cropland in the Niger River and Lake Chad basins.,162
Article_22_8,Article_22,8,"According to the results obtained through a 36-year research, the rates of settlement, forest, and water body areas have increased by 11.91%, 13.67%, and 0.82%, respectively whereas the rates of barren land and agricultural areas have reduced by 22.25% and 4.15%, respectively.",0.92115057,"From 1984 to 2001, [tree] savannas, bare soils and agricultural lands increased by 17.55%, 18.79% and 21778.79%, respectively, while woodland, gallery [forest], [shrub] savannas and [[water] bodies] decreased by 22.02%, 5.03%, 40.08% and 31.2%, respectively",94
Article_19_8,Article_19,8,"The 33 years of LULC change data series revealed that Brazil lost 71 Mha of natural vegetation, mostly to cattle ranching and agriculture activities.",0.92103225,The man made LULC changes had a crucial contribution to the increase of actual ET and SURQ mainly by the expansion of cropland in the Niger River and Lake Chad basins.,162
Article_110_56,Article_110,56,Savannah land cover saw a significant reduction to 9365.4 hectares (16.2%) which is a considerable reason for a rise in settlement ( Fig.,0.9209944,A high increase occurred for farm fallow land rising from 0.022% of the protected area in 1984 to 12.59% in 2013 by which time it was the largest single cover class Fig.4,223
Article_111_40,Article_111,40,"In contrast, evergreen forest shows a relatively low correlation with other hydrological components (Table In general, the surface runoff and water yield are profoundly related to change in the cultivated and urban areas.",0.9208265,The man made LULC changes had a crucial contribution to the increase of actual ET and SURQ mainly by the expansion of cropland in the Niger River and Lake Chad basins.,162
Article_51_59,Article_51,59,"The area shows significant changes in soil cover in the period 2001-2017, influencing surface runoff, such as increased sugar cane cultivation and pasture, in the entire sub-basin; and decrease of exposed soil areas.",0.9206233,The man made LULC changes had a crucial contribution to the increase of actual ET and SURQ mainly by the expansion of cropland in the Niger River and Lake Chad basins.,162
Article_61_24,Article_61,24,": Trends in South Asia are largely driven by India and Sri Lanka, which contain the largest remaining wild populations (Table The relationship between people and nature today is complicated by the ongoing expansion of population centers, agriculture sectors, and extractive economic activity that places additional pressure on forest resources This longer perspective also contextualizes another recent study in Nepal that documented changes in forest cover between 1930 and 2020 using topographic maps and satellite imagery Table quantified directly using data on forest cover change over the past century but negative incidents may be most prevalent in areas of relatively recent deforestation as remnant elephant populations continue to be displaced.",0.9205667,The transhumance shed provides a useful geographic scale between the individual village territory and the regional agro pastoral belt that allows for a more accurate assessment of the relationship between herd mobility crop damage and conflict that reflects the environmental changes taking place across dryland West Africa. ,161
Article_104_165,Article_104,165,"The Upper Blue Nile basin will face regional water scarcity regardless of whether the precipitation is increased, constant or decreased The study analysis suggests that the impact assessments of the combined land use/land cover and climate change in the Finchaa catchments are well-represented by the SWAT simulations.",0.9205292,The man made LULC changes had a crucial contribution to the increase of actual ET and SURQ mainly by the expansion of cropland in the Niger River and Lake Chad basins.,162
Article_80_5,Article_80,5,The comparison between the OMR analysis and LULC changes indicated that the warming over NI during 1981-2006 is due to the expansion of the dry land and the decline of dense forest.,0.9204581,The man made LULC changes had a crucial contribution to the increase of actual ET and SURQ mainly by the expansion of cropland in the Niger River and Lake Chad basins.,162
Article_63_48,Article_63,48,")ey also mentioned that as a result of the resettlement program there was huge loss of forests within which indigenous trees were removed due to selective logging for house construction, fuel wood, and expansion of crop production.",0.9204032,During this time the land required for [agriculture] increased significantly so that large areas of natural bushland were deforested for [cultivation] purposes,81
Article_43_8,Article_43,8,"Uncontrolled changes in LULC from forest land and waterbodies are the main causes of the loss in total ESV, necessitating urgent measures to improve the coastal ecosystem sustainability through effective planning and policies.",0.9203416,The man made LULC changes had a crucial contribution to the increase of actual ET and SURQ mainly by the expansion of cropland in the Niger River and Lake Chad basins.,162
Article_118_107,Article_118,107,"The major contributing factors to LULC change were the expansion of hydropower and irrigation projects, mostly at the downstream, for expansion of a sugar factory.",0.9202884,The man made LULC changes had a crucial contribution to the increase of actual ET and SURQ mainly by the expansion of cropland in the Niger River and Lake Chad basins.,162
Article_38_107,Article_38,107,"The major contributing factors to LULC change were the expansion of hydropower and irrigation projects, mostly at the downstream, for expansion of a sugar factory.",0.9202884,The man made LULC changes had a crucial contribution to the increase of actual ET and SURQ mainly by the expansion of cropland in the Niger River and Lake Chad basins.,162
Article_84_43,Article_84,43,"The growth of plantation forests has also been linked to large-scale government initiated reforestation programs elsewhere | Land cover change and water balance: Although the plant physiology and management govern negative and positive environmental interactions of plantation land cover types, there are significant differences between annual crops and plantations.",0.9202654,Perhaps the most relevant aspect of the relationships between climate change and peasant agriculture is the realization that many small farmers cope with and even prepare for climate change minimizing crop failure through increased use of drought tolerant local varieties water harvesting mixed cropping agroforestry soil conservation practices and a series of other traditional techniques .,203
Article_24_90,Article_24,90,"The matrix represents that the need for accelerated construction was came primarily by the decline in scrub and soil bare, followed by farmland and sparse vegetation.",0.9200337,Thus farmland persists and increases each year at the expense of forest woodland and tree savanna . ,229
Article_117_46,Article_117,46,High population growth and the intention of young people to intrude and farm both forest and area closures are among the significant threats raised during respective discussions.,0.9194123,Only a small percentage of people interviewed stated that overgrazing war and conflict inappropriate irrigation and the occurrence and spread of weeds and invader plants and bush encroachment could contribute to land degradation in the study area. ,212
Article_104_142,Article_104,142,"Consequently, the effect of climate change is decisive compared to the LULCC in the Finchaa catchment.",0.9192472,The man made LULC changes had a crucial contribution to the increase of actual ET and SURQ mainly by the expansion of cropland in the Niger River and Lake Chad basins.,162
Article_112_26,Article_112,26,"During that period, the sparse forest has slightly increased by 1.47% whilst, agricultural land and urban area have significantly increased by 223.2% (300 km 2 to 973 km 2 ), and 448.84% (29 km 2 to 161 km 2 ) respectively.",0.91905975,"From 1984 to 2001, [tree] savannas, bare soils and agricultural lands increased by 17.55%, 18.79% and 21778.79%, respectively, while woodland, gallery [forest], [shrub] savannas and [[water] bodies] decreased by 22.02%, 5.03%, 40.08% and 31.2%, respectively",94
Article_54_8,Article_54,8,"The expansion of farmlands, for example, has occurred at the expense of grasslands, forestlands and shrublands.",0.91896856,Thus farmland persists and increases each year at the expense of forest woodland and tree savanna . ,229
Article_95_11,Article_95,11,The socio-economic developments and population growth have amplified the prolonged discrepancy between supply and demand for land and water in the catchment.,0.9189466,The man made LULC changes had a crucial contribution to the increase of actual ET and SURQ mainly by the expansion of cropland in the Niger River and Lake Chad basins.,162
Article_104_105,Article_104,105,The recent evidence by The increase in surface water has increased the total water yield of the catchment.,0.9188863,The man made LULC changes had a crucial contribution to the increase of actual ET and SURQ mainly by the expansion of cropland in the Niger River and Lake Chad basins.,162
Article_52_82,Article_52,82,The results show the reduction of global tree cover extent and expansion of cropland and settlements.,0.91887635,The man made LULC changes had a crucial contribution to the increase of actual ET and SURQ mainly by the expansion of cropland in the Niger River and Lake Chad basins.,162
Article_14_114,Article_14,114,"According to the quantitative results of the LULC mapping with the RS approach, the natural land cover has been lost, while built-up areas (larger roads, new development areas) have significantly increased since the beginning of the construction of the Akkuyu NPP.",0.9188425,The man made LULC changes had a crucial contribution to the increase of actual ET and SURQ mainly by the expansion of cropland in the Niger River and Lake Chad basins.,162
Article_117_3,Article_117,3,It explores the LULCC and the key anthropogenic drivers of the change over the past 20 years through a mix of satellite imagery and a survey of local understandings.,0.91869414,The transhumance shed provides a useful geographic scale between the individual village territory and the regional agro pastoral belt that allows for a more accurate assessment of the relationship between herd mobility crop damage and conflict that reflects the environmental changes taking place across dryland West Africa. ,161
Article_104_137,Article_104,137,"The increase of temperature and decreasing precipitation under a varying LULC in Finchaa catchment shows a decline of surface runoff, groundwater and total water yield, whereas the projected evapotranspiration is increasing.",0.91856563,The man made LULC changes had a crucial contribution to the increase of actual ET and SURQ mainly by the expansion of cropland in the Niger River and Lake Chad basins.,162
Article_104_132,Article_104,132,"The increase of temperature and decreasing precipitation under a varying LULC in Finchaa catchment shows a decline of surface runoff, groundwater and total water yield, whereas the projected evapotranspiration is increasing.",0.9185656,The man made LULC changes had a crucial contribution to the increase of actual ET and SURQ mainly by the expansion of cropland in the Niger River and Lake Chad basins.,162
Article_95_180,Article_95,180,The increase in the longer dry season has amplified the effects of water security in the catchment.,0.91844165,The man made LULC changes had a crucial contribution to the increase of actual ET and SURQ mainly by the expansion of cropland in the Niger River and Lake Chad basins.,162
Article_72_57,Article_72,57,"Economic growth and population increase are the main factors leading to the change of artificial surfaces The conversion of water bodies and cultivated land is mainly concentrated in Jining City, which is also the region where changes in vegetation carbon storage are more pronounced.",0.9184142,The man made LULC changes had a crucial contribution to the increase of actual ET and SURQ mainly by the expansion of cropland in the Niger River and Lake Chad basins.,162
Article_89_79,Article_89,79,"Built-up and bare soil areas increased by 13.61% and 25.24% from losing water bodies, vegetation and lowland during the study period.",0.9182954,The area of natural vegetation forest woodland and tree savanna that was considered degraded increased by 4.1% between the first and the second time periods i.e,230
Article_94_91,Article_94,91,"The west and south facing slopes of Mount Cameroon harbours high value forests with high endemism and conservation attractiveness, and remains a key biodiversity hot spot, watershed providing clean water, healthy soil and regulating the climate in the central Africa sub-region and beyond.",0.917974,The Upper Guinean forest is a global biodiversity hotspot and has become one of the most human modified forest ecosystems in the tropics having lost over 80% of its original forest cover with the remainder distributed in a fragmented agriculture forest mosaic,148
Article_26_91,Article_26,91,"The west and south facing slopes of Mount Cameroon harbours high value forests with high endemism and conservation attractiveness, and remains a key biodiversity hot spot, watershed providing clean water, healthy soil and regulating the climate in the central Africa sub-region and beyond.",0.917974,The Upper Guinean forest is a global biodiversity hotspot and has become one of the most human modified forest ecosystems in the tropics having lost over 80% of its original forest cover with the remainder distributed in a fragmented agriculture forest mosaic,148
Article_95_60,Article_95,60,The result was helpful to see how continuous demand for agricultural land had brought changes in LULC of higher slope areas.,0.91788983,The man made LULC changes had a crucial contribution to the increase of actual ET and SURQ mainly by the expansion of cropland in the Niger River and Lake Chad basins.,162
Article_48_6,Article_48,6,"Settlement increased by 25.93% whereas water, vegetation, and bare land reduced by 0.08%, 16.00%, and 9.86% respectively.",0.9178402,"From 1984 to 2001, [tree] savannas, bare soils and agricultural lands increased by 17.55%, 18.79% and 21778.79%, respectively, while woodland, gallery [forest], [shrub] savannas and [[water] bodies] decreased by 22.02%, 5.03%, 40.08% and 31.2%, respectively",94
Article_102_112,Article_102,112,"However, the change in wetland extent was greatest in the southeast U.S., driven by precipitation and the historical pattern of human caused land cover change influencing natural processes The change in cropland footprint (including both classes of pasture/ hay and cultivated crop) was nearly static across the 15 years with only a slight increase of 4778 km 2 .",0.91772056,c Proportions of persistence and change trajectories along the rainfall gradient show steep increase in human dominated land cover across the Sahel sub region fewest natural land cover from the Sudano Sahelian through the northern Guinean sub regions and a predominance of recent transitions to human dominated land cover in the recent 2000 2013 compared to the earlier 1975 2000 time interval. http www.tei c.org ns 1.0 xml id fig 6 Fig,192
Article_86_79,Article_86,79,"This paper further summarized how the infrastructural development in IITB has changed the LULC pattern and documented the potential impacts of the same on the green cover, runoff patterns and hydrological balance inside the campus.",0.91761637,The man made LULC changes had a crucial contribution to the increase of actual ET and SURQ mainly by the expansion of cropland in the Niger River and Lake Chad basins.,162
Article_100_5,Article_100,5,The result shows that the considerable changes in LULC have occurred with continuous increase in built-up area and open/fallow land and decrease in agriculture land and vegetation over the study time period.,0.9175744,The result reveals that the Mono basin Table land cover presents an increase in built up agricultural land and water bodies while the vegetative clusters such as forest savanna and herbaceous savanna have declined for the three study periods,220
Article_21_6,Article_21,6,"On the other hand, bushlands, forest areas, and grasslands LULC classes in the study area decreased from 26.18% to 19.30%, 4.94%-1.92%, and 11.77%-7.16%, respectively.",0.9174652,"From 1984 to 2001, [tree] savannas, bare soils and agricultural lands increased by 17.55%, 18.79% and 21778.79%, respectively, while woodland, gallery [forest], [shrub] savannas and [[water] bodies] decreased by 22.02%, 5.03%, 40.08% and 31.2%, respectively",94
Article_110_55,Article_110,55,There was also an increase in closed forest coverage to a total area of 1314.6 hectares which is 2.3% of the study area.,0.9174418,A high increase occurred for farm fallow land rising from 0.022% of the protected area in 1984 to 12.59% in 2013 by which time it was the largest single cover class Fig.4,223
Article_26_62,Article_26,62,"Built-up land expansion due to urban growth usually occurs at the expense of ecological land cover classes in many developing countries In addition, the rapid population growth is causing high land value and increasing competition for farmland, leading to increased food prices, and threatening food security in Buea and Limbe sub-divisions.",0.9172052,The man made LULC changes had a crucial contribution to the increase of actual ET and SURQ mainly by the expansion of cropland in the Niger River and Lake Chad basins.,162
Article_94_62,Article_94,62,"Built-up land expansion due to urban growth usually occurs at the expense of ecological land cover classes in many developing countries In addition, the rapid population growth is causing high land value and increasing competition for farmland, leading to increased food prices, and threatening food security in Buea and Limbe sub-divisions.",0.9172052,The man made LULC changes had a crucial contribution to the increase of actual ET and SURQ mainly by the expansion of cropland in the Niger River and Lake Chad basins.,162
Article_2_40,Article_2,40,"While non-agricultural land is reported to have increased, the area of this GIS layer showed a 21.5% decrease when verified by the land cover map.",0.91704106,A high increase occurred for farm fallow land rising from 0.022% of the protected area in 1984 to 12.59% in 2013 by which time it was the largest single cover class Fig.4,223
Article_79_60,Article_79,60,"The decline in shrub lands by 40.63%, grasslands by 84.86%, forests by 52.90%, water by 82.03%, and wetlands by 38.44%; coupled with increased cultivated land by 34.25%, bare land by 132.28%, and built-up areas by 461.20% over the period under review indicate that the natural landscapes in the watershed are undergoing destruction at the expense of human settlement and infrastructural developments.",0.9169475,"From 1984 to 2001, [tree] savannas, bare soils and agricultural lands increased by 17.55%, 18.79% and 21778.79%, respectively, while woodland, gallery [forest], [shrub] savannas and [[water] bodies] decreased by 22.02%, 5.03%, 40.08% and 31.2%, respectively",94
Article_16_9,Article_16,9,"From these findings, change detection analysis shows that the area used for agricultural land, barren land, forest, built-up areas, and waterbodies has increased by 5.17%, 3.39%, 0.84%, and 0.26%, respectively, between 1996 and 2019.",0.9168026,"From 1984 to 2001, [tree] savannas, bare soils and agricultural lands increased by 17.55%, 18.79% and 21778.79%, respectively, while woodland, gallery [forest], [shrub] savannas and [[water] bodies] decreased by 22.02%, 5.03%, 40.08% and 31.2%, respectively",94
Article_16_59,Article_16,59,"From these findings, change detection analysis shows that the area used for agricultural land, barren land, forest, built-up areas, and waterbodies has increased by 5.17 %, 3.39 %, 0.84 %, and 0.26 %, respectively, between 1996 and 2019.",0.9168025,"From 1984 to 2001, [tree] savannas, bare soils and agricultural lands increased by 17.55%, 18.79% and 21778.79%, respectively, while woodland, gallery [forest], [shrub] savannas and [[water] bodies] decreased by 22.02%, 5.03%, 40.08% and 31.2%, respectively",94
Article_95_148,Article_95,148,The other implication of LULCC revealed in the catchment was the decline of water resources.,0.91675997,The man made LULC changes had a crucial contribution to the increase of actual ET and SURQ mainly by the expansion of cropland in the Niger River and Lake Chad basins.,162
Article_36_50,Article_36,50,"Also, a positive impact on SURQ and WYLD can be observed as almost 80% of the irrigation water for the expanded rice fields are taken from outside the catchment (Sefidrood river).",0.91661674,The man made LULC changes had a crucial contribution to the increase of actual ET and SURQ mainly by the expansion of cropland in the Niger River and Lake Chad basins.,162
Article_53_23,Article_53,23,"On the other hand, in 1996 about 15.08% of the area was covered by agricultural land against 20.46% area in 1988 showed a decrease in cultivated land.",0.91660804,A high increase occurred for farm fallow land rising from 0.022% of the protected area in 1984 to 12.59% in 2013 by which time it was the largest single cover class Fig.4,223
Article_38_61,Article_38,61,"Change analysis was performed by using the classified maps | Percent of change =: Ay -Ax Ax * 100 Rate of change (ha/year) = Ay -Ax T where Ax is the area of LULC (ha) of an earlier land cover image, Ay is the area of LULC (ha) of a later land cover image, T is the time interval between Ax and Ay in years.",0.9165942,The average annual rate of change between two periods was computed by a slightly modified formula used by A2 A1 A1 100 T2 T1 where Average annual rate of change % A1 Amount of land cover type in time 1 T1 A2 Amount of land cover type in time 2 T2 .,176
Article_118_61,Article_118,61,"Change analysis was performed by using the classified maps | Percent of change =: Ay -Ax Ax * 100 Rate of change (ha/year) = Ay -Ax T where Ax is the area of LULC (ha) of an earlier land cover image, Ay is the area of LULC (ha) of a later land cover image, T is the time interval between Ax and Ay in years.",0.9165942,The average annual rate of change between two periods was computed by a slightly modified formula used by A2 A1 A1 100 T2 T1 where Average annual rate of change % A1 Amount of land cover type in time 1 T1 A2 Amount of land cover type in time 2 T2 .,176
Article_84_6,Article_84,6,Results showed that the percentage of the plantation land cover types decreased slightly between 2009 (25.4%) and 2017 (22.5%).,0.91658115,A high increase occurred for farm fallow land rising from 0.022% of the protected area in 1984 to 12.59% in 2013 by which time it was the largest single cover class Fig.4,223
Article_50_540,Article_50,540,"Existing policies focused on GHG management in agriculture and forestry is less advanced in Africa than in Latin American and Asia, however, The agricultural sector throughout the world is influenced by many policies that affect production practices, crop choices and land use.",0.9165029,Perhaps the most relevant aspect of the relationships between climate change and peasant agriculture is the realization that many small farmers cope with and even prepare for climate change minimizing crop failure through increased use of drought tolerant local varieties water harvesting mixed cropping agroforestry soil conservation practices and a series of other traditional techniques .,203
Article_94_77,Article_94,77,"This is consistent with reports that arable production in Cameroon is declining or stagnating, and the situation is pushing more people to facing the problems of food insecurity The expert stakeholders ranked sustainable land management, good governance, conservation, and reforestation, respectively, as the highest impact drivers and predictors of green economy development, with only small variations in stakeholder perceptions between the sub-divisions.",0.9164722,Perhaps the most relevant aspect of the relationships between climate change and peasant agriculture is the realization that many small farmers cope with and even prepare for climate change minimizing crop failure through increased use of drought tolerant local varieties water harvesting mixed cropping agroforestry soil conservation practices and a series of other traditional techniques .,203
Article_26_77,Article_26,77,"This is consistent with reports that arable production in Cameroon is declining or stagnating, and the situation is pushing more people to facing the problems of food insecurity The expert stakeholders ranked sustainable land management, good governance, conservation, and reforestation, respectively, as the highest impact drivers and predictors of green economy development, with only small variations in stakeholder perceptions between the sub-divisions.",0.9164722,Perhaps the most relevant aspect of the relationships between climate change and peasant agriculture is the realization that many small farmers cope with and even prepare for climate change minimizing crop failure through increased use of drought tolerant local varieties water harvesting mixed cropping agroforestry soil conservation practices and a series of other traditional techniques .,203
Article_98_36,Article_98,36,Agricultural economic development and urban expansion have led to the reduction of shrubland and grassland areas and associated ESVs.,0.91624427,Anthropogenic activities such as agricultural reclamation and overgrazing may be primary driver of these deepening desertification patterns in these regions . ,183
Article_108_58,Article_108,58,"Approximately 72.68 km 2 of the catchment area experienced categorical LULC changes between 1979 and 2019, with a maximum extent of 32.26 km 2 of grass cover converted to built-up.",0.91619384,A high increase occurred for farm fallow land rising from 0.022% of the protected area in 1984 to 12.59% in 2013 by which time it was the largest single cover class Fig.4,223
Article_99_1,Article_99,1,"Land Use Policy As a result of the socioeconomic transformation, the rapid urban expansion of cities and towns in the Gulf Cooperation Council (GCC) states has predominately led to tremendous pressure on the limited natural resources and loss of productive lands.",0.9161616,"#text': 'After the droughts in the 1970s and 1980s, the observed loss of woody vegetation cover was often considered as irreversible [desertification] and large parts of the Sahel were designated as degraded land (e.g",0
Article_33_2154,Article_33,2154,"Thus, whereas according to the reference map there were many vegetation areas that changed to agricultural areas, in our simulation this did not happen.",0.91607875,"Even though the geo-statistical analysis cannot prove a change in [urban] area, 62% of the experts stated that there was an increase in [urban] area (conversion of cropland to [urban], see also .",98
Article_80_25,Article_80,25,The cooling over NEI during 1981-2006 could be due to the decline of non-vegetated/small vegetated lands and the expansion of agricultural land/forest covers in that period.,0.9160725,The man made LULC changes had a crucial contribution to the increase of actual ET and SURQ mainly by the expansion of cropland in the Niger River and Lake Chad basins.,162
Article_80_32,Article_80,32,Overall analysis inferred an expansion of the areas under dry land/snow cover over NI during 1981-2006 and a reduction of areas under dense forest over the same region in that period.,0.9159878,In contrast relative net gain in open water bodies was observed in the humid region during the period of 1975 2000 with a slight loss in 2000 2013. ,215
Article_26_61,Article_26,61,"Beyond 2000, much of the expansion in built-up areas and other cultivated areas of cropland occurred more in non-forest than forest areas in Buea and Limbe subdivisions, leading to a decrease in the area cover of agro-industrial plantations.",0.9159247,The man made LULC changes had a crucial contribution to the increase of actual ET and SURQ mainly by the expansion of cropland in the Niger River and Lake Chad basins.,162
Article_94_61,Article_94,61,"Beyond 2000, much of the expansion in built-up areas and other cultivated areas of cropland occurred more in non-forest than forest areas in Buea and Limbe subdivisions, leading to a decrease in the area cover of agro-industrial plantations.",0.9159247,The man made LULC changes had a crucial contribution to the increase of actual ET and SURQ mainly by the expansion of cropland in the Niger River and Lake Chad basins.,162
Article_104_138,Article_104,138,"The combined effects of LULC and climate change on the watershed hydrological process are presented in Table the upstream and outlet of the catchment, with the highest under RCP8.5 in the late scenario.",0.9158388,The man made LULC changes had a crucial contribution to the increase of actual ET and SURQ mainly by the expansion of cropland in the Niger River and Lake Chad basins.,162
Article_46_216,Article_46,216,"The term deforestation is appropriate the first time a forest is converted to shifting cultivation, but subsequent re-clearing of fallow is not deforestation (unless the recovery of forest in the fallows is identified as an increase in forest area).",0.9157912,estimate is thus a metric of deforestation occurring in landscapes where agriculture is the dominant direct driver of forest loss rather than only deforestation resulting in agricultural production per se . ,232
Article_95_78,Article_95,78,"| Land Use/Land Cover Change with Slope Gradients in Finchaa Catchment: The continuous demand for agricultural land brought changes in LULC, especially in higher slope areas.",0.91574335,The man made LULC changes had a crucial contribution to the increase of actual ET and SURQ mainly by the expansion of cropland in the Niger River and Lake Chad basins.,162
Article_84_31,Article_84,31,"Using all the pixels in the catchment, the results showed that the greatest amounts of interception in the sub-catchment occur in the cover class tea and plantation forests, followed by natural forest.",0.91569537,The area of natural vegetation forest woodland and tree savanna that was considered degraded increased by 4.1% between the first and the second time periods i.e,230
Article_20_79,Article_20,79,"During the FGDs and KIIs, a significant relationship was established between the regional economy (mainly depends on agricultural products) and climate change in the study area mentioned in Figure | Future sustainable land use management plan: Effective land management is a proactive strategy for mitigating the negative consequences of natural land cover change and unplanned regional development.",0.9155414,The transhumance shed provides a useful geographic scale between the individual village territory and the regional agro pastoral belt that allows for a more accurate assessment of the relationship between herd mobility crop damage and conflict that reflects the environmental changes taking place across dryland West Africa. ,161
Article_44_79,Article_44,79,"During the FGDs and KIIs, a significant relationship was established between the regional economy (mainly depends on agricultural products) and climate change in the study area mentioned in Figure | Future sustainable land use management plan: Effective land management is a proactive strategy for mitigating the negative consequences of natural land cover change and unplanned regional development.",0.9155414,The transhumance shed provides a useful geographic scale between the individual village territory and the regional agro pastoral belt that allows for a more accurate assessment of the relationship between herd mobility crop damage and conflict that reflects the environmental changes taking place across dryland West Africa. ,161
Article_91_54,Article_91,54,"| Conclusions: The present study investigated the historical LULC The study results have shown that, over the last thirty years, the forest covering the Fincha watershed was mostly converted to agricultural and grass/swamp areas.",0.9152987,The man made LULC changes had a crucial contribution to the increase of actual ET and SURQ mainly by the expansion of cropland in the Niger River and Lake Chad basins.,162
Article_65_45,Article_65,45,"At the national level, Grassland increased in extent because of losses in Forest and Cropland (Table Built-up areas experienced the highest relative increases across the country at around 19% over the study period.",0.9151815,A high increase occurred for farm fallow land rising from 0.022% of the protected area in 1984 to 12.59% in 2013 by which time it was the largest single cover class Fig.4,223
Article_26_53,Article_26,53,"| Discussion: In the 1980s, landscape transformation in the study area was mainly dominated by conversion of lowland dense forest and grassland to agro-industrial plantations in a time of low population growth and low land and food demand, thus producing more resilient and adaptable SES.",0.91507614,"#text': 'After the droughts in the 1970s and 1980s, the observed loss of woody vegetation cover was often considered as irreversible [desertification] and large parts of the Sahel were designated as degraded land (e.g",0
Article_94_53,Article_94,53,"| Discussion: In the 1980s, landscape transformation in the study area was mainly dominated by conversion of lowland dense forest and grassland to agro-industrial plantations in a time of low population growth and low land and food demand, thus producing more resilient and adaptable SES.",0.91507614,"#text': 'After the droughts in the 1970s and 1980s, the observed loss of woody vegetation cover was often considered as irreversible [desertification] and large parts of the Sahel were designated as degraded land (e.g",0
Article_115_43,Article_115,43,"Among all the changes of LULC classes, the rapid expan built-up and orchards and the dramatic decrease of barren land were the most sig changes in the Dong Trieu district.",0.91503024,The man made LULC changes had a crucial contribution to the increase of actual ET and SURQ mainly by the expansion of cropland in the Niger River and Lake Chad basins.,162
Article_50_526,Article_50,526,"Increased precipitation, migration, community development, economic volatility and local policy reform have all likely played a role Regreening takes place when dormant seed or tree stumps sprout and are cultivated through the technique, called Farmer Managed Natural Regeneration (FMNR).",0.9149939,Perhaps the most relevant aspect of the relationships between climate change and peasant agriculture is the realization that many small farmers cope with and even prepare for climate change minimizing crop failure through increased use of drought tolerant local varieties water harvesting mixed cropping agroforestry soil conservation practices and a series of other traditional techniques .,203
Article_104_63,Article_104,63,"From the land use maps of 2002 and 2017, Finchaa catchment was characterized by expansion of intensive agriculture and urbanization resulting in a natural vegetation decline.",0.9149895,The man made LULC changes had a crucial contribution to the increase of actual ET and SURQ mainly by the expansion of cropland in the Niger River and Lake Chad basins.,162
Article_83_47,Article_83,47,"As for the sabkha, these results could be mainly due to the agricultural expansion and increased urban, which occurred during this period.",0.91493994,The man made LULC changes had a crucial contribution to the increase of actual ET and SURQ mainly by the expansion of cropland in the Niger River and Lake Chad basins.,162
Article_36_57,Article_36,57,"In sub-basin 16, the expanded agriculture area resulted in an increase of WYLD by up to 17.6 mm in July 2012.",0.91486895,The man made LULC changes had a crucial contribution to the increase of actual ET and SURQ mainly by the expansion of cropland in the Niger River and Lake Chad basins.,162
Article_89_83,Article_89,83,Area of higher temperature zones increased due to the expansion of urban areas and bare lands.,0.9148479,The man made LULC changes had a crucial contribution to the increase of actual ET and SURQ mainly by the expansion of cropland in the Niger River and Lake Chad basins.,162
Article_77_52,Article_77,52,The study revealed that land use change from natural forests to mixed farming and fallow land could explain the decline in the size of natural forest of the study area.,0.91482633,The area of natural vegetation forest woodland and tree savanna that was considered degraded increased by 4.1% between the first and the second time periods i.e,230
Article_104_147,Article_104,147,"Consequently, the increase in warming and evaporation in the catchment highly affects the three reservoirs in the catchment increasing water stress.",0.91482264,The man made LULC changes had a crucial contribution to the increase of actual ET and SURQ mainly by the expansion of cropland in the Niger River and Lake Chad basins.,162
Article_104_144,Article_104,144,"Consequently, the increase in warming and evaporation in the catchment highly affects the three reservoirs in the catchment increasing water stress.",0.91482264,The man made LULC changes had a crucial contribution to the increase of actual ET and SURQ mainly by the expansion of cropland in the Niger River and Lake Chad basins.,162
Article_91_55,Article_91,55,"An increase in zones covered by waterbody and built-up was also observable, mainly connected to the increasing human pressure and the construction of new hydropower reservoirs.",0.9147829,The man made LULC changes had a crucial contribution to the increase of actual ET and SURQ mainly by the expansion of cropland in the Niger River and Lake Chad basins.,162
Article_83_49,Article_83,49,"Regarding with sand, this is due to the continuous human activities in the studied area which grow towards reclamation of more agricultural lands and increased urban.",0.91476834,The man made LULC changes had a crucial contribution to the increase of actual ET and SURQ mainly by the expansion of cropland in the Niger River and Lake Chad basins.,162
Article_38_108,Article_38,108,The scarcity of jobs and urban expansions in the catchment amplified the socio-economic activities for LULC changes.,0.91471624,The man made LULC changes had a crucial contribution to the increase of actual ET and SURQ mainly by the expansion of cropland in the Niger River and Lake Chad basins.,162
Article_118_108,Article_118,108,The scarcity of jobs and urban expansions in the catchment amplified the socio-economic activities for LULC changes.,0.9147162,The man made LULC changes had a crucial contribution to the increase of actual ET and SURQ mainly by the expansion of cropland in the Niger River and Lake Chad basins.,162
Article_54_57,Article_54,57,"Therefore, this supports that LULC are the leading contributors to the decline and loss of ecosystem services in the CRV.",0.9146954,The man made LULC changes had a crucial contribution to the increase of actual ET and SURQ mainly by the expansion of cropland in the Niger River and Lake Chad basins.,162
Article_50_527,Article_50,527,"Without planting new trees, FMNR is presumed to be cheaper than other approaches to restoration, though comparative economic analysis has yet to be conducted Regreening in the Sahel and the consequent transformation of the landscape has resulted from the actions of hundreds of thousands of individuals responding to social and biophysical signals tillage is rarely additional.",0.9146413,Perhaps the most relevant aspect of the relationships between climate change and peasant agriculture is the realization that many small farmers cope with and even prepare for climate change minimizing crop failure through increased use of drought tolerant local varieties water harvesting mixed cropping agroforestry soil conservation practices and a series of other traditional techniques .,203
Article_53_37,Article_53,37,The major changes in built up area were noted along the periphery of the Gangtok being the capital city due to urban sprawl and expansion of the town area during the last two decades.,0.91458833,The man made LULC changes had a crucial contribution to the increase of actual ET and SURQ mainly by the expansion of cropland in the Niger River and Lake Chad basins.,162
Article_19_65,Article_19,65,The remaining biomes had a lower annual average reduction of non-forested areas ranging between -0.06% per year in the Amazon and -0.2% in the Cerrado (Figure decreasing change in surface water.,0.91451347,The area of natural vegetation forest woodland and tree savanna that was considered degraded increased by 4.1% between the first and the second time periods i.e,230
Article_79_41,Article_79,41,"Moreover, the irregular pattern of changes observed in grasslands from 1980 to 2020 can be attributed to the destruction by constant incidences of fire outbreaks that usually occur in the area during periods of droughts Similar to grasslands, the patterns of spatio-temporal changes in shrub lands showed that it has declined by 40.63% (5.90 km 2 / year) over the four-decade period, which was largely attributed to the conversion to cultivated lands and settlements due to population pressure.",0.9145033,"#text': 'After the droughts in the 1970s and 1980s, the observed loss of woody vegetation cover was often considered as irreversible [desertification] and large parts of the Sahel were designated as degraded land (e.g",0
Article_83_44,Article_83,44,The sand area followed the same change pattern that was recorded for both water bodies and sabkha area where it decreased continuously from 1987 to 2015 and recorded a total change rate of À36.4%.,0.9144575,A high increase occurred for farm fallow land rising from 0.022% of the protected area in 1984 to 12.59% in 2013 by which time it was the largest single cover class Fig.4,223
Article_41_45,Article_41,45,"Moreover, the transition of a natural forest area into other land-use types such as grasslands, bare land, shrubs (3,000 ha) is also the reason for the decrease of forest area.",0.9144524,The area of natural vegetation forest woodland and tree savanna that was considered degraded increased by 4.1% between the first and the second time periods i.e,230
Article_95_76,Article_95,76,"The lowest persisting LULC class in the Finchaa catchment was urban and built-up followed by rangeland during 1987-2002, whereas agricultural land followed by grazing land has shown the highest persisting LULC class.",0.91442114,A high increase occurred for farm fallow land rising from 0.022% of the protected area in 1984 to 12.59% in 2013 by which time it was the largest single cover class Fig.4,223
Article_117_65,Article_117,65,"Shrinking grazing land coupled with the ever-growing livestock population is likely to lead to massive overstocking, overgrazing, and the over browsing of pasture and herbs.",0.91436857,Only a small percentage of people interviewed stated that overgrazing war and conflict inappropriate irrigation and the occurrence and spread of weeds and invader plants and bush encroachment could contribute to land degradation in the study area. ,212
Article_101_53,Article_101,53,"played an important role in climate change since the pre-industrial era Change detection analysis shows deforestation and rapid urbanization as 18.80% of forest area was converted to bare land, and 38.81% of bare land was converted to urban area throughout the study period.",0.9143574,"In the period 1975-1990, 1.28 million ha (26%) of natural vegetation was converted to degraded [savanna] and farmland while 2.23 million ha (53%) of natural vegetation was converted to degraded [savanna] and farmland in the period 1990-2010",90
Article_53_25,Article_53,25,"The area covered by water bodies was less than 1% (0.01 km 2 ) of the total geographical area for the year 1988-1996 (Table Results from the classified image of 2008 illustrate that more than 50% of the area was covered by dense forest, whereas open forest share was 30%.",0.9142895,A high increase occurred for farm fallow land rising from 0.022% of the protected area in 1984 to 12.59% in 2013 by which time it was the largest single cover class Fig.4,223
Article_28_11,Article_28,11,"LU/LC analysis shows that there was a drastic decrease of grassland by 15.64% and shrubland by 9.56% while an increase of agricultural land and settlement by 18.01% and 13.01%, respectively, for 30 years.",0.9141594,"From 1984 to 2001, [tree] savannas, bare soils and agricultural lands increased by 17.55%, 18.79% and 21778.79%, respectively, while woodland, gallery [forest], [shrub] savannas and [[water] bodies] decreased by 22.02%, 5.03%, 40.08% and 31.2%, respectively",94
Article_98_29,Article_98,29,"The built-up land has changed the most, increasing by 2679.68 hm 2 and with an increase rate of 294.09% by 1992.",0.9141258,A high increase occurred for farm fallow land rising from 0.022% of the protected area in 1984 to 12.59% in 2013 by which time it was the largest single cover class Fig.4,223
Article_102_88,Article_102,88,"| Land cover change analysis: | Forests: Overall, forest theme change was the most frequently changing class consisting of 48.67% of total CONUS change across the 15-year period (Table The spatial extents of the three forest classes are different (Fig.",0.91411054,A high increase occurred for farm fallow land rising from 0.022% of the protected area in 1984 to 12.59% in 2013 by which time it was the largest single cover class Fig.4,223
Article_68_39,Article_68,39,"A comparison of the latest classified maps (2018) with that of (2008) suggested crop land, habitation and open mixed forest increasing from 2.96 to 4.38%, 0.30 to 0.34% and 14 to 16.67%, respectively over the last ten years.",0.9141053,"At regional scale, the annual rate of change in [forest] land, grazing land, gallery [forest] and cropland was À0.4, À0.9, À1.6 and 3.8%, respectively",95
Article_51_50,Article_51,50,"In addition, a small-scale increase of areas with citrus and silviculture in the center and south of the sub-basin in 2017, being the first class influencing the reduction of flow velocity due to planting in corridors Runoof is conditioned by slope (10-30%) in the northern portion, associated with fine texture soils with thickness of less than 2 m. In the rest of the sub-basin, the soils have a sandy texture, favoring aquifer units' recharge.",0.91408926,The man made LULC changes had a crucial contribution to the increase of actual ET and SURQ mainly by the expansion of cropland in the Niger River and Lake Chad basins.,162
Article_83_41,Article_83,41,"As for bare soils, the area was decreased in 2000 compared to 1987 with change rate of À13.4%.",0.9140735,In contrast relative net gain in open water bodies was observed in the humid region during the period of 1975 2000 with a slight loss in 2000 2013. ,215
Article_33_1536,Article_33,1536,"In conclusion, the model underestimates the quantity of agriculture and pasture land that is transformed into built-up areas, although in the areas close to roads, it accurately predicted what happened in the Ariège Valley between 2012 and 2018.",0.9140152,"Even though the geo-statistical analysis cannot prove a change in [urban] area, 62% of the experts stated that there was an increase in [urban] area (conversion of cropland to [urban], see also .",98
Article_26_81,Article_26,81,"The increase in other cultivated areas of cropland, oil palm plantations and built-up areas, and decrease in dense forest and rubber plantation covers dominated the LULCC in the sub-region from 1986 to 2018.",0.9139711,The man made LULC changes had a crucial contribution to the increase of actual ET and SURQ mainly by the expansion of cropland in the Niger River and Lake Chad basins.,162
Article_94_81,Article_94,81,"The increase in other cultivated areas of cropland, oil palm plantations and built-up areas, and decrease in dense forest and rubber plantation covers dominated the LULCC in the sub-region from 1986 to 2018.",0.9139711,The man made LULC changes had a crucial contribution to the increase of actual ET and SURQ mainly by the expansion of cropland in the Niger River and Lake Chad basins.,162
Article_76_84,Article_76,84,"In an anthropogenic activities-based climate change-induced warming world, rapid urbanization-led impervious surface in cities leads to land resource degradation and scorching heat, which creates challenging conditions in terms of health issues and energy use among many others The historical city of D. G. Khan was the first of its kind gridded planned city in 1911 In 1970, a flux of labor migration toward the middle east countries (e.g., the United Arab Emirates and Saudi Arabia) A clear trend of decreasing NDVI and increasing NDBI (Figure Recently, the government developed several land-use policies and rehabilitation programs at the federal and provincial levels.",0.9138974,"#text': 'After the droughts in the 1970s and 1980s, the observed loss of woody vegetation cover was often considered as irreversible [desertification] and large parts of the Sahel were designated as degraded land (e.g",0
Article_64_32,Article_64,32,This gives more detailed insights into both the spatial patterns and the temporal dynamics of land use change across the Earth.,0.9138862,The transhumance shed provides a useful geographic scale between the individual village territory and the regional agro pastoral belt that allows for a more accurate assessment of the relationship between herd mobility crop damage and conflict that reflects the environmental changes taking place across dryland West Africa. ,161
Article_43_77,Article_43,77,"One of the major limitations concerns constructing the model empirically with estimates based on the data collected from relevant studies, as this approach assumes the homogeneity of ecosystem service value across all LULC types | Conclusions: The present study has analyzed the role of LULC changes in ESV fluctuations within the urbanized tropical coastal zones of Benin in West Africa.",0.913871,The transhumance shed provides a useful geographic scale between the individual village territory and the regional agro pastoral belt that allows for a more accurate assessment of the relationship between herd mobility crop damage and conflict that reflects the environmental changes taking place across dryland West Africa. ,161
Article_117_47,Article_117,47,"Furthermore, high population growth, which increases at the rate of 2.9% Emerging jobless youth and the shrinkage of farmland because of land degradation and sharing among family members have increased agricultural density from 154.84/km 2 in 2000 to 183.3/km 2 in 2020 (Figure Similarly, the study Woredas were found to have the highest livestock population.",0.91380763,A high increase occurred for farm fallow land rising from 0.022% of the protected area in 1984 to 12.59% in 2013 by which time it was the largest single cover class Fig.4,223
Article_12_95,Article_12,95,"the proximate causes include agricultural expansion, particularly small scale farming, wood extraction for firewood and charcoal making, construction of infrastructure (for example schools, roads), overgrazing and expansion of rural and urban settlements, whereas population pressure, policy and institutions, poverty, lack of awareness and biophysical factors were claimed as major underlying drivers of LULC change.",0.9137931,Only a small percentage of people interviewed stated that overgrazing war and conflict inappropriate irrigation and the occurrence and spread of weeds and invader plants and bush encroachment could contribute to land degradation in the study area. ,212
Article_102_113,Article_102,113,"However, there was a substantial decline (7.94%) in pasture/hay during this time, going mostly to cultivated crop.",0.9137766,A high increase occurred for farm fallow land rising from 0.022% of the protected area in 1984 to 12.59% in 2013 by which time it was the largest single cover class Fig.4,223
Article_44_102,Article_44,102,The seasonal LST distribution over different LULC classes revealed that the highest temperature was recorded in the built-up area while the lowest temperature was recorded in water bodies and agricultural land for the studied years.,0.913713,In contrast relative net gain in open water bodies was observed in the humid region during the period of 1975 2000 with a slight loss in 2000 2013. ,215
Article_20_102,Article_20,102,The seasonal LST distribution over different LULC classes revealed that the highest temperature was recorded in the built-up area while the lowest temperature was recorded in water bodies and agricultural land for the studied years.,0.913713,In contrast relative net gain in open water bodies was observed in the humid region during the period of 1975 2000 with a slight loss in 2000 2013. ,215
Article_95_10,Article_95,10,"A decline in agricultural yield, loss of biodiversity, extended aridity and drought, land and soil degradation, and decline of water resources are the major consequences of LULCC in the Finchaa catchment.",0.91368204,The man made LULC changes had a crucial contribution to the increase of actual ET and SURQ mainly by the expansion of cropland in the Niger River and Lake Chad basins.,162
Article_33_1636,Article_33,1636,"To validate a series of maps with two or more time points When monitoring landscape changes, the LUCC budget technique helps to identify the most critical land use transitions and should ultimately facilitate linking patterns to process | QGIS Exercise: Available tools The components of change computed by the LUCC budget are derived from the cross-tabulation matrix.",0.9136654,The transhumance shed provides a useful geographic scale between the individual village territory and the regional agro pastoral belt that allows for a more accurate assessment of the relationship between herd mobility crop damage and conflict that reflects the environmental changes taking place across dryland West Africa. ,161
Article_95_111,Article_95,111,"The use of wetlands for agriculture limited the area of communal grazing where many livestock populations were allowed for grazing.""",0.91357327,During this time the land required for [agriculture] increased significantly so that large areas of natural bushland were deforested for [cultivation] purposes,81
Article_59_68,Article_59,68,"New farms were established in the Al-Jabal Al-Akhdar region to produce fruit and grain crops to attain self-sufficiency in food production; however, substantial areas of natural cover have been left without change for conservation purposes or to be used for natural grazing, particularly on hilly sites.",0.9135116,During this time the land required for [agriculture] increased significantly so that large areas of natural bushland were deforested for [cultivation] purposes,81
Article_88_68,Article_88,68,"New farms were established in the Al-Jabal Al-Akhdar region to produce fruit and grain crops to attain self-sufficiency in food production; however, substantial areas of natural cover have been left without change for conservation purposes or to be used for natural grazing, particularly on hilly sites.",0.9135116,During this time the land required for [agriculture] increased significantly so that large areas of natural bushland were deforested for [cultivation] purposes,81
Article_75_8,Article_75,8,"The analysis indicates that over the past 32 years, bare land, saline land, agricultural, industrial, and residential areas have increased by about 8, 6.2, 2.7, 0.63, and 0.48%, respectively; while rangeland area was decreased by 18%.",0.913432,"From 1984 to 2001, [tree] savannas, bare soils and agricultural lands increased by 17.55%, 18.79% and 21778.79%, respectively, while woodland, gallery [forest], [shrub] savannas and [[water] bodies] decreased by 22.02%, 5.03%, 40.08% and 31.2%, respectively",94
Article_26_5,Article_26,5,"The variations in the spatial patterns of LULCC between the sub-divisions are attributed to differences in rates of population growth and urbanisation, topography, size of farming population, proportion of cultivable land, socioeconomic opportunities, and strength and resilience of Abstract The old paradigm of horizontal expansion of agricultural land and built-up areas over highland and lowland ecosystems remains highly prevalent in Cameroon, causing significant changes in LULC and undermining the resilience and sustainability of social-ecological systems.",0.91338325,The transhumance shed provides a useful geographic scale between the individual village territory and the regional agro pastoral belt that allows for a more accurate assessment of the relationship between herd mobility crop damage and conflict that reflects the environmental changes taking place across dryland West Africa. ,161
Article_94_5,Article_94,5,"The variations in the spatial patterns of LULCC between the sub-divisions are attributed to differences in rates of population growth and urbanisation, topography, size of farming population, proportion of cultivable land, socioeconomic opportunities, and strength and resilience of Abstract The old paradigm of horizontal expansion of agricultural land and built-up areas over highland and lowland ecosystems remains highly prevalent in Cameroon, causing significant changes in LULC and undermining the resilience and sustainability of social-ecological systems.",0.91338325,The transhumance shed provides a useful geographic scale between the individual village territory and the regional agro pastoral belt that allows for a more accurate assessment of the relationship between herd mobility crop damage and conflict that reflects the environmental changes taking place across dryland West Africa. ,161
Article_94_7,Article_94,7,"In addition, we explored the likelihood of Highlights • Most of the deforestation and LULCC was caused by expansion of other cultivated areas of cropland by smallholders, contrary to the widely publicised narrative of agro-industrial plantation and built-up area expansion from 1986 to 2018.",0.9132693,Only a small percentage of people interviewed stated that overgrazing war and conflict inappropriate irrigation and the occurrence and spread of weeds and invader plants and bush encroachment could contribute to land degradation in the study area. ,212
Article_26_7,Article_26,7,"In addition, we explored the likelihood of Highlights • Most of the deforestation and LULCC was caused by expansion of other cultivated areas of cropland by smallholders, contrary to the widely publicised narrative of agro-industrial plantation and built-up area expansion from 1986 to 2018.",0.9132693,Only a small percentage of people interviewed stated that overgrazing war and conflict inappropriate irrigation and the occurrence and spread of weeds and invader plants and bush encroachment could contribute to land degradation in the study area. ,212
Article_12_46,Article_12,46,"Statistical summaries of the different LULC dynamics are presented in Table | Land Use Land Cover: The highest increment in the percentage of cultivated land (and hence diminishing of wetland and forestland) has been observed between the years of 1987 and 1995, which can be attributed to the spike in small-scale farming (Table It is worth mentioning that this finding is in line with prior studies that reported 44 % growth in agriculture and 36.4 % agricultural land increment, respectively, by | Bare land (BL): .",0.91325426,A high increase occurred for farm fallow land rising from 0.022% of the protected area in 1984 to 12.59% in 2013 by which time it was the largest single cover class Fig.4,223
Article_107_6,Article_107,6,"The simulation of the future LULCC period 2021-2047 revealed a loss in rangeland, forest and shrubland, and barren land and sand by 565, 144 and 105 km 2 , respectively, where rangeland is the most influenced, its land cover will decrease from 4002 to 3437 km 2 .",0.9132164,The area of natural vegetation forest woodland and tree savanna that was considered degraded increased by 4.1% between the first and the second time periods i.e,230
Article_76_94,Article_76,94,"Due to political and socio-economic considerations, the land cover classification revealed that built-up areas and water bodies increased by 8.7 and 0.6%, respectively, over the study period .",0.91319597,The area of natural vegetation forest woodland and tree savanna that was considered degraded increased by 4.1% between the first and the second time periods i.e,230
Article_69_96,Article_69,96,"The areas surrounding counties, cities, districts and main roads became hotspots of LULC changes, which led a large amount of cultivated land to be occupied by construction land.",0.9131556,The man made LULC changes had a crucial contribution to the increase of actual ET and SURQ mainly by the expansion of cropland in the Niger River and Lake Chad basins.,162
Article_36_40,Article_36,40,"Urban area changed the most in relative terms among all the LULC classes, increasing to 100% in 2013 as compared to 1990.",0.91315436,A high increase occurred for farm fallow land rising from 0.022% of the protected area in 1984 to 12.59% in 2013 by which time it was the largest single cover class Fig.4,223
Article_19_61,Article_19,61,"First, we presented the temporal trends of the five main LULC classes including forest, non-forest formation, farming, non-vegetated area and water (Table | LULC Spatial and Temporal Trends in Brazil: In 1985, the forest class, which also includes forest plantation, secondary forest and old growth forest with or without signs of degradation by fire, forest fragmentation or selective logging, covered 70.5% of the Brazil's territory, with 600 Mha.",0.9130891,The area of natural vegetation forest woodland and tree savanna that was considered degraded increased by 4.1% between the first and the second time periods i.e,230
Article_91_44,Article_91,44,"| Historical LULC Changes and Transition Probability Matrix: Comparing the three reference years, it is possible to observe a considerable reduction in the area covered by forest and shrubs during the observation period (Table The results presented here are in line with the existing literature on LULC in the Fincha watershed Between 1989 and 2004, the highest and the lowest persistent LULC classes were waterbody and grass/swamps, characterized by a percentage of stability of 91% and 42%, respectively.",0.9130031,The area of natural vegetation forest woodland and tree savanna that was considered degraded increased by 4.1% between the first and the second time periods i.e,230
Article_59_3,Article_59,3,"In addition, the major factors behind LULC changes and decline of natural vegetation in the region were analyzed.",0.9129736,The man made LULC changes had a crucial contribution to the increase of actual ET and SURQ mainly by the expansion of cropland in the Niger River and Lake Chad basins.,162
Article_88_3,Article_88,3,"In addition, the major factors behind LULC changes and decline of natural vegetation in the region were analyzed.",0.9129735,The man made LULC changes had a crucial contribution to the increase of actual ET and SURQ mainly by the expansion of cropland in the Niger River and Lake Chad basins.,162
Article_104_118,Article_104,118,"Consequently, the projected changes in mean annual precipitation and temperature, under the two RCPs, caused a significant variation in the projected water balance components of Finchaa catchment.",0.91296685,The man made LULC changes had a crucial contribution to the increase of actual ET and SURQ mainly by the expansion of cropland in the Niger River and Lake Chad basins.,162
Article_104_115,Article_104,115,"Consequently, the projected changes in mean annual precipitation and temperature, under the two RCPs, caused a significant variation in the projected water balance components of Finchaa catchment.",0.91296685,The man made LULC changes had a crucial contribution to the increase of actual ET and SURQ mainly by the expansion of cropland in the Niger River and Lake Chad basins.,162
Article_77_45,Article_77,45,"There was a decline of 18.09% in fallow land, 11.16% in natural forest, 10.9% in grasslands and a 0.89% decline in bamboo.",0.9129525,A high increase occurred for farm fallow land rising from 0.022% of the protected area in 1984 to 12.59% in 2013 by which time it was the largest single cover class Fig.4,223
Article_117_37,Article_117,37,"Changes between periods were calculated using the following formula | Percentage of LULCC =: Area final year -Area initial year Area initial year Nevertheless, other land uses, for instance, forest and area closure, decreased from 18.45% and 29.99% to17.8% and 17.38%.",0.9128617,A high increase occurred for farm fallow land rising from 0.022% of the protected area in 1984 to 12.59% in 2013 by which time it was the largest single cover class Fig.4,223
Article_95_181,Article_95,181,A climate projection study reported that the upper Blue Nile basin will face regional water scarcity regardless of the increase or decrease in precipitation | Conclusions: The quantitative spatio-temporal evidence obtained through interpretations of satellite images shows that Finchaa has undergone significant LULCC since 1987.,0.9128616,The man made LULC changes had a crucial contribution to the increase of actual ET and SURQ mainly by the expansion of cropland in the Niger River and Lake Chad basins.,162
Article_83_24,Article_83,24,The change detection results showed a decrease in waterlogged areas as the decrease rate was À15.2% in 1987-2000 and in the next period 2000-2015 the rate of decrease in the overall area reached À14.4%.,0.912839,The annual rate i.e. 0.8% of water bodies loss per year was higher in 2000 2013 i.e. the postdrought era and recent period than in 1975 2000 which was 0.2% per year in the drought era and soon after the severe drought,189
Article_104_102,Article_104,102,"This reveals a massive conversion of LULC to intensive agriculture and settlements will reduce the soil infiltrations capacity, causing a large portion of rainfall directly changed to surface runoff.",0.91283476,The man made LULC changes had a crucial contribution to the increase of actual ET and SURQ mainly by the expansion of cropland in the Niger River and Lake Chad basins.,162
Article_76_7,Article_76,7,This green-grey conversion in the last two decades (8.7%) and prospect along the main corridors show the gravity of unplanned urban growth at the cost of vegetation and agricultural land (-6.8%).,0.9127656,The area of natural vegetation forest woodland and tree savanna that was considered degraded increased by 4.1% between the first and the second time periods i.e,230
Article_47_77,Article_47,77,"Despite the low rainfall volume observed in the region, some areas showed a tendency for higher rainfall occurrence, which may be conditioned to the native vegetation and orographic effects of the region (Figure | Vegetation Cover Indices of the Municipality: Figure The results reported here contribute to understanding water limitations and vegetation behavior.",0.91272885,"Even though the geo-statistical analysis cannot prove a change in [urban] area, 62% of the experts stated that there was an increase in [urban] area (conversion of cropland to [urban], see also .",98
Article_10_75,Article_10,75,Minimal improvement of vegetation trends in forested areas can be attributed to the overall increase in tree-covered areas during the study period.,0.9126641,In contrast relative net gain in open water bodies was observed in the humid region during the period of 1975 2000 with a slight loss in 2000 2013. ,215
Article_58_75,Article_58,75,Minimal improvement of vegetation trends in forested areas can be attributed to the overall increase in tree-covered areas during the study period.,0.91266406,In contrast relative net gain in open water bodies was observed in the humid region during the period of 1975 2000 with a slight loss in 2000 2013. ,215
Article_116_54,Article_116,54,"The strength of landscape connectivity was correlated with changes in ecological sources, as the expansion of land for construction led to a shrinkage of ecological source areas and corridors in the densely populated southwest, which was unfavorable for material and information exchange and biodiversity conservation in the research area.",0.91262203,The man made LULC changes had a crucial contribution to the increase of actual ET and SURQ mainly by the expansion of cropland in the Niger River and Lake Chad basins.,162
Article_117_6,Article_117,6,"On the contrary, forest and area closure decreased from 18.45% and 29.99% to 17.8% and 17.38%, respectively.",0.9126185,"From 1984 to 2001, [tree] savannas, bare soils and agricultural lands increased by 17.55%, 18.79% and 21778.79%, respectively, while woodland, gallery [forest], [shrub] savannas and [[water] bodies] decreased by 22.02%, 5.03%, 40.08% and 31.2%, respectively",94
Article_67_8,Article_67,8,"The winter LST in the study area increased by approximately 3.5 °C, which may be related to the decrease in the area of Dongting Lake water bodies, water fields and reed flats after the Three Gorges Reservoir was impounded.",0.91261816,The man made LULC changes had a crucial contribution to the increase of actual ET and SURQ mainly by the expansion of cropland in the Niger River and Lake Chad basins.,162
Article_50_57,Article_50,57,"The agriculture and forestry sectors can devise management approaches that enable biomass production and use for energy in conjunction with the production of food and timber, thereby reducing the conversion pressure on natural ecosystems (medium confidence).",0.91259986,Perhaps the most relevant aspect of the relationships between climate change and peasant agriculture is the realization that many small farmers cope with and even prepare for climate change minimizing crop failure through increased use of drought tolerant local varieties water harvesting mixed cropping agroforestry soil conservation practices and a series of other traditional techniques .,203
Article_11_120,Article_11,120,"The main goals of the network focus on ameliorating Surat's flood risk management strategies, public health emergency preparedness and infrastructure The present study has addressed an important issue by providing a detailed analysis of land transformation and surface temperature change in one of the fastest urbanizing areas of India.",0.91255033,The transhumance shed provides a useful geographic scale between the individual village territory and the regional agro pastoral belt that allows for a more accurate assessment of the relationship between herd mobility crop damage and conflict that reflects the environmental changes taking place across dryland West Africa. ,161
Article_102_22,Article_102,22,"Beyond this analysis, this database provides a wealth of opportunity for future assessments of land cover change at regional and local levels.",0.91250193,The transhumance shed provides a useful geographic scale between the individual village territory and the regional agro pastoral belt that allows for a more accurate assessment of the relationship between herd mobility crop damage and conflict that reflects the environmental changes taking place across dryland West Africa. ,161
Article_80_6,Article_80,6,"On the other hand, the cooling over NEI during the period is attributed to the decline of non-vegetated/small vegetated lands and the expansion of agricultural land/forest covers in that period.",0.9124971,The man made LULC changes had a crucial contribution to the increase of actual ET and SURQ mainly by the expansion of cropland in the Niger River and Lake Chad basins.,162
Article_63_35,Article_63,35,": During the entire period, the area under cultivated land increased persistently from 21.4% (21913.56 ha) in 1984 to 28.2% (28925.48 ha) in 2000 and 37.1% (37991.28 ha) in 2017 (Table | Light vegetation: Areas covered with shrubs, bushes, and small trees, with useful wood, mixed with some grasses.",0.9124901,"From 1984 to 2001, [tree] savannas, bare soils and agricultural lands increased by 17.55%, 18.79% and 21778.79%, respectively, while woodland, gallery [forest], [shrub] savannas and [[water] bodies] decreased by 22.02%, 5.03%, 40.08% and 31.2%, respectively",94
Article_16_51,Article_16,51,"In low land watersheds, it will also lessen flood intensity | LULC scenario of Murredu watershed, 2019: After 1996, there was a significant amount of deforestation in the watershed region, which left the land unforested and suitable for agriculture and other uses.",0.9124547,"#text': 'After the droughts in the 1970s and 1980s, the observed loss of woody vegetation cover was often considered as irreversible [desertification] and large parts of the Sahel were designated as degraded land (e.g",0
Article_110_90,Article_110,90,It was revealed that forests (closed and open) reduced continuously from 1986 (about 14.9%) to 9.4% in 2007.,0.9124118,A high increase occurred for farm fallow land rising from 0.022% of the protected area in 1984 to 12.59% in 2013 by which time it was the largest single cover class Fig.4,223
Article_110_67,Article_110,67,| Major socioeconomic drivers and human activities causing LULC change in Atwima Nwabiagya District: Several activities contributed to the notable modifications of landuse changes that took place in the district over the period.,0.9124063,The man made LULC changes had a crucial contribution to the increase of actual ET and SURQ mainly by the expansion of cropland in the Niger River and Lake Chad basins.,162
Article_70_25,Article_70,25,"Of these changes, the hugest forest change was recorded within the earliest seven (7) years evaluated In the recent decade, although the direct conversion of forest for agriculture in the protected area was no longer prominent, there has been continual cultivation of a large expanse of bare land.",0.9123661,During this time the land required for [agriculture] increased significantly so that large areas of natural bushland were deforested for [cultivation] purposes,81
Article_22_1,Article_22,1,"Analysis of Land Use/land Cover Changes and Prediction of Future Changes With Land Change Modeler: Case of Belek, Turkey In the areas declared to be a tourism center, a rapid tourism-related development occurs depending on the investments in tourism, which causes a dramatic land use and land cover changes.",0.9123628,"Even though the geo-statistical analysis cannot prove a change in [urban] area, 62% of the experts stated that there was an increase in [urban] area (conversion of cropland to [urban], see also .",98
Article_116_57,Article_116,57,"Starting from 2010, the addition of two ecological sources, namely Dugong Lake and Pan'an Lake, increased the density of corridors in the central and northeastern research area, thus changing network connectivity and robustness for the better.",0.9122902,The man made LULC changes had a crucial contribution to the increase of actual ET and SURQ mainly by the expansion of cropland in the Niger River and Lake Chad basins.,162
Article_63_56,Article_63,56,"It is relevant to mention Lake Haramaya of eastern Ethiopia which disappeared, due to deforestation and clearing of land for farming activities in its surrounding watershed )is reasonably calls for the need for more effort on the balancing of the land use/cover change in general and investments in sustainable land management activities in particular so as to adjust the hydrologic-related disorder occurring in the watershed.",0.9121874,The man made LULC changes had a crucial contribution to the increase of actual ET and SURQ mainly by the expansion of cropland in the Niger River and Lake Chad basins.,162
Article_74_14,Article_74,14,"We can see LU/LC change happening during the loss or development of forests, agricultural land, bodies of water and urban areas.",0.9121312,The man made LULC changes had a crucial contribution to the increase of actual ET and SURQ mainly by the expansion of cropland in the Niger River and Lake Chad basins.,162
Article_12_83,Article_12,83,"About 85.1 % of respondents and FGD participants stated that the major underlying economic factors behind the expansion of agricultural land are illegal logging, charcoal making and firewood extraction.",0.9121101,Only a small percentage of people interviewed stated that overgrazing war and conflict inappropriate irrigation and the occurrence and spread of weeds and invader plants and bush encroachment could contribute to land degradation in the study area. ,212
Article_42_27,Article_42,27,"The results showed a positive change in vegetation due to afforestation in the region and increasing trend in built-up, while a decrease in barren land and agriculture | River flow: The researches made on rivers and flood affected areas has been reviewed in this category.",0.91209626,The man made LULC changes had a crucial contribution to the increase of actual ET and SURQ mainly by the expansion of cropland in the Niger River and Lake Chad basins.,162
Article_105_27,Article_105,27,"The results showed a positive change in vegetation due to afforestation in the region and increasing trend in built-up, while a decrease in barren land and agriculture | River flow: The researches made on rivers and flood affected areas has been reviewed in this category.",0.9120962,The man made LULC changes had a crucial contribution to the increase of actual ET and SURQ mainly by the expansion of cropland in the Niger River and Lake Chad basins.,162
Article_9_31,Article_9,31,It is not surprising that the study of | Reported major drivers of land use and land cover change: Only 38% of the studies analyzed the drivers of LULCC.,0.9120793,"Even though the geo-statistical analysis cannot prove a change in [urban] area, 62% of the experts stated that there was an increase in [urban] area (conversion of cropland to [urban], see also .",98
Article_9_20,Article_9,20,"The implication is that the interaction of population growth and other drivers of LULC change is favoring agriculture and built-up/urban areas expansion at the expense of forest, woodlands, wetlands, as later discussed in Section.",0.91203535,"Even though the geo-statistical analysis cannot prove a change in [urban] area, 62% of the experts stated that there was an increase in [urban] area (conversion of cropland to [urban], see also .",98
Article_63_61,Article_63,61,)e results showed that there have been substantial changes in LULC in the Dedo watershed and its adjacent agroecosystem.,0.9120179,The man made LULC changes had a crucial contribution to the increase of actual ET and SURQ mainly by the expansion of cropland in the Niger River and Lake Chad basins.,162
Article_117_60,Article_117,60,"Transformation of land is a trend that will continue to unfold, as most of the intervention was raised from the very egocentric nature of human beings and their descendants The multi-temporal satellite imagery and other qualitative methods reveal that the study area has undergone prominent LULCC.",0.9120145,The transhumance shed provides a useful geographic scale between the individual village territory and the regional agro pastoral belt that allows for a more accurate assessment of the relationship between herd mobility crop damage and conflict that reflects the environmental changes taking place across dryland West Africa. ,161
Article_43_29,Article_43,29,From the spatial distribution of Figure It can be seen that farmland and artificial surfaces have increased while the other land-use types decreased during our study period.,0.91194475,The area of natural vegetation forest woodland and tree savanna that was considered degraded increased by 4.1% between the first and the second time periods i.e,230
Article_12_12,Article_12,12,"Agricultural expansion, cutting trees for various purposes (such as firewood, charcoal and construction material), overgrazing and the expansion of settlements, were identified as the major proximate causes of these changes.",0.9118484,Only a small percentage of people interviewed stated that overgrazing war and conflict inappropriate irrigation and the occurrence and spread of weeds and invader plants and bush encroachment could contribute to land degradation in the study area. ,212
Article_100_6,Article_100,6,Built-up area increased by about 326 percent and open/fallow land by 44 percent while the agricultural land and vegetation cover have decreased by 12 percent and 34 percent of the total area of study respectively during the study period.,0.911736,The area of natural vegetation forest woodland and tree savanna that was considered degraded increased by 4.1% between the first and the second time periods i.e,230
Article_89_58,Article_89,58,"On the other hand, vegetation and water bodies gradually decreased while a considerable decrease in the lowland was found in the second stage of the study period (Fig.",0.9117042,In contrast relative net gain in open water bodies was observed in the humid region during the period of 1975 2000 with a slight loss in 2000 2013. ,215
Article_102_5,Article_102,5,"Nearly 50% of that change involves forest, driven by change agents of harvest, fire, disease and pests that resulted in an overall forest decline, including increasing fragmentation and loss of interior forest.",0.9115939,estimate is thus a metric of deforestation occurring in landscapes where agriculture is the dominant direct driver of forest loss rather than only deforestation resulting in agricultural production per se . ,232
Article_50_302,Article_50,302,"Despite uncertainty around global estimates due to regional preferences for management systems, suitable land availability, and growing conditions, there is high confidence in agroforestry's mitigation potential at the field scale.",0.9115919,The transhumance shed provides a useful geographic scale between the individual village territory and the regional agro pastoral belt that allows for a more accurate assessment of the relationship between herd mobility crop damage and conflict that reflects the environmental changes taking place across dryland West Africa. ,161
Article_26_64,Article_26,64,"The wellintended government development strategy of land redistribution (land reform) has increased land and land use conflict, systematic land grabbing by local elites, wealthy business owners and decentralised government administrators, and exacerbated forest clearing and land use conversion for personal gains, consistent with the results of The old paradigm of horizontal expansion of smallholder cultivated areas of cropland and agro-industrial (including non-industrial oil palm) plantations remains the main form of agricultural growth in the sub-region.",0.9115181,Perhaps the most relevant aspect of the relationships between climate change and peasant agriculture is the realization that many small farmers cope with and even prepare for climate change minimizing crop failure through increased use of drought tolerant local varieties water harvesting mixed cropping agroforestry soil conservation practices and a series of other traditional techniques .,203
Article_94_64,Article_94,64,"The wellintended government development strategy of land redistribution (land reform) has increased land and land use conflict, systematic land grabbing by local elites, wealthy business owners and decentralised government administrators, and exacerbated forest clearing and land use conversion for personal gains, consistent with the results of The old paradigm of horizontal expansion of smallholder cultivated areas of cropland and agro-industrial (including non-industrial oil palm) plantations remains the main form of agricultural growth in the sub-region.",0.9115181,Perhaps the most relevant aspect of the relationships between climate change and peasant agriculture is the realization that many small farmers cope with and even prepare for climate change minimizing crop failure through increased use of drought tolerant local varieties water harvesting mixed cropping agroforestry soil conservation practices and a series of other traditional techniques .,203
Article_89_7,Article_89,7,"The results show that the built-up area in Dhaka city increased by 67% from 1993 to 2020 by replacing lowland mainly, followed by vegetation, bare soil and water bodies.",0.911492,The area of natural vegetation forest woodland and tree savanna that was considered degraded increased by 4.1% between the first and the second time periods i.e,230
Article_50_615,Article_50,615,"| Policy mix: The climate-smart cocoa (CSC) production programme in Ghana involved distributing shade tree seedlings that can protect cocoa plants from heat and water stress, enhance soil organic matter and water holding capacity of soils, and provide other assistance with agroforestry, giving access to extension services such as agronomic information and agrochemical inputs.",0.91148573,Perhaps the most relevant aspect of the relationships between climate change and peasant agriculture is the realization that many small farmers cope with and even prepare for climate change minimizing crop failure through increased use of drought tolerant local varieties water harvesting mixed cropping agroforestry soil conservation practices and a series of other traditional techniques .,203
Article_117_59,Article_117,59,"The shortage of farm tools, poor representation of women and the risk of rodent infestations were put under a lesser priority scenario (Table | Discussion: It is inevitable to observe LULCC occurring in non-linear form due to complex and interweaved anthropogenic and natural processes.",0.9114448,Only a small percentage of people interviewed stated that overgrazing war and conflict inappropriate irrigation and the occurrence and spread of weeds and invader plants and bush encroachment could contribute to land degradation in the study area. ,212
Article_33_1504,Article_33,1504,"This indicates that many of the changes in this category have not been correctly simulated, which is to be expected given the dynamism of this category when compared with others such as forest or water surfaces.",0.91131985,"Even though the geo-statistical analysis cannot prove a change in [urban] area, 62% of the experts stated that there was an increase in [urban] area (conversion of cropland to [urban], see also .",98
Article_33_2159,Article_33,2159,"According to the model, many pixels were considered to have changed as a result of the expansion of large pre-existing patches, when this trend was in fact not that strong according to the reference map.",0.91126347,"Even though the geo-statistical analysis cannot prove a change in [urban] area, 62% of the experts stated that there was an increase in [urban] area (conversion of cropland to [urban], see also .",98
Article_118_104,Article_118,104,"This will increase vulnerability of the watershed to landslides, soil loss, gully erosion, worsened air pollution, and impact the hydrology of the studied watershed in particular and the Blue Nile Basin The forest land and range land show a decreasing trend from 2019 to 2035.",0.9112619,The man made LULC changes had a crucial contribution to the increase of actual ET and SURQ mainly by the expansion of cropland in the Niger River and Lake Chad basins.,162
Article_38_104,Article_38,104,"This will increase vulnerability of the watershed to landslides, soil loss, gully erosion, worsened air pollution, and impact the hydrology of the studied watershed in particular and the Blue Nile Basin The forest land and range land show a decreasing trend from 2019 to 2035.",0.9112619,The man made LULC changes had a crucial contribution to the increase of actual ET and SURQ mainly by the expansion of cropland in the Niger River and Lake Chad basins.,162
Article_2_72,Article_2,72,Land use change has also created social conflicts and intensified violence due to land contention and because the land is the primary source of livelihood for many peri-urban farming households.,0.9112476,The transhumance shed provides a useful geographic scale between the individual village territory and the regional agro pastoral belt that allows for a more accurate assessment of the relationship between herd mobility crop damage and conflict that reflects the environmental changes taking place across dryland West Africa. ,161
Article_51_29,Article_51,29,"Exposed soil in 2001 includes fallow areas, which in the year 2017 were occupied by sugar cane cultivation, citriculture, forestry and pasture, which resulted in a reduction of 77.64% in this class.",0.91117746,A high increase occurred for farm fallow land rising from 0.022% of the protected area in 1984 to 12.59% in 2013 by which time it was the largest single cover class Fig.4,223
Article_110_50,Article_110,50,"In 2007, dams classified as water continued to decrease significantly to 2.5% with an area coverage of 1453 hectares.",0.9111764,A high increase occurred for farm fallow land rising from 0.022% of the protected area in 1984 to 12.59% in 2013 by which time it was the largest single cover class Fig.4,223
Article_44_76,Article_44,76,"The participants from FGDs and KIIs stated that crop productivity due to the fertilization effect induced by an increase in the concentration of CO 2 in the atmosphere, expansion of the available areas for growing the tropical and subtropical crops, development of two-crop farming due to an extended cultivation time and reduction of damage to winter crops by low temperatures are the main positive impacts of temperature rise.",0.911115,Perhaps the most relevant aspect of the relationships between climate change and peasant agriculture is the realization that many small farmers cope with and even prepare for climate change minimizing crop failure through increased use of drought tolerant local varieties water harvesting mixed cropping agroforestry soil conservation practices and a series of other traditional techniques .,203
Article_20_76,Article_20,76,"The participants from FGDs and KIIs stated that crop productivity due to the fertilization effect induced by an increase in the concentration of CO 2 in the atmosphere, expansion of the available areas for growing the tropical and subtropical crops, development of two-crop farming due to an extended cultivation time and reduction of damage to winter crops by low temperatures are the main positive impacts of temperature rise.",0.911115,Perhaps the most relevant aspect of the relationships between climate change and peasant agriculture is the realization that many small farmers cope with and even prepare for climate change minimizing crop failure through increased use of drought tolerant local varieties water harvesting mixed cropping agroforestry soil conservation practices and a series of other traditional techniques .,203
Article_118_112,Article_118,112,"Illegal and unplanned settlements by the local people to expand agriculture and settlement also contributed to destruction of forest land, range land, and grass land.",0.9110534,Only a small percentage of people interviewed stated that overgrazing war and conflict inappropriate irrigation and the occurrence and spread of weeds and invader plants and bush encroachment could contribute to land degradation in the study area. ,212
Article_38_112,Article_38,112,"Illegal and unplanned settlements by the local people to expand agriculture and settlement also contributed to destruction of forest land, range land, and grass land.",0.91105336,Only a small percentage of people interviewed stated that overgrazing war and conflict inappropriate irrigation and the occurrence and spread of weeds and invader plants and bush encroachment could contribute to land degradation in the study area. ,212
Article_100_33,Article_100,33,The Vegetation cover has witnessed the maximum decrease of 34 percent among all the LULC classes during the study period however it decreased by 23 percent from 1990 to 2003 and 15.13 percent from 2003 to 2018 (Fig.,0.91103387,A high increase occurred for farm fallow land rising from 0.022% of the protected area in 1984 to 12.59% in 2013 by which time it was the largest single cover class Fig.4,223
Article_50_256,Article_50,256,The large land area of degraded peatlands suggests that significant emissions reductions could occur through large-scale restoration especially in tropical peatlands.,0.91102576,Anthropogenic activities such as agricultural reclamation and overgrazing may be primary driver of these deepening desertification patterns in these regions . ,183
Article_49_80,Article_49,80,Our assessment of the spatial-temporal pattern of WY in the NLB helped to understand the consequences of LULC change on WY.,0.9109925,The man made LULC changes had a crucial contribution to the increase of actual ET and SURQ mainly by the expansion of cropland in the Niger River and Lake Chad basins.,162
Article_50_635,Article_50,635,"A biased ecological discourse about the benefits of climate-smart agriculture and sustainable intensive narrative, complexities regarding the optimal shade levels for growing cocoa, and dependence on agrochemicals are issues that affect the success and sustainability of the project intervention.",0.9109867,Perhaps the most relevant aspect of the relationships between climate change and peasant agriculture is the realization that many small farmers cope with and even prepare for climate change minimizing crop failure through increased use of drought tolerant local varieties water harvesting mixed cropping agroforestry soil conservation practices and a series of other traditional techniques .,203
Article_117_13,Article_117,13,"In 1970, the World Food Program introduced a MERT (Managing Environmental Resources to Enable Transitions to a more Sustainable Livelihoods) program, which aims at controlling land degradation by rehabilitating ruined lands and improving productivity Investigating LULCC are essential components in current strategies for managing natural resources and monitoring environmental changes The principal action employed by the GoE and the community to revitalise the natural resource basis of each watershed is through a free labour mobilisation campaign, which involves mobilising and organising all capable farmers for 30-60 days in the watershed activities during the off-farm months of the year.",0.9109684,Perhaps the most relevant aspect of the relationships between climate change and peasant agriculture is the realization that many small farmers cope with and even prepare for climate change minimizing crop failure through increased use of drought tolerant local varieties water harvesting mixed cropping agroforestry soil conservation practices and a series of other traditional techniques .,203
Article_10_102,Article_10,102,"Using the example of the 2002-2003 drought-stricken growing season, the highest percentage of land impacted by extreme and severe droughts were found in tree-covered areas, croplands and grasslands, whereas improved vegetation trends were found mostly in wetlands and some instances in otherland areas including barelands.",0.9109408,"#text': 'After the droughts in the 1970s and 1980s, the observed loss of woody vegetation cover was often considered as irreversible [desertification] and large parts of the Sahel were designated as degraded land (e.g",0
Article_58_102,Article_58,102,"Using the example of the 2002-2003 drought-stricken growing season, the highest percentage of land impacted by extreme and severe droughts were found in tree-covered areas, croplands and grasslands, whereas improved vegetation trends were found mostly in wetlands and some instances in otherland areas including barelands.",0.9109408,"#text': 'After the droughts in the 1970s and 1980s, the observed loss of woody vegetation cover was often considered as irreversible [desertification] and large parts of the Sahel were designated as degraded land (e.g",0
Article_53_32,Article_53,32,The result of this study reveals that the major land use in the watershed is forestry.,0.9109338,The main finding of this study is the loss of vegetation cover over a 29 year period which is the result of conversion for [agriculture],93
Article_53_36,Article_53,36,"During the study period , barren land has been decreased significantly due to conversion in agriculture, vegetation and built-up land.",0.91092753,The area of natural vegetation forest woodland and tree savanna that was considered degraded increased by 4.1% between the first and the second time periods i.e,230
Article_81_46,Article_81,46,"Agriculture and residential/urban areas showed an increasing trend of 13 and 9.1 %, respectively, while forest, bushland, and grassland showed a decreasing trend of 2.3, 9.8 and 10 %, respectively.",0.910887,"From 1984 to 2001, [tree] savannas, bare soils and agricultural lands increased by 17.55%, 18.79% and 21778.79%, respectively, while woodland, gallery [forest], [shrub] savannas and [[water] bodies] decreased by 22.02%, 5.03%, 40.08% and 31.2%, respectively",94
Article_80_24,Article_80,24,Analysis indicated that the warming over NI during 1981-2006 could be due to expansion of the areas under dry land/snow cover and reduction of areas under dense forest during this period.,0.910841,The area of natural vegetation forest woodland and tree savanna that was considered degraded increased by 4.1% between the first and the second time periods i.e,230
Article_71_114,Article_71,114,"At the same time, an exhaustive hydrological data sampling is needed to understand the different types of LULC contributions to the variability of water resource quality in Yangambi.",0.9107416,The man made LULC changes had a crucial contribution to the increase of actual ET and SURQ mainly by the expansion of cropland in the Niger River and Lake Chad basins.,162
Article_91_50,Article_91,50,"In addition, poorly planned and long-term urban development and agricultural management strategies contribute to negatively affecting natural resources, causing a significant decline in the last decades (Figure | Model Validation: The LULC map of 2019, predicted from the 1989 and 2004 data, has been validated with the classified LULC map of the very same year (Table | Future LULC: To forecast future LULC changes, it is necessary to account for the most important driving variables (Table | Discussion and Policy Implications: As suggested in the review carried out by Regasa et al.",0.9107012,"Even though the geo-statistical analysis cannot prove a change in [urban] area, 62% of the experts stated that there was an increase in [urban] area (conversion of cropland to [urban], see also .",98
Article_6_20,Article_6,20,"The relationship of Barbuda with its larger sister island in the colonial nation state of Antigua and Barbuda, is characterized by a historically developed subordination of Barbuda to Antigua | Data and methods: For the assessment of artificial LULCC and human activity on the ground, we mainly utilized two data sources: 1) remotely sensed satellite data and 2) in situ mapped volunteered geographic information.",0.9106615,The transhumance shed provides a useful geographic scale between the individual village territory and the regional agro pastoral belt that allows for a more accurate assessment of the relationship between herd mobility crop damage and conflict that reflects the environmental changes taking place across dryland West Africa. ,161
Article_104_122,Article_104,122,"Climate change studies on Africa, sub-Sahara, in particular, confirmed similar findings as climate projections show a range of warming trends in inland subtropics, a frequent occurrence of Generally, the decrease in average annual flow over the catchment could be due to the annual and seasonal decrease of precipitation and increase in temperature under both scenarios.",0.91065943,In contrast relative net gain in open water bodies was observed in the humid region during the period of 1975 2000 with a slight loss in 2000 2013. ,215
Article_59_93,Article_59,93,"In fact, in such a semiarid climate, the loss of natural trees is difficult to recover due to the inability of the existing tree species in the region to regenerate naturally in addition to other limiting factors such as insufficient moisture due to frequent droughts and soil shallowness resulting from increased erosion rate after removal of protective vegetation.",0.9106235,Only a small percentage of people interviewed stated that overgrazing war and conflict inappropriate irrigation and the occurrence and spread of weeds and invader plants and bush encroachment could contribute to land degradation in the study area. ,212
Article_88_93,Article_88,93,"In fact, in such a semiarid climate, the loss of natural trees is difficult to recover due to the inability of the existing tree species in the region to regenerate naturally in addition to other limiting factors such as insufficient moisture due to frequent droughts and soil shallowness resulting from increased erosion rate after removal of protective vegetation.",0.9106235,Only a small percentage of people interviewed stated that overgrazing war and conflict inappropriate irrigation and the occurrence and spread of weeds and invader plants and bush encroachment could contribute to land degradation in the study area. ,212
Article_107_50,Article_107,50,"| •: The simulation of the future LULCC period 2021-2047 revealed a loss in rangeland, forest and shrubland, and barren land and sand by 565, 144 and 105 km 2 , respectively.",0.91060704,The area of natural vegetation forest woodland and tree savanna that was considered degraded increased by 4.1% between the first and the second time periods i.e,230
Article_92_103,Article_92,103,"First, we are investigating changes in cropping and land use decisions on agricultural lands to enhance understanding of the transition paths by which agricultural lands may respond to sea level rise and coastal salinization, as mediated by crop susceptibility and economic factors.",0.91057944,Perhaps the most relevant aspect of the relationships between climate change and peasant agriculture is the realization that many small farmers cope with and even prepare for climate change minimizing crop failure through increased use of drought tolerant local varieties water harvesting mixed cropping agroforestry soil conservation practices and a series of other traditional techniques .,203
Article_28_72,Article_28,72,"Forest land and shrubland decreased after 1987-2002, with -3.41% and -4.65%, respectively (Figure In the last 30 years, the study displays an increase in agriculture, bare land, urban, and shrubland, whereas the forest, grassland, water, and wetland were noted declined.",0.91057116,"From 1984 to 2001, [tree] savannas, bare soils and agricultural lands increased by 17.55%, 18.79% and 21778.79%, respectively, while woodland, gallery [forest], [shrub] savannas and [[water] bodies] decreased by 22.02%, 5.03%, 40.08% and 31.2%, respectively",94
Article_12_69,Article_12,69,Respondents (76.9 %) argued that the expansion of rural and urban settlements was the cause of LULC dynamics in the JGD.,0.910567,Only a small percentage of people interviewed stated that overgrazing war and conflict inappropriate irrigation and the occurrence and spread of weeds and invader plants and bush encroachment could contribute to land degradation in the study area. ,212
Article_114_84,Article_114,84,This inequality creates a differentiated understanding of Amazonian problems and decreases the use of these studies in the development of public policies to control deforestation throughout the region.,0.910544,The transhumance shed provides a useful geographic scale between the individual village territory and the regional agro pastoral belt that allows for a more accurate assessment of the relationship between herd mobility crop damage and conflict that reflects the environmental changes taking place across dryland West Africa. ,161
Article_51_39,Article_51,39,"Increases in rainfall in this area, can induces runoff increase and soil erosion The lower surface runoff favor the infiltration, contributing to the recharge of the Santa Rita do Passa Quatro and Pirambóia aquifers, with greater territorial extension in the sub-basin, both porous aquifers, which are sooty to soils with sandy texture and thicknesses greater than 10 m, occupied mainly by sugarcane and pasture, in both years considered.",0.9105406,The man made LULC changes had a crucial contribution to the increase of actual ET and SURQ mainly by the expansion of cropland in the Niger River and Lake Chad basins.,162
Article_95_179,Article_95,179,"A similar study also reported that LULCC has a significant potential for reducing the production of subsistence agriculture production The process of the hydro-development process affected local communities and their livelihoods, mostly by changing access to land and also less water According to KIIs and FGDs, extended aridity and drought (longer dry season) are increasing in the catchment.",0.9105065,Perhaps the most relevant aspect of the relationships between climate change and peasant agriculture is the realization that many small farmers cope with and even prepare for climate change minimizing crop failure through increased use of drought tolerant local varieties water harvesting mixed cropping agroforestry soil conservation practices and a series of other traditional techniques .,203
Article_94_69,Article_94,69,"In general, the lowland ecological systems in the subregion experienced tremendous transformation due to greater vulnerability to overwhelming human pressure, undermining their resilience and sustainability.",0.9103458,The transhumance shed provides a useful geographic scale between the individual village territory and the regional agro pastoral belt that allows for a more accurate assessment of the relationship between herd mobility crop damage and conflict that reflects the environmental changes taking place across dryland West Africa. ,161
Article_26_69,Article_26,69,"In general, the lowland ecological systems in the subregion experienced tremendous transformation due to greater vulnerability to overwhelming human pressure, undermining their resilience and sustainability.",0.9103458,The transhumance shed provides a useful geographic scale between the individual village territory and the regional agro pastoral belt that allows for a more accurate assessment of the relationship between herd mobility crop damage and conflict that reflects the environmental changes taking place across dryland West Africa. ,161
Article_41_9,Article_41,9,The simulated model and calibrated area data may be a vital contribution to sustainable development efforts of the local based on the dynamics of LULC and future LULC change scenarios.,0.9103167,The man made LULC changes had a crucial contribution to the increase of actual ET and SURQ mainly by the expansion of cropland in the Niger River and Lake Chad basins.,162
Article_22_22,Article_22,22,"In the areas declared to be a tourism center, a rapid tourism-related development occurs depending on the investments in tourism, which causes a dramatic land use and land cover (LULC) changes.",0.910299,"Even though the geo-statistical analysis cannot prove a change in [urban] area, 62% of the experts stated that there was an increase in [urban] area (conversion of cropland to [urban], see also .",98
Article_72_77,Article_72,77,"(5) The conversion of cultivated to artificial surfaces and forest to cultivated and grassland in Shandong Province, influenced by population growth and the expansion of construction land, are the main reasons for the decrease in vegetation carbon storage.",0.91027015,The man made LULC changes had a crucial contribution to the increase of actual ET and SURQ mainly by the expansion of cropland in the Niger River and Lake Chad basins.,162
Article_100_7,Article_100,7,"Built-up area has mostly increased at the expense of agricultural land and vegetation cover while vegetation cover has been transformed into Built-up area, Ridge and Agriculture.",0.91023123,Thus farmland persists and increases each year at the expense of forest woodland and tree savanna . ,229
Article_95_167,Article_95,167,"For example, manmade impervious surfaces and built-up have increased at the expense of biomass over the whole of Africa between 2000 and 2015 | Drivers of LULC Dynamics and Their Consequences: Although both natural and anthropogenic drivers of LULCC were stated in the catchment, anthropogenic drivers were marked as the most immediate drivers.",0.9101926,The man made LULC changes had a crucial contribution to the increase of actual ET and SURQ mainly by the expansion of cropland in the Niger River and Lake Chad basins.,162
Article_81_41,Article_81,41,Analysis of the 2018 image revealed that agricultural land constituted the largest proportion while bushland was the second dominant coverage of 9.56 % next to Agricultural land in the basin.,0.9101877,A high increase occurred for farm fallow land rising from 0.022% of the protected area in 1984 to 12.59% in 2013 by which time it was the largest single cover class Fig.4,223
Article_91_35,Article_91,35,"In addition, it seems reasonable to use the evidence likelihood, a quantitative variable that reflects the likelihood of discovering change between agricultural land and all other land classes at the relevant pixel, given that the annual pace of agricultural expansion was considerable.",0.9101784,"Even though the geo-statistical analysis cannot prove a change in [urban] area, 62% of the experts stated that there was an increase in [urban] area (conversion of cropland to [urban], see also .",98
Article_88_71,Article_88,71,"The results shown in Table | LULC Change between 2000 and 2010: During the 10 years between 2000 and 2010, more forest land was cleared or changed to other land uses.",0.9101747,The area of natural vegetation forest woodland and tree savanna that was considered degraded increased by 4.1% between the first and the second time periods i.e,230
Article_59_71,Article_59,71,"The results shown in Table | LULC Change between 2000 and 2010: During the 10 years between 2000 and 2010, more forest land was cleared or changed to other land uses.",0.9101747,The area of natural vegetation forest woodland and tree savanna that was considered degraded increased by 4.1% between the first and the second time periods i.e,230
Article_43_80,Article_43,80,"Under the current process of urbanization, the intensity of LULC changes has increased, especially in the eastern central coastal region of Cotonou metropolis and the industrial coastal region of Seme; (2) Significant changes in specific ecosystem function have been recorded, such as erosion control, climate regulation, biological control, nutrient cycling, soil formation, water supply, and waste treatment.",0.9101503,The man made LULC changes had a crucial contribution to the increase of actual ET and SURQ mainly by the expansion of cropland in the Niger River and Lake Chad basins.,162
Article_50_535,Article_50,535,"The literature suggests that there are two economic pathways for leakage (e.g., | Assessment of Current Policies and Potential Future Approaches: The Paris Agreement encourages a wide range of policy approaches, including REDD+, sustainable management of forests, joint mitigation and adaptation, and emphasises the importance of non-carbon benefits and equity for sustainable development To date, there has been significantly less investment in agricultural projects than forestry projects to reduce net carbon emissions (Table Although quantified emission reductions in agricultural projects are limited to date, a number of OECD and economy in transition parties have reduced their net emissions through carbon storage in cropland soils since 2000.",0.91013944,Perhaps the most relevant aspect of the relationships between climate change and peasant agriculture is the realization that many small farmers cope with and even prepare for climate change minimizing crop failure through increased use of drought tolerant local varieties water harvesting mixed cropping agroforestry soil conservation practices and a series of other traditional techniques .,203
Article_86_76,Article_86,76,"As a result, a fluctuating slighter decrease in runoff volume to Powai lake was observed despite the rapid rise in the built-up area.",0.9100955,The man made LULC changes had a crucial contribution to the increase of actual ET and SURQ mainly by the expansion of cropland in the Niger River and Lake Chad basins.,162
Article_14_5,Article_14,5,The study provides an overview of how the LULC classes have evolved on the construction site and in the region.,0.9099872,The transhumance shed provides a useful geographic scale between the individual village territory and the regional agro pastoral belt that allows for a more accurate assessment of the relationship between herd mobility crop damage and conflict that reflects the environmental changes taking place across dryland West Africa. ,161
Article_26_72,Article_26,72,"Consistent with this study results, On the other hand, the conversion of dense forest to other land uses was lower (-13,201 ha and -22.3%) in the mountain ecological systems in Buea sub-division, indicating their greater resilience to human-induced change relating to deforestation and forest degradation, and lesser vulnerability to agricultural expansion activities compared to lowland areas of Muyuka and Tiko sub-divisions.",0.90995115,The area of natural vegetation forest woodland and tree savanna that was considered degraded increased by 4.1% between the first and the second time periods i.e,230
Article_94_72,Article_94,72,"Consistent with this study results, On the other hand, the conversion of dense forest to other land uses was lower (-13,201 ha and -22.3%) in the mountain ecological systems in Buea sub-division, indicating their greater resilience to human-induced change relating to deforestation and forest degradation, and lesser vulnerability to agricultural expansion activities compared to lowland areas of Muyuka and Tiko sub-divisions.",0.90995115,The area of natural vegetation forest woodland and tree savanna that was considered degraded increased by 4.1% between the first and the second time periods i.e,230
Article_65_38,Article_65,38,"Built-up areas experienced the highest relative increase of 19.2% (±3.1%) by 2015 compared to its extent in 1985, expanding mainly into former Grasslands (~ 2152 km 2 ) (Table | Table 4: Binary confusion matrix for estimating the accuracy of land-cover change classification in terms of sensitivity (S 1 ), specificity (S 2 ) and prevalence (θ).",0.9098825,A high increase occurred for farm fallow land rising from 0.022% of the protected area in 1984 to 12.59% in 2013 by which time it was the largest single cover class Fig.4,223
Article_47_74,Article_47,74,"Compared to 2013, there was an average reduction of 2%, equivalent to 9123.65 ha of native forest (Caatinga), while in 2019, the reduction was only 0.45% (Table In 2013, the areas occupied with pasture represented 11.7%, agriculture 7.0%, and the mosaic of agriculture and pasture 8.64%, while areas with urban infrastructure and water bodies presented an occupation of 1.06 and 1.40%, respectively (Figure Drought is costly to Brazil, for it causes strong impacts on agriculture and cattle ranching.",0.9098666,A high increase occurred for farm fallow land rising from 0.022% of the protected area in 1984 to 12.59% in 2013 by which time it was the largest single cover class Fig.4,223
Article_99_23,Article_99,23,Spatial modelling and simulation have been used to address these research questions and the pattern and mechanism of mountainous urban growth in Oman can provide an important basis for identifying driving forces of expansion.,0.90985477,The transhumance shed provides a useful geographic scale between the individual village territory and the regional agro pastoral belt that allows for a more accurate assessment of the relationship between herd mobility crop damage and conflict that reflects the environmental changes taking place across dryland West Africa. ,161
Article_94_85,Article_94,85,"The increase in built-up areas was highest in Page 21 of 23 338 the central, south, and western coastal zones due to rapid population growth, unregulated urbanisation, and better socio-economic opportunities in Buea and Limbe sub-divisions.",0.9098541,The man made LULC changes had a crucial contribution to the increase of actual ET and SURQ mainly by the expansion of cropland in the Niger River and Lake Chad basins.,162
Article_26_85,Article_26,85,"The increase in built-up areas was highest in Page 21 of 23 338 the central, south, and western coastal zones due to rapid population growth, unregulated urbanisation, and better socio-economic opportunities in Buea and Limbe sub-divisions.",0.9098541,The man made LULC changes had a crucial contribution to the increase of actual ET and SURQ mainly by the expansion of cropland in the Niger River and Lake Chad basins.,162
Article_106_91,Article_106,91,Although open and grassland areas cannot hinder the flow of water The increase in population density has caused rapid urbanization in Bangladesh.,0.9098369,The increase in urban jobs accelerated urban population growth and by pulling rural people off of the land it should have discouraged agricultural expansion so in theory the booms would have had an overall forest preserving effect. ,160
Article_50_498,Article_50,498,"The Tribe actively works to reduce the risk of forest damage and decided to further promote diversity by planting tree seedlings adapted to a warming climate ( However, new challenges are related to increasing pressures on forest ecosystems such as non-native insects, pathogens, weed invasions, and the costs for continuous forest inventories to support long-term forest management.",0.9098297,Only a small percentage of people interviewed stated that overgrazing war and conflict inappropriate irrigation and the occurrence and spread of weeds and invader plants and bush encroachment could contribute to land degradation in the study area. ,212
Article_84_53,Article_84,53,"From the results of this study, we conclude that increase in areas under agricultural plantations could threaten water yield as these land cover types increase ET with decreases in their areas being good for positive catchment water balance.",0.90981483,The man made LULC changes had a crucial contribution to the increase of actual ET and SURQ mainly by the expansion of cropland in the Niger River and Lake Chad basins.,162
Article_8_7,Article_8,7,The calibrated model showed an increase in surface runoff and sediment yield due to changes in LULC in the Yellow Creek Watershed.,0.9098135,The man made LULC changes had a crucial contribution to the increase of actual ET and SURQ mainly by the expansion of cropland in the Niger River and Lake Chad basins.,162
Article_10_7,Article_10,7,Further analyses by LULC types and land change highlighted the vulnerability of both human and natural systems to drought.,0.90980315,The transhumance shed provides a useful geographic scale between the individual village territory and the regional agro pastoral belt that allows for a more accurate assessment of the relationship between herd mobility crop damage and conflict that reflects the environmental changes taking place across dryland West Africa. ,161
Article_58_7,Article_58,7,Further analyses by LULC types and land change highlighted the vulnerability of both human and natural systems to drought.,0.90980315,The transhumance shed provides a useful geographic scale between the individual village territory and the regional agro pastoral belt that allows for a more accurate assessment of the relationship between herd mobility crop damage and conflict that reflects the environmental changes taking place across dryland West Africa. ,161
Article_43_53,Article_43,53,| Spatial-Temporal Features of Land Use Change and Int: With the support of the ArcGIS software spatial block matrix of LULC types (Figure It can be seen that farmland and artificial surfaces ha land-use types decreased during our study period.,0.9097859,The area of natural vegetation forest woodland and tree savanna that was considered degraded increased by 4.1% between the first and the second time periods i.e,230
Article_46_124,Article_46,124,"A greater number of people might be supported by either a larger area under a shifting cultivation regime or a shortened length of fallow; however, neither of these variables is known for most regions For the second interpretation of FCO as real, we assumed that it represented the conversion of forests to new croplands, and, at the same time, the abandonment of an equivalent area of croplands to other land (in this case unproductive or degraded croplands).",0.90973854,"#text': 'After the droughts in the 1970s and 1980s, the observed loss of woody vegetation cover was often considered as irreversible [desertification] and large parts of the Sahel were designated as degraded land (e.g",0
Article_50_165,Article_50,165,"In the Democratic Republic of Congo, where the secondlargest area of tropical forest in the world occurs, mining-related deforestation exacerbated by violent conflict | Fire Regime Changes: Wildland fires account for approximately 70% of the global biomass burned annually (van der About 98 Mha of forest and savannahs are estimated to have been affected by fire in 2015 | Logging and Fuelwood Harvest: The area of forest designated for production has been relatively stable since 1990.",0.90972024,The Upper Guinean forest is a global biodiversity hotspot and has become one of the most human modified forest ecosystems in the tropics having lost over 80% of its original forest cover with the remainder distributed in a fragmented agriculture forest mosaic,148
Article_72_79,Article_72,79,The conversion of water bodies and wetland in Dongying City is related to policy factors.,0.90962374,The man made LULC changes had a crucial contribution to the increase of actual ET and SURQ mainly by the expansion of cropland in the Niger River and Lake Chad basins.,162
Article_33_2233,Article_33,2233,"The results show that 37 different patches underwent the transition from scrub to forest, as shown in the ""Number of patches"" metric in Table The ""Landscape proportion"" metric indicates the percentage of the studied landscape occupied by the category in question.",0.90962195,"Even though the geo-statistical analysis cannot prove a change in [urban] area, 62% of the experts stated that there was an increase in [urban] area (conversion of cropland to [urban], see also .",98
Article_69_12,Article_69,12,"Under different scenarios, the expansion of construction land and occupation of cultivated land will continue to be the main features of LULC changes in the future.",0.90961045,The man made LULC changes had a crucial contribution to the increase of actual ET and SURQ mainly by the expansion of cropland in the Niger River and Lake Chad basins.,162
Article_104_106,Article_104,106,This indicates that degraded watersheds can accelerate surface runoff by reducing both the retention as soil water and groundwater recharge.,0.90959936,Anthropogenic activities such as agricultural reclamation and overgrazing may be primary driver of these deepening desertification patterns in these regions . ,183
Article_27_128,Article_27,128,This study demonstrated the usefulness of remote sensing and GIS techniques for mapping and monitoring LULC change dynamics in the Northern Border Region over an extended period of time.,0.90959567,The transhumance shed provides a useful geographic scale between the individual village territory and the regional agro pastoral belt that allows for a more accurate assessment of the relationship between herd mobility crop damage and conflict that reflects the environmental changes taking place across dryland West Africa. ,161
Article_106_67,Article_106,67,"Built-up areas changed from 2.62% in 2000 to 4.97% in 2017 at a comparative rate of 89.62% (Supplementary Data, Tables | Dynamic index for land cover changes: Throughout the short-and long-term transition periods, BLCDI for the built-up area was significantly higher; the newly developed built-up area was mostly transformed from agricultura l land and waterbodies.",0.90958554,A high increase occurred for farm fallow land rising from 0.022% of the protected area in 1984 to 12.59% in 2013 by which time it was the largest single cover class Fig.4,223
Article_108_4,Article_108,4,"This study focused on the highly urbanized Dry Creek catchment in Adelaide, South Australia and aimed to determine the impact of urbanization on spatiotemporal changes in LULC and its implications for the land surface condition of the catchment.",0.909558,The transhumance shed provides a useful geographic scale between the individual village territory and the regional agro pastoral belt that allows for a more accurate assessment of the relationship between herd mobility crop damage and conflict that reflects the environmental changes taking place across dryland West Africa. ,161
Article_104_133,Article_104,133,"The combined effects of LULC and climate change on the watershed hydrological process are presented in Table the impacts due to climate change add significant impact on the existing undernutrition, infectious disease, the vulnerability of rain-fed agriculture and flash flooding crises in the region.",0.90955555,The man made LULC changes had a crucial contribution to the increase of actual ET and SURQ mainly by the expansion of cropland in the Niger River and Lake Chad basins.,162
Article_79_40,Article_79,40,This substantial decline in grasslands is an indication of the increasing demand for agricultural lands and the development of forests in some of the grasslands.,0.90951186,Anthropogenic activities such as agricultural reclamation and overgrazing may be primary driver of these deepening desertification patterns in these regions . ,183
Article_43_49,Article_43,49,"| Spatial-Temporal Features of Land Use Change and Intensity from 2010 to 2020: With the support of the ArcGIS software spatial block statistics tool, the conversion matrix of LULC types (Figure It can be seen that farmland and artificial surfaces have increased while the other land-use types decreased during our study period.",0.90948963,"Even though the geo-statistical analysis cannot prove a change in [urban] area, 62% of the experts stated that there was an increase in [urban] area (conversion of cropland to [urban], see also .",98
Article_43_41,Article_43,41,"| Spatial-Temporal Features of Land Use Change and Intensity from 2010 to 2020: With the support of the ArcGIS software spatial block statistics tool, the conversion matrix of LULC types (Figure It can be seen that farmland and artificial surfaces have increased while the other land-use types decreased during our study period.",0.90948963,"Even though the geo-statistical analysis cannot prove a change in [urban] area, 62% of the experts stated that there was an increase in [urban] area (conversion of cropland to [urban], see also .",98
Article_43_37,Article_43,37,"| Spatial-Temporal Features of Land Use Change and Intensity from 2010 to 2020: With the support of the ArcGIS software spatial block statistics tool, the conversion matrix of LULC types (Figure It can be seen that farmland and artificial surfaces have increased while the other land-use types decreased during our study period.",0.90948963,"Even though the geo-statistical analysis cannot prove a change in [urban] area, 62% of the experts stated that there was an increase in [urban] area (conversion of cropland to [urban], see also .",98
Article_77_42,Article_77,42,"Between 1977 and 1986, there was Tea plantation covered some 0.10% (1.81 km 2 ) of the total land area.",0.9094516,A high increase occurred for farm fallow land rising from 0.022% of the protected area in 1984 to 12.59% in 2013 by which time it was the largest single cover class Fig.4,223
Article_112_29,Article_112,29,"structure and function), urban planning and sustainability, LULCC has become a key subject that needs to be Interesting trends can be seen in the change statistics Oppositely, the area of sparse forest slightly increased as this class, in some circumstances, can be a transition stage between dense forest and other classes.",0.9094381,"Even though the geo-statistical analysis cannot prove a change in [urban] area, 62% of the experts stated that there was an increase in [urban] area (conversion of cropland to [urban], see also .",98
Article_104_116,Article_104,116,"SWAT simulations for the near future and mid future showed that the decline of precipitation and increase temperature will lead to reduced surface flow, groundwater and overall water yield (Table vulnerability of land to soil erosion, which reduced the water resources of the catchment.",0.9093563,The man made LULC changes had a crucial contribution to the increase of actual ET and SURQ mainly by the expansion of cropland in the Niger River and Lake Chad basins.,162
Article_45_70,Article_45,70,"The hills or natural resources restrict the construction or development activities, as evident from the research performed by | Planning interventions: This study focused on the current impacts on the EQ of a region because of the increasing urbanisation trend by constructing an index.",0.9092924,"Even though the geo-statistical analysis cannot prove a change in [urban] area, 62% of the experts stated that there was an increase in [urban] area (conversion of cropland to [urban], see also .",98
Article_79_38,Article_79,38,"This can be attributed to the expansion of rural and urban settlements and farmlands, weak enforcement of conservation laws, and increased demand for timber as raw materials for construction and fuel wood for household usage.",0.9092742,Only a small percentage of people interviewed stated that overgrazing war and conflict inappropriate irrigation and the occurrence and spread of weeds and invader plants and bush encroachment could contribute to land degradation in the study area. ,212
Article_69_86,Article_69,86,"The scale of construction land expanded rapidly, which led to a serious loss of cultivated land and a significant LULC change in the peripheral areas of cities.",0.90926653,The man made LULC changes had a crucial contribution to the increase of actual ET and SURQ mainly by the expansion of cropland in the Niger River and Lake Chad basins.,162
Article_2_61,Article_2,61,"Urban developments and growth in Vietnam are late and slower than in some regional countries The trend of changing land use purposes in urban areas is to reduce agricultural land, unused land and increase non-agricultural land.",0.9092665,"Even though the geo-statistical analysis cannot prove a change in [urban] area, 62% of the experts stated that there was an increase in [urban] area (conversion of cropland to [urban], see also .",98
Article_98_31,Article_98,31,The shrubland decreased most by 21403.66 hm 2 and with a decrease rate of 20.45% by 1992.,0.9092598,A high increase occurred for farm fallow land rising from 0.022% of the protected area in 1984 to 12.59% in 2013 by which time it was the largest single cover class Fig.4,223
Article_28_2,Article_28,2,"LU/LC change significantly affects the hydrology of the landscape, caused by anthropogenic activities.",0.9092426,The man made LULC changes had a crucial contribution to the increase of actual ET and SURQ mainly by the expansion of cropland in the Niger River and Lake Chad basins.,162
Article_110_11,Article_110,11,There is there-fore the need to research into the socio-economic implications of LULC change on the entire district using RS and GIS.,0.90923876,The transhumance shed provides a useful geographic scale between the individual village territory and the regional agro pastoral belt that allows for a more accurate assessment of the relationship between herd mobility crop damage and conflict that reflects the environmental changes taking place across dryland West Africa. ,161
Article_69_11,Article_69,11,The LULC changes were deeply influenced by natural environment and socio-economic factors.,0.9092134,The man made LULC changes had a crucial contribution to the increase of actual ET and SURQ mainly by the expansion of cropland in the Niger River and Lake Chad basins.,162
Article_99_10,Article_99,10,"During the next two decades, the built-up areas will dominant, with a large percentage of vacant land (net loss 12,813 ha) and vegetation cover (net loss 35 ha) will be gradually converted into residential land use.",0.90921265,The area of natural vegetation forest woodland and tree savanna that was considered degraded increased by 4.1% between the first and the second time periods i.e,230
Article_22_94,Article_22,94,-The forests were the land use class with the highest rate of growth between 1985 and 2021 (13.67%).,0.9091403,A high increase occurred for farm fallow land rising from 0.022% of the protected area in 1984 to 12.59% in 2013 by which time it was the largest single cover class Fig.4,223
Article_14_144,Article_14,144,"From 2017 to 2021 in the whole study area, the artificial surface class saw the greatest rise (78.46%), whereas forests (-8.31%) and barren lands experienced considerable decreases (-6.11%).",0.9090453,A high increase occurred for farm fallow land rising from 0.022% of the protected area in 1984 to 12.59% in 2013 by which time it was the largest single cover class Fig.4,223
Article_50_171,Article_50,171,"For example, emerging gene editing technologies, may advance crop breeding capabilities, though are subject to biosafety, public acceptance and regulatory approval Research and development are central to forest restoration strategies that have become increasingly important around the world as costs vary depending on methods used, from natural regeneration with native tree species to active restoration using site preparation and planting Emerging mitigation technologies: Chemically synthesised methanogen inhibitors for ruminants are expected to be commercially available in some countries within the next two years and have considerable CH 4 mitigation potential | Institutions and governance: Institutional factors often moderate the relevance and impact of changes in economic and demographic variables related to resource exploitation and use.",0.9090057,Perhaps the most relevant aspect of the relationships between climate change and peasant agriculture is the realization that many small farmers cope with and even prepare for climate change minimizing crop failure through increased use of drought tolerant local varieties water harvesting mixed cropping agroforestry soil conservation practices and a series of other traditional techniques .,203
Article_83_61,Article_83,61,This may be due mainly to the increase of agricultural land and the reclamation of more land in addition to the increase of urban sprawl.,0.9089827,The man made LULC changes had a crucial contribution to the increase of actual ET and SURQ mainly by the expansion of cropland in the Niger River and Lake Chad basins.,162
Article_77_18,Article_77,18,"Sustainable land management strategies to be used in the future may include education on the significance of the forest ecosystem, community participation in sustainable utilisation of forest eco-services and the introduction of sustainable alternative sources of livelihoods, such as bee farming.",0.9089576,Perhaps the most relevant aspect of the relationships between climate change and peasant agriculture is the realization that many small farmers cope with and even prepare for climate change minimizing crop failure through increased use of drought tolerant local varieties water harvesting mixed cropping agroforestry soil conservation practices and a series of other traditional techniques .,203
Article_94_93,Article_94,93,"Therefore, increasing the legal protection of the mountain and coastal land-boundary ecological systems while providing for production and living land is invaluable for the sustainability of ecosystem functions and services in the western highland region of Cameroon and in the rainforest-rich Congo Basin.",0.90893006,The transhumance shed provides a useful geographic scale between the individual village territory and the regional agro pastoral belt that allows for a more accurate assessment of the relationship between herd mobility crop damage and conflict that reflects the environmental changes taking place across dryland West Africa. ,161
Article_26_93,Article_26,93,"Therefore, increasing the legal protection of the mountain and coastal land-boundary ecological systems while providing for production and living land is invaluable for the sustainability of ecosystem functions and services in the western highland region of Cameroon and in the rainforest-rich Congo Basin.",0.90893006,The transhumance shed provides a useful geographic scale between the individual village territory and the regional agro pastoral belt that allows for a more accurate assessment of the relationship between herd mobility crop damage and conflict that reflects the environmental changes taking place across dryland West Africa. ,161
Article_62_59,Article_62,59,The dominance of shrubland is gradually increasing.,0.90892386,Thus farmland persists and increases each year at the expense of forest woodland and tree savanna . ,229
Article_45_56,Article_45,56,"The spatial mapping of LST of the study region showed that the average temperature prevalent in the LBs had increased from 22.5℃ in 2000 to 39℃ in 2019 (Figure The relationship of LST with NDVI and NDBI is presented in Tables The variation is evident from the LULC change in the study area for the two decades, as explained previously.",0.9088371,"Even though the geo-statistical analysis cannot prove a change in [urban] area, 62% of the experts stated that there was an increase in [urban] area (conversion of cropland to [urban], see also .",98
Article_48_25,Article_48,25,"The reason for using post-classification change detection is that it provides comprehensive information on changes that occurs in a class cover to other classes concerning the place of change, the extent, and the amount of the change | Urban sprawl measurement: Urban sprawl throughout 1991 to 2018 was measured by the use of Shannon entropy together with GIS tools.",0.9088088,"Even though the geo-statistical analysis cannot prove a change in [urban] area, 62% of the experts stated that there was an increase in [urban] area (conversion of cropland to [urban], see also .",98
Article_57_39,Article_57,39,"The LULC change analysis of the maps from 2016 to 2025 and 2016 to 2040 is shown in Tables The swift expansion of urbanized regions, stemming from demographic expansion and the influx of tourists, emphasizes the critical significance of implementing sustainable urban planning strategies.",0.9087706,"Even though the geo-statistical analysis cannot prove a change in [urban] area, 62% of the experts stated that there was an increase in [urban] area (conversion of cropland to [urban], see also .",98
Article_117_66,Article_117,66,"Unlike this, some scholars argue that free grazing will pave a mechanism for increasing soil fertility through manure dropped in the field while grazing Very significantly, the diminishing size seen in forests and area closures and the poor performance of the free labour mobilisation campaign can be linked to many related factors raised by the community.",0.90876967,The increase in urban jobs accelerated urban population growth and by pulling rural people off of the land it should have discouraged agricultural expansion so in theory the booms would have had an overall forest preserving effect. ,160
Article_33_744,Article_33,744,"However, if we increase the resolution by reducing the MMU to 50 m, the land use map would still depict it as an airport, but the land cover map would classify the areas covered by runways, buildings, or green areas into different categories.",0.90872425,"Even though the geo-statistical analysis cannot prove a change in [urban] area, 62% of the experts stated that there was an increase in [urban] area (conversion of cropland to [urban], see also .",98
Article_104_17,Article_104,17,"The productivity of land, biodiversity, aridity The LULCC studies in different parts of Ethiopia revealed LULCC processes are intense in the highland parts, driving unprecedented changes at different scales [2, Even though the availability of land and water in Africa is highest in the world, some areas of sub-Saharan Africa are seriously threatened through overuse because of the ever-increasing needs of the growing population and inappropriate land management practices The fact that the country's relatively abundant water resources have played a minimal role in the Nation's economic development.",0.90871984,Perhaps the most relevant aspect of the relationships between climate change and peasant agriculture is the realization that many small farmers cope with and even prepare for climate change minimizing crop failure through increased use of drought tolerant local varieties water harvesting mixed cropping agroforestry soil conservation practices and a series of other traditional techniques .,203
Article_12_85,Article_12,85,This results in land fragmentation as land is shared within families and encroachment of forest areas in search of new land for cultivation and firewood take place.,0.9087009,Only a small percentage of people interviewed stated that overgrazing war and conflict inappropriate irrigation and the occurrence and spread of weeds and invader plants and bush encroachment could contribute to land degradation in the study area. ,212
Article_33_1166,Article_33,1166,"Other tools and techniques, such as LUCC budget or Quantity and Allocation disagreement, can also help characterize real changes in the study area and detect areas where no changes have taken place, despite being marked as change areas on the maps.",0.9086562,"Even though the geo-statistical analysis cannot prove a change in [urban] area, 62% of the experts stated that there was an increase in [urban] area (conversion of cropland to [urban], see also .",98
Article_28_86,Article_28,86,"Decreases in base flow had a potential effect on the change in annual river flow (Figure | Conclusions: In the present study, the Upper Baro Basin has been simulated using the SWAT hydrological model for assessing the impact of LULC change on its hydrological regime successfully.",0.908594,The man made LULC changes had a crucial contribution to the increase of actual ET and SURQ mainly by the expansion of cropland in the Niger River and Lake Chad basins.,162
Article_80_34,Article_80,34,"On the other hand, a decline of non-vegetated/small vegetated lands is noticed over NEI during this 1981-2006 and an expansion of agricultural land/forest covers is seen over the same region in that period.",0.9085367,In contrast relative net gain in open water bodies was observed in the humid region during the period of 1975 2000 with a slight loss in 2000 2013. ,215
Article_18_62,Article_18,62,"This can be explained by the fact that most land under vegetated areas, such as Ndirande, Soche and Kanjedza forest reserves, as well as the Mudi catchment area, are protected leaving bare land vulnerable to conversion to built-up.",0.9085176,The man made LULC changes had a crucial contribution to the increase of actual ET and SURQ mainly by the expansion of cropland in the Niger River and Lake Chad basins.,162
Article_3_11,Article_3,11,"Various land-use histories were covered, although more research in understudied regions including Africa and the Middle East is required to capture regional differences in the form of current and historical land-use practices.",0.90849143,The transhumance shed provides a useful geographic scale between the individual village territory and the regional agro pastoral belt that allows for a more accurate assessment of the relationship between herd mobility crop damage and conflict that reflects the environmental changes taking place across dryland West Africa. ,161
Article_27_122,Article_27,122,The results showed that there had been a significant increase in urbanization and a decrease in bare soil and green spaces during this period.,0.9084563,"Even though the geo-statistical analysis cannot prove a change in [urban] area, 62% of the experts stated that there was an increase in [urban] area (conversion of cropland to [urban], see also .",98
Article_33_3160,Article_33,3160,"The map comes with several limitations: a few seasonal monsoon forests in Sulawesi, New Guinea and Philippines were not mapped as an individual category, while degraded forest cover and mature stages of forest regrowth were sometimes mapped as forest.",0.90845025,In the surroundings of the cities in the north of Nigeria for example in 2000 patches of grassland and shrubland were still visible whereas in 2015 these were converted to cropland Figure,120
Article_59_74,Article_59,74,"Drilling more underground wells by the local population in the study area, either at their own expense or through state support in form of agricultural and pastoral loans, has greatly augmented the rate of deforestation and land conversion for irrigated agriculture.",0.90844804,Perhaps the most relevant aspect of the relationships between climate change and peasant agriculture is the realization that many small farmers cope with and even prepare for climate change minimizing crop failure through increased use of drought tolerant local varieties water harvesting mixed cropping agroforestry soil conservation practices and a series of other traditional techniques .,203
Article_88_74,Article_88,74,"Drilling more underground wells by the local population in the study area, either at their own expense or through state support in form of agricultural and pastoral loans, has greatly augmented the rate of deforestation and land conversion for irrigated agriculture.",0.90844804,Perhaps the most relevant aspect of the relationships between climate change and peasant agriculture is the realization that many small farmers cope with and even prepare for climate change minimizing crop failure through increased use of drought tolerant local varieties water harvesting mixed cropping agroforestry soil conservation practices and a series of other traditional techniques .,203
Article_33_2156,Article_33,2156,"The ""Greatest patch area"" metric shows that we did not model one of the biggest industrial developments in the study area correctly.",0.90834075,"Even though the geo-statistical analysis cannot prove a change in [urban] area, 62% of the experts stated that there was an increase in [urban] area (conversion of cropland to [urban], see also .",98
Article_112_32,Article_112,32,"Across Iraq, the central government has allocated silos to buy wheat from farmers for a pre-declared price above the market price The land use type that increased the most over the last four decades is urban area, which increased by six times from 0.37 to 2.",0.90832144,A high increase occurred for farm fallow land rising from 0.022% of the protected area in 1984 to 12.59% in 2013 by which time it was the largest single cover class Fig.4,223
Article_36_58,Article_36,58,The most significant changes of WYLD occur in the dry season as a consequence of the water withdrawal for the irrigation activities.,0.90828717,The man made LULC changes had a crucial contribution to the increase of actual ET and SURQ mainly by the expansion of cropland in the Niger River and Lake Chad basins.,162
Article_63_58,Article_63,58,": Land use/cover and habitat loss are widely known as the principal causes of biodiversity depletion in Ethiopia )us, the conversion of forest land to other type of land use caused numerous negative impacts on the ecosystem, as well as the livelihood of the society in the study area.",0.9082696,The Upper Guinean forest is a global biodiversity hotspot and has become one of the most human modified forest ecosystems in the tropics having lost over 80% of its original forest cover with the remainder distributed in a fragmented agriculture forest mosaic,148
Article_80_4,Article_80,4,"Over NEI, the areas under agricultural/fallow land, open forest and dense forest showed an increase by about 0.8-2.4% during this period, and the areas under dry/snow cover and shrubs/small vegetation indicated a decrease by ~0.7-3.6%.",0.9082422,The area of natural vegetation forest woodland and tree savanna that was considered degraded increased by 4.1% between the first and the second time periods i.e,230
Article_95_186,Article_95,186,The spatial distribution of LULCC with slope shows a continuous expansion of agriculture and settlement and a reduction of forestland and swampy along all slopes.,0.908221,The man made LULC changes had a crucial contribution to the increase of actual ET and SURQ mainly by the expansion of cropland in the Niger River and Lake Chad basins.,162
Article_91_18,Article_91,18,"To cover the whole watershed area, a composite of Landsat images from different paths/rows was created, ensuring that the images refer to the same season (Table Open-ended questions about LULC's significant changes in the study area, the connection between the biophysical environment, institution, socioeconomic activity, and demography were utilized during both KII and FGD.",0.9082028,The transhumance shed provides a useful geographic scale between the individual village territory and the regional agro pastoral belt that allows for a more accurate assessment of the relationship between herd mobility crop damage and conflict that reflects the environmental changes taking place across dryland West Africa. ,161
Article_69_98,Article_69,98,"Under different scenarios, the expansion of construction land and occupation of cultivated land will continue to be the main characteristics of LULC changes in the future.",0.9081662,The man made LULC changes had a crucial contribution to the increase of actual ET and SURQ mainly by the expansion of cropland in the Niger River and Lake Chad basins.,162
Article_50_588,Article_50,588,"Climate is expected to reduce crop yields, increase crop and livestock prices, and increase pressure on undisturbed forest land for food production creating new barriers and increasing costs for implementation of many nature-based mitigation techniques (medium confidence) (IPCC AR6 WGII Chapter 5).",0.90815353,Perhaps the most relevant aspect of the relationships between climate change and peasant agriculture is the realization that many small farmers cope with and even prepare for climate change minimizing crop failure through increased use of drought tolerant local varieties water harvesting mixed cropping agroforestry soil conservation practices and a series of other traditional techniques .,203
Article_50_315,Article_50,315,"For example, on farm trials and consistent investments over several years have enabled Rizoma Agro to develop a citrus production system that integrates commercial and native trees in a large-scale multi-layered agroforestry system.",0.9081236,Perhaps the most relevant aspect of the relationships between climate change and peasant agriculture is the realization that many small farmers cope with and even prepare for climate change minimizing crop failure through increased use of drought tolerant local varieties water harvesting mixed cropping agroforestry soil conservation practices and a series of other traditional techniques .,203
Article_28_71,Article_28,71,"Between 2002 and 2017, the distribution of forest cover demonstrates highest in the catchment, which covered 33.33%, followed by agricultural land and shrubland, with the value of 15.6%, 15.1%, respectively.",0.90811193,A high increase occurred for farm fallow land rising from 0.022% of the protected area in 1984 to 12.59% in 2013 by which time it was the largest single cover class Fig.4,223
Article_77_46,Article_77,46,The area under mixed farming expanded by 17.48% over the same period (Figure | F I G U R E 3 Land use land cover changes in Mt.,0.90809983,A high increase occurred for farm fallow land rising from 0.022% of the protected area in 1984 to 12.59% in 2013 by which time it was the largest single cover class Fig.4,223
Article_26_6,Article_26,6,We analysed satellite imagery of 1986 and 2018 to examine the extent and spatial patterns of LULCC in Fako sub-region of Cameroon.,0.908072,The transhumance shed provides a useful geographic scale between the individual village territory and the regional agro pastoral belt that allows for a more accurate assessment of the relationship between herd mobility crop damage and conflict that reflects the environmental changes taking place across dryland West Africa. ,161
Article_94_6,Article_94,6,We analysed satellite imagery of 1986 and 2018 to examine the extent and spatial patterns of LULCC in Fako sub-region of Cameroon.,0.908072,The transhumance shed provides a useful geographic scale between the individual village territory and the regional agro pastoral belt that allows for a more accurate assessment of the relationship between herd mobility crop damage and conflict that reflects the environmental changes taking place across dryland West Africa. ,161
Article_94_80,Article_94,80,We analysed satellite imagery of 1986 and 2018 to examine the extent and spatial patterns of LULCC and validated current and future LULCC scenarios with expert multi-stakeholder perceptions in five subdivisions of Fako division of Cameroon.,0.9080087,The transhumance shed provides a useful geographic scale between the individual village territory and the regional agro pastoral belt that allows for a more accurate assessment of the relationship between herd mobility crop damage and conflict that reflects the environmental changes taking place across dryland West Africa. ,161
Article_26_80,Article_26,80,We analysed satellite imagery of 1986 and 2018 to examine the extent and spatial patterns of LULCC and validated current and future LULCC scenarios with expert multi-stakeholder perceptions in five subdivisions of Fako division of Cameroon.,0.9080087,The transhumance shed provides a useful geographic scale between the individual village territory and the regional agro pastoral belt that allows for a more accurate assessment of the relationship between herd mobility crop damage and conflict that reflects the environmental changes taking place across dryland West Africa. ,161
Article_49_69,Article_49,69,The LEAS uses a built-in random forest regression training process to provide directly quantitative information on how the various drivers affect the extent of the contribution of each LULC type to the expansion.,0.9079979,The transhumance shed provides a useful geographic scale between the individual village territory and the regional agro pastoral belt that allows for a more accurate assessment of the relationship between herd mobility crop damage and conflict that reflects the environmental changes taking place across dryland West Africa. ,161
Article_108_59,Article_108,59,"During the study period, only 37.02% of the catchment area remained unchanged (Table The study found that urban expansion across the entire study period was 34 km 2 , with an average annual change rate of 3.41% specifically within the built-up area.",0.9079841,A high increase occurred for farm fallow land rising from 0.022% of the protected area in 1984 to 12.59% in 2013 by which time it was the largest single cover class Fig.4,223
Article_94_54,Article_94,54,"In the 2000s, the historical hot zones for agro-industrial plantations that were initial sites of rapid dense forest cover conversion became attractive sites for conversion to built-up areas and other cultivated areas of cropland in the sub-region, following increased population growth and high land and food demand, thus producing less resilient and adaptable SES.",0.9079595,"#text': 'After the droughts in the 1970s and 1980s, the observed loss of woody vegetation cover was often considered as irreversible [desertification] and large parts of the Sahel were designated as degraded land (e.g",0
Article_26_54,Article_26,54,"In the 2000s, the historical hot zones for agro-industrial plantations that were initial sites of rapid dense forest cover conversion became attractive sites for conversion to built-up areas and other cultivated areas of cropland in the sub-region, following increased population growth and high land and food demand, thus producing less resilient and adaptable SES.",0.9079595,"#text': 'After the droughts in the 1970s and 1980s, the observed loss of woody vegetation cover was often considered as irreversible [desertification] and large parts of the Sahel were designated as degraded land (e.g",0
Article_84_38,Article_84,38,"For example, while Chemura and Mutanga (2017) obtained comparable classification using Landsat data, the XGBoost has added advantages that it is fast and produces smaller but more accurate models as it applies the sparsity-aware split-finding approach to more efficiently train the classifier A significant part of the Buzi Headwaters have been modified by human activities as human-induced cover types (cropland, plantation forest, coffee, tea and water) now dominate the landscape of the sub basin accounting for 44.6% in 2009 and 46% in 2017.",0.9078746,"Even though the geo-statistical analysis cannot prove a change in [urban] area, 62% of the experts stated that there was an increase in [urban] area (conversion of cropland to [urban], see also .",98
Article_34_27,Article_34,27,"The main difference between our study and the aforementioned studies is that it illustrated a case where strict land use regulations, regional land use planning and sound policies will likely result in balanced land development, protection of natural resources and minimal LULC changes.",0.9078603,The transhumance shed provides a useful geographic scale between the individual village territory and the regional agro pastoral belt that allows for a more accurate assessment of the relationship between herd mobility crop damage and conflict that reflects the environmental changes taking place across dryland West Africa. ,161
Article_22_93,Article_22,93,This partial expansion in the water body areas was due to the construction of arti cial ponds with landscape in golf courses.,0.907802,The man made LULC changes had a crucial contribution to the increase of actual ET and SURQ mainly by the expansion of cropland in the Niger River and Lake Chad basins.,162
Article_30_51,Article_30,51,"Although the intensity of change can be different given the diverse ecosystem conditions and land cover types across Myanmar, similar occurrence of LULCC can be predicted in other areas along the pipelines.",0.9077598,The transhumance shed provides a useful geographic scale between the individual village territory and the regional agro pastoral belt that allows for a more accurate assessment of the relationship between herd mobility crop damage and conflict that reflects the environmental changes taking place across dryland West Africa. ,161
Article_8_32,Article_8,32,"The decline in percolation, lateral flow, and groundwater might be mainly due to changes in LULC and altered soil properties due to coal-mining activities in the watershed.",0.9077391,Anthropogenic activities such as agricultural reclamation and overgrazing may be primary driver of these deepening desertification patterns in these regions . ,183
Article_5_69,Article_5,69,"The satisfactory results can be summarized in four main aspects: (1) built-up areas, including industry, residential and commercial areas, have slowed down their growth due to socio-economical drivers such as security and null monetary investments; (2) vegetation such as mixed forest and low density vegetation (bare surfaces, sparse vegetation and grassland) has been sustained and increased over time due to reforestation or migration from other classes; (3) swamps experienced considerable degradation over the past five years and (4) high and medium vegetation densities have transformed mostly to low vegetation densities due to climate drives such as low precipitation and possible high soil evaporation, which might also increase the overland flow for those areas.",0.90771073,Only a small percentage of people interviewed stated that overgrazing war and conflict inappropriate irrigation and the occurrence and spread of weeds and invader plants and bush encroachment could contribute to land degradation in the study area. ,212
Article_43_28,Article_43,28,"The greatest reduction was recorded in forest land (10.2%), followed by grassland (2.1%).",0.90767574,A high increase occurred for farm fallow land rising from 0.022% of the protected area in 1984 to 12.59% in 2013 by which time it was the largest single cover class Fig.4,223
Article_71_86,Article_71,86,"The CL, BSR, GL and PF landscape parameters also change positively with those showing an increase in forest landscape fragmentation (ED and PD), but also a decrease in its proportion in Yangambi.",0.9076297,The man made LULC changes had a crucial contribution to the increase of actual ET and SURQ mainly by the expansion of cropland in the Niger River and Lake Chad basins.,162
Article_110_4,Article_110,4,The influx of population from the Kumasi metropolis and peripheral areas coupled with urbanization is causing rapid changes to LULC in the Atwima Nwabiagya District.,0.90761304,The man made LULC changes had a crucial contribution to the increase of actual ET and SURQ mainly by the expansion of cropland in the Niger River and Lake Chad basins.,162
Article_18_61,Article_18,61,"Recently, over 10,000 families were reported to have built their houses illegally in areas such as wetlands, steep slopes and river/stream buffer zones in the city Furthermore, the analysis of the transitional matrix derived from the 1994 and 2018 classified maps, as shown in Table These systematic processes suggest that the gain in built-up targets bare land and avoids vegetation.",0.9075978,"#text': 'After the droughts in the 1970s and 1980s, the observed loss of woody vegetation cover was often considered as irreversible [desertification] and large parts of the Sahel were designated as degraded land (e.g",0
Article_59_99,Article_59,99,"The changes observed were indicative of a decrease in the expanse of NMF land, which lost about 39% of its total area over the 32 years, and the highest deforestation rate was registered in the third period (2010-2017).",0.90757954,A high increase occurred for farm fallow land rising from 0.022% of the protected area in 1984 to 12.59% in 2013 by which time it was the largest single cover class Fig.4,223
Article_88_99,Article_88,99,"The changes observed were indicative of a decrease in the expanse of NMF land, which lost about 39% of its total area over the 32 years, and the highest deforestation rate was registered in the third period (2010-2017).",0.90757954,A high increase occurred for farm fallow land rising from 0.022% of the protected area in 1984 to 12.59% in 2013 by which time it was the largest single cover class Fig.4,223
Article_100_40,Article_100,40,"Thus any change in human population directly affects the land and land use pattern of an area | Conclusion: This comprehensive study is done to examine the Spatio-temporal pattern of LULC changes in Delhi NCR, which is an inter-state planning region and has experienced rapid population growth and economic development during past decades.",0.90751827,The transhumance shed provides a useful geographic scale between the individual village territory and the regional agro pastoral belt that allows for a more accurate assessment of the relationship between herd mobility crop damage and conflict that reflects the environmental changes taking place across dryland West Africa. ,161
Article_46_189,Article_46,189,"Trends in the area of shifting cultivation are uncertain We evaluated changes in shifting cultivation using an independent approach inferred from land-use data from FAO-STAT If we assume that FCO was driven entirely by the expansion of shifting cultivation and that fallows are counted as other land, then we calculate the total area under shifting cultivation to have been 277 × 10 6 ha in 1980 and 450 × 10 6 ha in 2020.",0.9074905,"Even though the geo-statistical analysis cannot prove a change in [urban] area, 62% of the experts stated that there was an increase in [urban] area (conversion of cropland to [urban], see also .",98
Article_23_71,Article_23,71,"As a result, the distribution of UHI areas has increased over time, while mean LST has risen rapidly with decreasing waterbodies and vegetation.",0.9074853,The man made LULC changes had a crucial contribution to the increase of actual ET and SURQ mainly by the expansion of cropland in the Niger River and Lake Chad basins.,162
Article_83_45,Article_83,45,These results could be attributed to the evaporation due to high temperature besides converting some water bodies to agricultural lands and fish farms decreased the overall area of water bodies.,0.907479,The man made LULC changes had a crucial contribution to the increase of actual ET and SURQ mainly by the expansion of cropland in the Niger River and Lake Chad basins.,162
Article_46_92,Article_46,92,"If shrublands were converted to urban areas, for example, the area reported to be in other land would not change, yet the carbon stocks would.",0.9074665,"Even though the geo-statistical analysis cannot prove a change in [urban] area, 62% of the experts stated that there was an increase in [urban] area (conversion of cropland to [urban], see also .",98
Article_117_72,Article_117,72,"A study by Ayal and others stipulated that indigenous knowledge is important and can solve grassroots problems Moreover, lack of firm and binding rules and bylaws was commonly cited as a reason for inadequate management and utilisation of area closures and forest resources in the studied micro-catchments.",0.90745497,Only a small percentage of people interviewed stated that overgrazing war and conflict inappropriate irrigation and the occurrence and spread of weeds and invader plants and bush encroachment could contribute to land degradation in the study area. ,212
Article_13_36,Article_13,36,"( | Change of LULC and their impact on hydrologic characteristics: Rainfall and groundwater base-flow influence streamflow, which is crucial for flood management Li and Fang (2021) used the Delta downscaling approach to examine climate change impacts on streamflow.",0.9074202,The man made LULC changes had a crucial contribution to the increase of actual ET and SURQ mainly by the expansion of cropland in the Niger River and Lake Chad basins.,162
Article_18_41,Article_18,41,"This process measures the amount of LULC change per year and was calculated according to the approach proposed by where R is the rate of change, A 1 and A 2 are the area in km 2 at the beginning and end of the analysis period, and t 1 and t 2 correspond to the time in years from start to finish, respectively.",0.9074167,The average annual rate of change between two periods was computed by a slightly modified formula used by A2 A1 A1 100 T2 T1 where Average annual rate of change % A1 Amount of land cover type in time 1 T1 A2 Amount of land cover type in time 2 T2 .,176
Article_12_56,Article_12,56,"On the contrary, the coverages of bare-lands and wetlands have declined in size as they have been converted to cultivation and settlement areas.",0.90740067,In the surroundings of the cities in the north of Nigeria for example in 2000 patches of grassland and shrubland were still visible whereas in 2015 these were converted to cropland Figure,120
Article_31_17,Article_31,17,"More details of this research workflow described in Figure | RESULTS AND DISCUSSION: | Land Cover Development in downtown: Ambon City area in 2001, 2011 and 2021 Built-up land and open land in the central area of Ambon City in the 2001-2021 period continued to experience a significant increase in area, in contrast to types of non-agricultural and agricultural land cover which experienced a reduction in area.",0.9073668,A high increase occurred for farm fallow land rising from 0.022% of the protected area in 1984 to 12.59% in 2013 by which time it was the largest single cover class Fig.4,223
Article_19_68,Article_19,68,"However, surface water had the lowest extent in the Pampa biome between 1985 and 1995.",0.9073518,In contrast relative net gain in open water bodies was observed in the humid region during the period of 1975 2000 with a slight loss in 2000 2013. ,215
Article_108_48,Article_108,48,"During this period, the rate of change of grass cover changes closely corresponded to the rate of the built-up area change, with a decrement of -1.08 km 2 /yr for grass cover and increment of 0.85 km 2 /yr for built-up areas (Table In comparison with the plantation and water classes, the built-up area increased extensively.",0.90730363,A high increase occurred for farm fallow land rising from 0.022% of the protected area in 1984 to 12.59% in 2013 by which time it was the largest single cover class Fig.4,223
Article_51_49,Article_51,49,"Between 2001 and 2017 there was a native vegetation loss of 30.1%, which also influenced the alteration of the surface runoff classes.",0.90725416,The area of natural vegetation forest woodland and tree savanna that was considered degraded increased by 4.1% between the first and the second time periods i.e,230
Article_63_47,Article_63,47,)ey described the resettlement program that took place in the 1980s in the study watershed led to the clearing of forests to acquire new agricultural and settlement land.,0.9072456,"#text': 'After the droughts in the 1970s and 1980s, the observed loss of woody vegetation cover was often considered as irreversible [desertification] and large parts of the Sahel were designated as degraded land (e.g",0
Article_11_110,Article_11,110,"In case of Surat, land surface temperature was particularly elevated in the central part of the city which is a heavily urbanized area, representing a strong correlation between urban expansion and land surface temperature.",0.90721786,"Even though the geo-statistical analysis cannot prove a change in [urban] area, 62% of the experts stated that there was an increase in [urban] area (conversion of cropland to [urban], see also .",98
Article_2_63,Article_2,63,"The size of urban land increased due to the conversion from agricultural land, of which rice land was the primary type.",0.90718585,"In 1986, the grazing land had much higher proportion of the total regional area than other [land use] types while the size of croplands was substantially high after 16 years (Table )",17
Article_28_74,Article_28,74,"is is due to the increase of population growth that causes the increase in demand for cultivation land for different agricultural products like cereal crops, field crops, industrial crops, whereas the forest area was diminished.",0.90717924,The man made LULC changes had a crucial contribution to the increase of actual ET and SURQ mainly by the expansion of cropland in the Niger River and Lake Chad basins.,162
Article_98_39,Article_98,39,The intuitive monetary value highlights the importance of Derong County's land resources to the regional economy and ecology and also provides a scientific theoretical basis for the protection and management of land ecosystems in countries around the world.,0.9071609,The transhumance shed provides a useful geographic scale between the individual village territory and the regional agro pastoral belt that allows for a more accurate assessment of the relationship between herd mobility crop damage and conflict that reflects the environmental changes taking place across dryland West Africa. ,161
Article_108_74,Article_108,74,"High rates of change were observed in the grass and built-up areas, with respective values of -1.08 and 0.85 km 2 /yr.",0.90714514,"At regional scale, the annual rate of change in [forest] land, grazing land, gallery [forest] and cropland was À0.4, À0.9, À1.6 and 3.8%, respectively",95
Article_33_1136,Article_33,1136,"That is, agricultural and vegetation areas where new urban fabric was simulated but which, according to the reference map, did not actually undergo any change.",0.9071291,"Even though the geo-statistical analysis cannot prove a change in [urban] area, 62% of the experts stated that there was an increase in [urban] area (conversion of cropland to [urban], see also .",98
Article_83_23,Article_83,23,The total change rate in the period from 1987 to 2015 by 99.0% (Table The opposite trend was observed with water bodies' where the largest area was detected in the year 1987 and decreased the years in 2000 and 2015.,0.9071287,In contrast relative net gain in open water bodies was observed in the humid region during the period of 1975 2000 with a slight loss in 2000 2013. ,215
Article_64_21,Article_64,21,"However, the data suggest a rather abrupt change to decreasing rates of land use change in the period from 2005, which is most evident in Africa and South America (see Fig.",0.9071155,"Even though the geo-statistical analysis cannot prove a change in [urban] area, 62% of the experts stated that there was an increase in [urban] area (conversion of cropland to [urban], see also .",98
Article_46_175,Article_46,175,"Clearly, Latin America has large areas under croplands that are not under a shifting cultivation regime.",0.9070856,During this time the land required for [agriculture] increased significantly so that large areas of natural bushland were deforested for [cultivation] purposes,81
Article_33_2987,Article_33,2987,"Different sources of auxiliary data were used in the production of the dataset to overcome the limitations of the imagery, including a Global Vegetation Index (GVI) layer, the UNESCO's Vegetation Map of South America, the Hueck's Vegetationsskarte Von Sudamerika and a potential vegetation map of South America based on the Holdridge bioclimatic scheme.",0.907029,The transhumance shed provides a useful geographic scale between the individual village territory and the regional agro pastoral belt that allows for a more accurate assessment of the relationship between herd mobility crop damage and conflict that reflects the environmental changes taking place across dryland West Africa. ,161
Article_79_63,Article_79,63,"Gen- erally, the study observed that the watershed communities are sufficiently aware of changes in natural resources and changes related to infrastructure development.",0.90702826,"Even though the geo-statistical analysis cannot prove a change in [urban] area, 62% of the experts stated that there was an increase in [urban] area (conversion of cropland to [urban], see also .",98
Article_15_56,Article_15,56,Significant increase in built-up areas were associated with parallel loss of important land cover types such as forest and agriculture.,0.9070097,Thus farmland persists and increases each year at the expense of forest woodland and tree savanna . ,229
Article_1_56,Article_1,56,Significant increase in built-up areas were associated with parallel loss of important land cover types such as forest and agriculture.,0.9070097,Thus farmland persists and increases each year at the expense of forest woodland and tree savanna . ,229
Article_10_20,Article_10,20,"Introduction: Drought as a slow-onset event is increasingly an environmental hazard due to its negative impacts on natural and human systems, including livelihoods | Materials and Methods: | Description of the Study Location: Seventeen constituencies in the Central District of Botswana (CDB) in the eastern part of the country were used as case studies (Figure based resources upon which much of livelihoods are dependent would either be exacerbated or ameliorated depending on how the land is put to use and the land management practices.",0.90699446,The transhumance shed provides a useful geographic scale between the individual village territory and the regional agro pastoral belt that allows for a more accurate assessment of the relationship between herd mobility crop damage and conflict that reflects the environmental changes taking place across dryland West Africa. ,161
Article_58_20,Article_58,20,"Introduction: Drought as a slow-onset event is increasingly an environmental hazard due to its negative impacts on natural and human systems, including livelihoods | Materials and Methods: | Description of the Study Location: Seventeen constituencies in the Central District of Botswana (CDB) in the eastern part of the country were used as case studies (Figure based resources upon which much of livelihoods are dependent would either be exacerbated or ameliorated depending on how the land is put to use and the land management practices.",0.90699446,The transhumance shed provides a useful geographic scale between the individual village territory and the regional agro pastoral belt that allows for a more accurate assessment of the relationship between herd mobility crop damage and conflict that reflects the environmental changes taking place across dryland West Africa. ,161
Article_46_172,Article_46,172,"Thus, either shifting cultivation or degradation seems more likely if FCO is a real change in land use.",0.9069606,estimate is thus a metric of deforestation occurring in landscapes where agriculture is the dominant direct driver of forest loss rather than only deforestation resulting in agricultural production per se . ,232
Article_109_31,Article_109,31,"At the domestic level, solar energy is found to predominantly compete for land with cropland and managed forests, while on a global scale, 27 to 54% of the land required for solar energy is found to indirectly displace unmanaged forests, predominantly outside the Table | Solar penetration level: Using an existing IAM to study the potential land impacts of solar energy expansion, we were bound to the limitations of this model.",0.9069338,The transhumance shed provides a useful geographic scale between the individual village territory and the regional agro pastoral belt that allows for a more accurate assessment of the relationship between herd mobility crop damage and conflict that reflects the environmental changes taking place across dryland West Africa. ,161
Article_97_31,Article_97,31,"At the domestic level, solar energy is found to predominantly compete for land with cropland and managed forests, while on a global scale, 27 to 54% of the land required for solar energy is found to indirectly displace unmanaged forests, predominantly outside the Table | Solar penetration level: Using an existing IAM to study the potential land impacts of solar energy expansion, we were bound to the limitations of this model.",0.9069338,The transhumance shed provides a useful geographic scale between the individual village territory and the regional agro pastoral belt that allows for a more accurate assessment of the relationship between herd mobility crop damage and conflict that reflects the environmental changes taking place across dryland West Africa. ,161
Article_65_48,Article_65,48,"Other areas also displayed increases, but it was not possible to discriminate between classification error and actual changes as these areas were commonly confused with other land-cover classes (Table | Land-cover classification a comparison: Our estimates of land-cover extent for every class differed with the extents reported by the DLCD v2.1 map (Table New studies at high-spatial resolution are offering new insights of land-cover extent.",0.9068565,"Even though the geo-statistical analysis cannot prove a change in [urban] area, 62% of the experts stated that there was an increase in [urban] area (conversion of cropland to [urban], see also .",98
Article_80_27,Article_80,27,The reason for the decreased areas under these categories over NEI could be attributed to the snowmelt | Conclusions: This study explored the influences of LULC changes on the temperature trend during 1981-2006 over two regions (NI and NEI) of India.,0.9068419,The man made LULC changes had a crucial contribution to the increase of actual ET and SURQ mainly by the expansion of cropland in the Niger River and Lake Chad basins.,162
Article_35_85,Article_35,85,"For example, ""Net CO 2 Emissions from Settlements Remaining Settlements"" is the second ranked key category, while our analysis finds that addressing DayCent model uncertainty would have a larger impact than focusing on urban trees.",0.9068347,"Even though the geo-statistical analysis cannot prove a change in [urban] area, 62% of the experts stated that there was an increase in [urban] area (conversion of cropland to [urban], see also .",98
Article_3_67,Article_3,67,Global submeter resolution maps of vegetation and land use will be invaluable for tackling geographic biases when coupled with fieldwork in understudied systems.,0.90681696,The transhumance shed provides a useful geographic scale between the individual village territory and the regional agro pastoral belt that allows for a more accurate assessment of the relationship between herd mobility crop damage and conflict that reflects the environmental changes taking place across dryland West Africa. ,161
Article_104_18,Article_104,18,"The Ethiopian government intends to place a priority on water resource development as an essential strategy for economic and social development of the country Consequently, studies that consider both the isolated and combined effects of LULCC and climate changes of the specific area are required at regional and local scales as drivers of changes, not limited to global and regional levels, but also local specific.",0.90677315,The transhumance shed provides a useful geographic scale between the individual village territory and the regional agro pastoral belt that allows for a more accurate assessment of the relationship between herd mobility crop damage and conflict that reflects the environmental changes taking place across dryland West Africa. ,161
Article_33_1088,Article_33,1088,"Step 2 Given that our objective is to compare the suitability values for urban fabric in the model with the areas classified as urban fabric on the 2011 map, we must ignore all the other categories on the Land Use Cover map.",0.9067273,"Even though the geo-statistical analysis cannot prove a change in [urban] area, 62% of the experts stated that there was an increase in [urban] area (conversion of cropland to [urban], see also .",98
Article_92_74,Article_92,74,Agricultural lands were the largest source of change (38.0%) (Table Forest area experienced little net change during the study.,0.9067222,A high increase occurred for farm fallow land rising from 0.022% of the protected area in 1984 to 12.59% in 2013 by which time it was the largest single cover class Fig.4,223
Article_108_50,Article_108,50,The water class increased due to the construction of Mawson Lakes and other reservoirs in some parts of the catchment and pond water in the upstream parts of the catchment in mining holes.,0.9067171,The man made LULC changes had a crucial contribution to the increase of actual ET and SURQ mainly by the expansion of cropland in the Niger River and Lake Chad basins.,162
Article_92_15,Article_92,15,"Lastly, land management practices, such as timber harvest, might affect the water budget of forests or remove relict trees and alter light conditions in areas where forest regeneration has already ceased (""the persistent zone"", In this study, we investigated land cover transitions in a rapidly submerging county on the coast of the Chesapeake Bay over a short time period of 8 years.",0.90670806,"#text': 'After the droughts in the 1970s and 1980s, the observed loss of woody vegetation cover was often considered as irreversible [desertification] and large parts of the Sahel were designated as degraded land (e.g",0
Article_12_65,Article_12,65,"Respondents also viewed overgrazing as an important driver of changes in the study area Cutting of Cordia africana, Podocarpus falcatus and Juniperus procera for timber trade was (58.2 % of respondents) registered as another prominent factor that threatened the forest cover of the study area.",0.9066227,Only a small percentage of people interviewed stated that overgrazing war and conflict inappropriate irrigation and the occurrence and spread of weeds and invader plants and bush encroachment could contribute to land degradation in the study area. ,212
Article_88_87,Article_88,87,"The results in Table On the other hand, forest fires were a serious occurrence that led to the increase in the area of BLV land and to the decline of natural vegetation.",0.9066216,The man made LULC changes had a crucial contribution to the increase of actual ET and SURQ mainly by the expansion of cropland in the Niger River and Lake Chad basins.,162
Article_59_87,Article_59,87,"The results in Table On the other hand, forest fires were a serious occurrence that led to the increase in the area of BLV land and to the decline of natural vegetation.",0.9066216,The man made LULC changes had a crucial contribution to the increase of actual ET and SURQ mainly by the expansion of cropland in the Niger River and Lake Chad basins.,162
Article_19_64,Article_19,64,"The Atlantic Forest and the Pampa biomes showed the highest rate of shrinking with -0.83% and -0.68% per year on average, respectively.",0.906615,"At regional scale, the annual rate of change in [forest] land, grazing land, gallery [forest] and cropland was À0.4, À0.9, À1.6 and 3.8%, respectively",95
Article_56_4,Article_56,4,The result of this study indicates that there was a significant change in LULC between 1986 and 2017 particularly expanded in vegetation and built-up areas and declined in bare soil.,0.90660137,The area of natural vegetation forest woodland and tree savanna that was considered degraded increased by 4.1% between the first and the second time periods i.e,230
Article_55_4,Article_55,4,The result of this study indicates that there was a significant change in LULC between 1986 and 2017 particularly expanded in vegetation and built-up areas and declined in bare soil.,0.90660137,The area of natural vegetation forest woodland and tree savanna that was considered degraded increased by 4.1% between the first and the second time periods i.e,230
Article_7_98,Article_7,98,"The present study provides future projections about LULC change in the DCEN area, which may be checked in advance for further landscape damage.",0.90660137,The man made LULC changes had a crucial contribution to the increase of actual ET and SURQ mainly by the expansion of cropland in the Niger River and Lake Chad basins.,162
Article_110_9,Article_110,9,"In all, settlement establishment as a result of population increase, commercial activities, and porous land tenure system was identified as the main factors for LULCC in the Atwima Nwabiagya District.",0.906583,The man made LULC changes had a crucial contribution to the increase of actual ET and SURQ mainly by the expansion of cropland in the Niger River and Lake Chad basins.,162
Article_68_44,Article_68,44,"As demonstrated earlier by Overall accuracy, using LULC classification in the current study varies from 87.69% to 92.4%, which is in agreement of Following the LULC change from 2008 to 2018 in AABR, we could discern notable changes that occurred over the 10-year duration; such as conversion of Dense and Sal mixed forest covers to Open mixed forest and Agricultural land, ecological degradation by anthropogenic activities like slash and burn, overgrazing, overexploitation of MAPs in ground & underground vegetation, encroachment etc., The construction of permanent structure, mining, settlements, water crisis also pose severe pressure on biological resources leading to destruction of habitats of flora and fauna.",0.90655655,Only a small percentage of people interviewed stated that overgrazing war and conflict inappropriate irrigation and the occurrence and spread of weeds and invader plants and bush encroachment could contribute to land degradation in the study area. ,212
Article_2_77,Article_2,77,This problem forces them to switch from agricultural production to non-agricultural activities | Conclusions: Urban expansion and rural restructuring due to land-use conflicts are increasing worldwide The study data also showed that land conversion is mainly concentrated in the North Central and Central Coast areas.,0.9065381,"Even though the geo-statistical analysis cannot prove a change in [urban] area, 62% of the experts stated that there was an increase in [urban] area (conversion of cropland to [urban], see also .",98
Article_46_74,Article_46,74,"We also estimated the historical trajectory of this conversion before 1990 so that there was not an abrupt change when the FAO data on forest area first became available -In step 4, we included other effects of management (peat drainage and burning in Southeast Asia and peatland use in the Northern Hemisphere) Each of these steps is elaborated below.",0.9065351,"Even though the geo-statistical analysis cannot prove a change in [urban] area, 62% of the experts stated that there was an increase in [urban] area (conversion of cropland to [urban], see also .",98
Article_110_94,Article_110,94,"This has increased the land use in settlement, Bare land, and croplands by reducing the Forest areas.",0.9065083,Thus farmland persists and increases each year at the expense of forest woodland and tree savanna . ,229
Article_110_85,Article_110,85,"This has increased the land use in settlement, Bare land, and croplands by reducing the Forest areas.",0.9065083,Thus farmland persists and increases each year at the expense of forest woodland and tree savanna . ,229
Article_51_30,Article_51,30,"The urbanized areas of the RCW increased by 48.94% considering the studied period, generating a significant increase in the waterproofed areas in the basin.",0.9065023,The man made LULC changes had a crucial contribution to the increase of actual ET and SURQ mainly by the expansion of cropland in the Niger River and Lake Chad basins.,162
Article_4_7,Article_4,7,"During the study period, the grassland area decreased, while the area of forest land and construction land increased to varying degrees.",0.9064355,"In Yale ´, the size of [crop] and grazing lands increased by 9 and 18% in 2002 compared to the sizes in 1984, while the [forest] land and the gallery forests declined by nearly 50% (Table and Fig",26
Article_28_13,Article_28,13,"e model results showed that the streamflow characteristics changed due to the LU/LC change during the study periods 1987-2017 such as change of flood frequency, increased peak flows, base flow, soil erosion, and annual mean discharge.",0.9064354,The man made LULC changes had a crucial contribution to the increase of actual ET and SURQ mainly by the expansion of cropland in the Niger River and Lake Chad basins.,162
Article_84_39,Article_84,39,The high agricultural development potential of the Buzi Headwaters sub catchment makes the area to be in high demand for agricultural land uses at the expense of natural cover types.,0.9064019,The transhumance shed provides a useful geographic scale between the individual village territory and the regional agro pastoral belt that allows for a more accurate assessment of the relationship between herd mobility crop damage and conflict that reflects the environmental changes taking place across dryland West Africa. ,161
Article_55_3,Article_55,3,"This research aims to analyze the impacts of LULC changes on LST in Bangui city, Central African Republic using combined techniques of remote sensing and GIS.",0.9063493,The transhumance shed provides a useful geographic scale between the individual village territory and the regional agro pastoral belt that allows for a more accurate assessment of the relationship between herd mobility crop damage and conflict that reflects the environmental changes taking place across dryland West Africa. ,161
Article_56_3,Article_56,3,"This research aims to analyze the impacts of LULC changes on LST in Bangui city, Central African Republic using combined techniques of remote sensing and GIS.",0.9063493,The transhumance shed provides a useful geographic scale between the individual village territory and the regional agro pastoral belt that allows for a more accurate assessment of the relationship between herd mobility crop damage and conflict that reflects the environmental changes taking place across dryland West Africa. ,161
Article_94_70,Article_94,70,"The lowland dense forest and grassland covers were converted to other land uses, mainly other cultivated areas (10.51%), oil palm (2.82%), banana (0.92%) plantations, and built-up areas (1.6%).",0.9063417,Most of the transformed [forest] converted to woodland (3.6%) and [tree] [savanna] (1.5%),96
Article_26_70,Article_26,70,"The lowland dense forest and grassland covers were converted to other land uses, mainly other cultivated areas (10.51%), oil palm (2.82%), banana (0.92%) plantations, and built-up areas (1.6%).",0.9063417,Most of the transformed [forest] converted to woodland (3.6%) and [tree] [savanna] (1.5%),96
Article_68_20,Article_68,20,"| Material and methods: | Study area: The UNESCO natural heritage site AABR was chosen for research as the biotic interferences have notably increased in the last two decades, causing deforestation and conversion of forest areas to agricultural and open forest area.",0.90632474,The Upper Guinean forest is a global biodiversity hotspot and has become one of the most human modified forest ecosystems in the tropics having lost over 80% of its original forest cover with the remainder distributed in a fragmented agriculture forest mosaic,148
Article_54_4,Article_54,4,"Additionally, the study facilitated the identification of critical areas for conserving natural resources and reversing the decline of associated ESVs in the Central Rift Valley.",0.9063069,The man made LULC changes had a crucial contribution to the increase of actual ET and SURQ mainly by the expansion of cropland in the Niger River and Lake Chad basins.,162
Article_33_1624,Article_33,1624,"Taking into account that most models simulate persistence better than change, it would be difficult to obtain a higher prediction score for a study area in which so little land use change is taking place.",0.90629685,"Even though the geo-statistical analysis cannot prove a change in [urban] area, 62% of the experts stated that there was an increase in [urban] area (conversion of cropland to [urban], see also .",98
Article_33_3174,Article_33,3174,"In addition to the base layer delineating built-up areas, the latest edition of the product (2019) includes a classification differentiating residential from non-residential areas at a spatial resolution of 10 m. | Production method: The ESM production method has changed over time, although it has always been fully automatic.",0.90628684,"Even though the geo-statistical analysis cannot prove a change in [urban] area, 62% of the experts stated that there was an increase in [urban] area (conversion of cropland to [urban], see also .",98
Article_50_99,Article_50,99,"As in AR5, land cover change, notably deforestation, was identified as a major driver of anthropogenic CO 2 emissions while agriculture was a major driver of the increasing anthropogenic CH 4 and N 2 O emissions.",0.9062713,estimate is thus a metric of deforestation occurring in landscapes where agriculture is the dominant direct driver of forest loss rather than only deforestation resulting in agricultural production per se . ,232
Article_106_81,Article_106,81,"Table Furthermore, the assessment of RD is an important factor in the occurrence of floods suggesting that the distribution of roads was directly related to flooding (Table | Discussion: Flooding is a natural phenomenon that cannot be avoided entirely, and noticeably affects livelihoods and socioeconomic development in affected areas.",0.9062476,"Even though the geo-statistical analysis cannot prove a change in [urban] area, 62% of the experts stated that there was an increase in [urban] area (conversion of cropland to [urban], see also .",98
Article_118_75,Article_118,75,"Currently, however, a great decline of forest cover is occurring because of urbanization and agricultural land expansion.",0.90621865,Anthropogenic activities such as agricultural reclamation and overgrazing may be primary driver of these deepening desertification patterns in these regions . ,183
Article_38_75,Article_38,75,"Currently, however, a great decline of forest cover is occurring because of urbanization and agricultural land expansion.",0.9062186,Anthropogenic activities such as agricultural reclamation and overgrazing may be primary driver of these deepening desertification patterns in these regions . ,183
Article_34_71,Article_34,71,"The direct causes of these trends include the abandonment of farms and rapid rural development and urban expansion into the New Jersey Pine Barrens and deciduous forest areas in the northern region of the state Our prediction from 2012 to 2100 shows that any increase in the mixed-forest cover is short-lived, and there will be an overall decrease in this habitat type, but an increase in brush/grassland.",0.90614736,"#text': 'After the droughts in the 1970s and 1980s, the observed loss of woody vegetation cover was often considered as irreversible [desertification] and large parts of the Sahel were designated as degraded land (e.g",0
Article_54_36,Article_54,36,"The magnitude of LULC change experienced between the different periods was expressed in percent Equation ( where PC is percentage change, RC is the rate of change in ha yr -1 , X is the area of LULC in ha in time 2, Y is the area of LULC in ha in time 1, Z is the time interval between X and Y in years.",0.90612155,The average annual rate of change between two periods was computed by a slightly modified formula used by A2 A1 A1 100 T2 T1 where Average annual rate of change % A1 Amount of land cover type in time 1 T1 A2 Amount of land cover type in time 2 T2 .,176
Article_2_75,Article_2,75,"In economic terms, urbanization creates a change in land use in the peri-urban area.",0.9061136,"Even though the geo-statistical analysis cannot prove a change in [urban] area, 62% of the experts stated that there was an increase in [urban] area (conversion of cropland to [urban], see also .",98
Article_86_6,Article_86,6,"LULC of 2018 showed forest, having an area cover of 52%, as the most dominating land use followed by built-up (43%).",0.9060966,A high increase occurred for farm fallow land rising from 0.022% of the protected area in 1984 to 12.59% in 2013 by which time it was the largest single cover class Fig.4,223
Article_70_23,Article_70,23,"On the other hand, the land areas considered bare land and settlement recorded a positive change over the years.",0.9060822,The area of natural vegetation forest woodland and tree savanna that was considered degraded increased by 4.1% between the first and the second time periods i.e,230
Article_95_170,Article_95,170,A study conducted in southeastern Ethiopia reported that anthropogenic factors were the major responsible drivers of LULCC The construction of the reservoir had displaced farmers and caused land scarcity.,0.9060778,Only a small percentage of people interviewed stated that overgrazing war and conflict inappropriate irrigation and the occurrence and spread of weeds and invader plants and bush encroachment could contribute to land degradation in the study area. ,212
Article_84_50,Article_84,50,"The expected urban and agricultural development in the Upper Buzi catchment due to population growth and the land reform program respectively are expected to lead to increased demand on water resources in the Buzi basin in eastern Zimbabwe, both for urban water supply and irrigated agriculture | Conclusions: In this study, we connected land cover changes from satellite remote sensing data to water flux variables data at catchment level to understand the contribution of land cover change to water flux for a tropical catchment.",0.90604347,The man made LULC changes had a crucial contribution to the increase of actual ET and SURQ mainly by the expansion of cropland in the Niger River and Lake Chad basins.,162
Article_14_119,Article_14,119,"Nonetheless, according to our quantitative analysis, the new NPP construction seems to accelerate urbanization in the area.",0.90603715,"Even though the geo-statistical analysis cannot prove a change in [urban] area, 62% of the experts stated that there was an increase in [urban] area (conversion of cropland to [urban], see also .",98
Article_12_80,Article_12,80,Participants also said that change in land tenure systems was another policy-related driver of forest and vegetation cover change.,0.9060315,"Even though the geo-statistical analysis cannot prove a change in [urban] area, 62% of the experts stated that there was an increase in [urban] area (conversion of cropland to [urban], see also .",98
Article_2_46,Article_2,46,"In particular, construction in industrial zones is rampant, but the occupancy rate remains low, leading to a decrease in land-use efficiency.",0.9060273,"Even though the geo-statistical analysis cannot prove a change in [urban] area, 62% of the experts stated that there was an increase in [urban] area (conversion of cropland to [urban], see also .",98
Article_26_79,Article_26,79,"Population growth drives expansion in oil palm plantations at small scale, while national agricultural development plan triggers expansion of agroindustrial plantations at large spatial scales in the subregion | Conclusion: Natural vegetation landscapes are undergoing significant human transformations, causing significant alterations of ecosystem services and functions, and undermining the resilience and sustainability of SES.",0.90600455,The transhumance shed provides a useful geographic scale between the individual village territory and the regional agro pastoral belt that allows for a more accurate assessment of the relationship between herd mobility crop damage and conflict that reflects the environmental changes taking place across dryland West Africa. ,161
Article_94_79,Article_94,79,"Population growth drives expansion in oil palm plantations at small scale, while national agricultural development plan triggers expansion of agroindustrial plantations at large spatial scales in the subregion | Conclusion: Natural vegetation landscapes are undergoing significant human transformations, causing significant alterations of ecosystem services and functions, and undermining the resilience and sustainability of SES.",0.90600455,The transhumance shed provides a useful geographic scale between the individual village territory and the regional agro pastoral belt that allows for a more accurate assessment of the relationship between herd mobility crop damage and conflict that reflects the environmental changes taking place across dryland West Africa. ,161
Article_43_56,Article_43,56,"| Spatial-Temporal Features of Land Use Change and Intensity from 2010: With the support of the ArcGIS software spatial block statistics tool, th matrix of LULC types (Figure It can be seen that farmland and artificial surfaces have increased wh land-use types decreased during our study period.",0.9059867,"Even though the geo-statistical analysis cannot prove a change in [urban] area, 62% of the experts stated that there was an increase in [urban] area (conversion of cropland to [urban], see also .",98
Article_30_68,Article_30,68,"Although both, deforestation and afforestation occurred in the area, large-scale development of fast-growing trees appears to dominate forest restoration, i.e.",0.9059806,estimate is thus a metric of deforestation occurring in landscapes where agriculture is the dominant direct driver of forest loss rather than only deforestation resulting in agricultural production per se . ,232
Article_88_9,Article_88,9,Results indicate an unstable trend of bare and low vegetation lands which generally increased by about 50%.,0.9059401,The area of natural vegetation forest woodland and tree savanna that was considered degraded increased by 4.1% between the first and the second time periods i.e,230
Article_59_9,Article_59,9,Results indicate an unstable trend of bare and low vegetation lands which generally increased by about 50%.,0.90594006,The area of natural vegetation forest woodland and tree savanna that was considered degraded increased by 4.1% between the first and the second time periods i.e,230
Article_109_34,Article_109,34,"Although a general good correspondence is found, there are also exceptions (see Figure To date, land use for solar energy is negligible compared to other human land uses.",0.90593845,"Even though the geo-statistical analysis cannot prove a change in [urban] area, 62% of the experts stated that there was an increase in [urban] area (conversion of cropland to [urban], see also .",98
Article_97_34,Article_97,34,"Although a general good correspondence is found, there are also exceptions (see Figure To date, land use for solar energy is negligible compared to other human land uses.",0.90593845,"Even though the geo-statistical analysis cannot prove a change in [urban] area, 62% of the experts stated that there was an increase in [urban] area (conversion of cropland to [urban], see also .",98
Article_118_114,Article_118,114,"The expansion of one LULC type occurs at the detriment of other LULC classes From the temporal patterns of the changes between 1990 and 2019, forest land decreased at a higher rate.",0.9059329,"At the local scale, the size of [crop] and grazing lands increased at the expense of shrinking of [forest] cover with distinct variation in magnitude of change between villages",91
Article_38_114,Article_38,114,"The expansion of one LULC type occurs at the detriment of other LULC classes From the temporal patterns of the changes between 1990 and 2019, forest land decreased at a higher rate.",0.9059329,"At the local scale, the size of [crop] and grazing lands increased at the expense of shrinking of [forest] cover with distinct variation in magnitude of change between villages",91
Article_79_61,Article_79,61,"Fuel wood collection, timber/pole production, shifting cultivation, agricultural expansion, charcoal production, population pressure, and high poverty level are the topmost drivers perceived by the watershed communities to be contributing to the land use and land cover changes in the watershed.",0.9059215,Perhaps the most relevant aspect of the relationships between climate change and peasant agriculture is the realization that many small farmers cope with and even prepare for climate change minimizing crop failure through increased use of drought tolerant local varieties water harvesting mixed cropping agroforestry soil conservation practices and a series of other traditional techniques .,203
Article_45_63,Article_45,63,"The results show that from 2000 to 2019, LST recorded a sharp increase in its Celsius values, mainly due to the increase in settlement patterns.",0.90592134,"Even though the geo-statistical analysis cannot prove a change in [urban] area, 62% of the experts stated that there was an increase in [urban] area (conversion of cropland to [urban], see also .",98
Article_30_48,Article_30,48,"Meanwhile, the diagrams for overall forest change to all other LULC types and other land types to forests show similar trends with the majority of change happening in the immediate proximity to the pipelines.",0.90590525,Within a distance of 300 km patterns of transitions approached those of the entire region and involve mostly savanna and agriculture the two largest land cover categories. ,169
Article_65_43,Article_65,43,"Increases in population and population density, access to markets, and climate conditions are likely to have influenced these cropland dynamics Our definition of Grassland included pastures (managed and unmanaged), chenopods, tussock grasses, and hummock grasses covering around 66% of the Australian land mass and making this class the dominant land-cover class in the country.",0.9058089,Perhaps the most relevant aspect of the relationships between climate change and peasant agriculture is the realization that many small farmers cope with and even prepare for climate change minimizing crop failure through increased use of drought tolerant local varieties water harvesting mixed cropping agroforestry soil conservation practices and a series of other traditional techniques .,203
Article_50_309,Article_50,309,"| Interactions and limitations: The trade-off between complexity and labour demand is less pronounced in EMBRAPA's integrated crop-livestock-forestry (ICLF) systems, where grains and pasture are planted between widely spaced tree rows.",0.9056865,The transhumance shed provides a useful geographic scale between the individual village territory and the regional agro pastoral belt that allows for a more accurate assessment of the relationship between herd mobility crop damage and conflict that reflects the environmental changes taking place across dryland West Africa. ,161
Article_18_65,Article_18,65,This systematic process has caused the loss of vegetative cover in the study area.,0.9056652,The man made LULC changes had a crucial contribution to the increase of actual ET and SURQ mainly by the expansion of cropland in the Niger River and Lake Chad basins.,162
Article_79_8,Article_79,8,The paper concludes that the watershed's natural landscapes have been undergoing destruction at the expense of human settlement and infrastructural developments driven by anthropogenic activities.,0.90565985,Anthropogenic activities such as agricultural reclamation and overgrazing may be primary driver of these deepening desertification patterns in these regions . ,183
Article_104_157,Article_104,157,The findings from this work were applied to distinguish the effects of LULC and climate change on the water balance components of the Finchaa catchment.,0.90565044,The man made LULC changes had a crucial contribution to the increase of actual ET and SURQ mainly by the expansion of cropland in the Niger River and Lake Chad basins.,162
Article_26_31,Article_26,31,"In the BUS, continuous expansion of human degradation activities such as land use conversion to agricultural uses impacts forests, woodland, and wetlands, with no productivity gain expected.",0.9056336,Thus farmland persists and increases each year at the expense of forest woodland and tree savanna . ,229
Article_94_31,Article_94,31,"In the BUS, continuous expansion of human degradation activities such as land use conversion to agricultural uses impacts forests, woodland, and wetlands, with no productivity gain expected.",0.90563357,Thus farmland persists and increases each year at the expense of forest woodland and tree savanna . ,229
Article_48_4,Article_48,4,"Using Landsat imageries from 1991, 2002, 2008, and 2018 of Sekondi-Takoradi, together with geospatial and Shannon's entropy techniques, this paper assesses the impact of urban sprawl on land use and land use dynamics within the metropolis.",0.90562654,The transhumance shed provides a useful geographic scale between the individual village territory and the regional agro pastoral belt that allows for a more accurate assessment of the relationship between herd mobility crop damage and conflict that reflects the environmental changes taking place across dryland West Africa. ,161
Article_45_62,Article_45,62,"By contrast, the agricultural area has drastically declined over the decades primarily due to increasing population density, the shift in the occupational structure of the people from the primary sector to secondary and tertiary sectors The study further investigated some of the impacts of the LULC change in the study region by assessing the correlation between LST, NDVI, and NDBI.",0.90553665,"The population density has increased during the past decades, which has had a significant impact on the [land cover]",67
Article_15_53,Article_15,53,"Although small, agriculture land shows a significant probability to transition to built-up area which has been the trend in many cities The findings indicate that rapid development of urban built will lead to sharp declines in forest and agriculture and increase in urban population.",0.9055353,"Even though the geo-statistical analysis cannot prove a change in [urban] area, 62% of the experts stated that there was an increase in [urban] area (conversion of cropland to [urban], see also .",98
Article_1_53,Article_1,53,"Although small, agriculture land shows a significant probability to transition to built-up area which has been the trend in many cities The findings indicate that rapid development of urban built will lead to sharp declines in forest and agriculture and increase in urban population.",0.9055353,"Even though the geo-statistical analysis cannot prove a change in [urban] area, 62% of the experts stated that there was an increase in [urban] area (conversion of cropland to [urban], see also .",98
Article_71_97,Article_71,97,"These models explain the variation in pH as a function of ED_PF (94%), ED_crop land (92%) and PD_DF (90%) (Table | Water Vulnerability and Climate Change in Yangambi: As previously discussed in the results section, it appears that different water supplies are used in Yangambi.",0.90552664,"Even though the geo-statistical analysis cannot prove a change in [urban] area, 62% of the experts stated that there was an increase in [urban] area (conversion of cropland to [urban], see also .",98
Article_58_70,Article_58,70,"For those that have land use incorporated, little is known of the influence of drought severity on LULC-in terms of the differences in annual sizes and configurationseither in changing and/or persistent areas.",0.9055057,The transhumance shed provides a useful geographic scale between the individual village territory and the regional agro pastoral belt that allows for a more accurate assessment of the relationship between herd mobility crop damage and conflict that reflects the environmental changes taking place across dryland West Africa. ,161
Article_10_70,Article_10,70,"For those that have land use incorporated, little is known of the influence of drought severity on LULC-in terms of the differences in annual sizes and configurationseither in changing and/or persistent areas.",0.9055057,The transhumance shed provides a useful geographic scale between the individual village territory and the regional agro pastoral belt that allows for a more accurate assessment of the relationship between herd mobility crop damage and conflict that reflects the environmental changes taking place across dryland West Africa. ,161
Article_84_2,Article_84,2,The spatiotemporal dynamics of water fluxes and their relationship with land cover changes between 2009 and 2017 in the headwater Buzi sub-catchment in Zimbabwe is evaluated.,0.90550494,The transhumance shed provides a useful geographic scale between the individual village territory and the regional agro pastoral belt that allows for a more accurate assessment of the relationship between herd mobility crop damage and conflict that reflects the environmental changes taking place across dryland West Africa. ,161
Article_28_75,Article_28,75,is might be due to deforestation activities that have taken place for agriculture and urban expansion.,0.90549487,Anthropogenic activities such as agricultural reclamation and overgrazing may be primary driver of these deepening desertification patterns in these regions . ,183
Article_109_26,Article_109,26,": IAMs which link energy, economy, land and climate modules tend to rely strongly on the cultivation of dedicated bioenergy crops (such as switchgrass and miscanthus) in global climate change mitigation scenarios Table deserts and dry scrublands, as well as bioenergy from waste or agricultural and forestry residue, are assumed not to contribute to LUC emissions nor carbon sequestration.",0.9054863,Perhaps the most relevant aspect of the relationships between climate change and peasant agriculture is the realization that many small farmers cope with and even prepare for climate change minimizing crop failure through increased use of drought tolerant local varieties water harvesting mixed cropping agroforestry soil conservation practices and a series of other traditional techniques .,203
Article_97_26,Article_97,26,": IAMs which link energy, economy, land and climate modules tend to rely strongly on the cultivation of dedicated bioenergy crops (such as switchgrass and miscanthus) in global climate change mitigation scenarios Table deserts and dry scrublands, as well as bioenergy from waste or agricultural and forestry residue, are assumed not to contribute to LUC emissions nor carbon sequestration.",0.9054863,Perhaps the most relevant aspect of the relationships between climate change and peasant agriculture is the realization that many small farmers cope with and even prepare for climate change minimizing crop failure through increased use of drought tolerant local varieties water harvesting mixed cropping agroforestry soil conservation practices and a series of other traditional techniques .,203
Article_11_104,Article_11,104,"Additionally during this period both the cities have also experienced an increase in its built-up area and a consistent reduction in water, vegetation and soil, indicating a rapid expansion of urban areas at the cost of its vegetation, soil and water bodies.",0.90543926,"Even though the geo-statistical analysis cannot prove a change in [urban] area, 62% of the experts stated that there was an increase in [urban] area (conversion of cropland to [urban], see also .",98
Article_40_24,Article_40,24,"Using the forest in Southern Africa as a case, Figure Our analysis revealed that the future suitability probability has evolved from its historical counterpart due to the influence of future driving factors.",0.90542096,The transhumance shed provides a useful geographic scale between the individual village territory and the regional agro pastoral belt that allows for a more accurate assessment of the relationship between herd mobility crop damage and conflict that reflects the environmental changes taking place across dryland West Africa. ,161
Article_87_24,Article_87,24,"Using the forest in Southern Africa as a case, Figure Our analysis revealed that the future suitability probability has evolved from its historical counterpart due to the influence of future driving factors.",0.9054208,The transhumance shed provides a useful geographic scale between the individual village territory and the regional agro pastoral belt that allows for a more accurate assessment of the relationship between herd mobility crop damage and conflict that reflects the environmental changes taking place across dryland West Africa. ,161
Article_86_73,Article_86,73,"The overall WH cover decreased significantly from 0.9 km 2 in 2000 to 0.4 km 2 in 2018 in the Powai lake, due to the aesthetics aspect of Hiranandani settlements, but the WH on the IITB's side was not much improved since 2000.",0.9054098,A high increase occurred for farm fallow land rising from 0.022% of the protected area in 1984 to 12.59% in 2013 by which time it was the largest single cover class Fig.4,223
Article_52_58,Article_52,58,"The sampling region consists of the thematic product mapping area which is equal to the GLAD ARD extent for forests, water, and built-up lands (Figure | Forest Extent and Height: To estimate the accuracy of forest height mapping, we compared the forest height map for the year 2020 with the GEDI RH95 metric values within the extent of stable forests (forests that had map-based tree height ≥5 m in both years 2000 and 2020 and no indication of forest disturbance, degradation, or enhancement).",0.905409,The area of natural vegetation forest woodland and tree savanna that was considered degraded increased by 4.1% between the first and the second time periods i.e,230
Article_52_105,Article_52,105,"In Europe and North America, where crop expansion (mostly through pasture or long fallow conversion) and reduction (through abandonment or conversion to other land uses) are balanced, the resulting net cropland area change was small.",0.9053733,Perhaps the most relevant aspect of the relationships between climate change and peasant agriculture is the realization that many small farmers cope with and even prepare for climate change minimizing crop failure through increased use of drought tolerant local varieties water harvesting mixed cropping agroforestry soil conservation practices and a series of other traditional techniques .,203
Article_91_46,Article_91,46,"Over the entire temporal horizon observed (1989 to 2019), a large part of the forest was converted to agriculture and grass/swamps (see Tables A4-A6 for the detailed LULC transition matrixes).",0.9053464,"#text': 'After the droughts in the 1970s and 1980s, the observed loss of woody vegetation cover was often considered as irreversible [desertification] and large parts of the Sahel were designated as degraded land (e.g",0
Article_109_16,Article_109,16,"The relative projected land area dedicated to either crops or solar energy strongly differs within each region, with potential local ecosystem and landscape implications (see Figure Land cover changes.",0.90532744,The transhumance shed provides a useful geographic scale between the individual village territory and the regional agro pastoral belt that allows for a more accurate assessment of the relationship between herd mobility crop damage and conflict that reflects the environmental changes taking place across dryland West Africa. ,161
Article_97_16,Article_97,16,"The relative projected land area dedicated to either crops or solar energy strongly differs within each region, with potential local ecosystem and landscape implications (see Figure Land cover changes.",0.90532744,The transhumance shed provides a useful geographic scale between the individual village territory and the regional agro pastoral belt that allows for a more accurate assessment of the relationship between herd mobility crop damage and conflict that reflects the environmental changes taking place across dryland West Africa. ,161
Article_77_53,Article_77,53,Secondary data indicated that increase in population and change in livelihoods sources from nomadic pastoralism to crop farming could explain the increase in land under mixed farming.,0.9053257,Perhaps the most relevant aspect of the relationships between climate change and peasant agriculture is the realization that many small farmers cope with and even prepare for climate change minimizing crop failure through increased use of drought tolerant local varieties water harvesting mixed cropping agroforestry soil conservation practices and a series of other traditional techniques .,203
Article_12_20,Article_12,20,"Although, LULC change has social and economic benefits, it has also been reported to have an impact on spatial patterns of landscape properties by modifying ecosystems at local, regional and global levels Generally, LULC changes are driven by natural factors and anthropogenic activities Since 1950, the world population has increased exponentially and this growth is producing major changes in LULC.",0.90531325,"The population density has increased during the past decades, which has had a significant impact on the [land cover]",67
Article_62_44,Article_62,44,The nature of the spatial distribution of ecosystem services can be revealed to dissect the spatial distribution characteristics of village ecosystem services in the study area and extend the result to other areas of the same type.,0.90531254,The transhumance shed provides a useful geographic scale between the individual village territory and the regional agro pastoral belt that allows for a more accurate assessment of the relationship between herd mobility crop damage and conflict that reflects the environmental changes taking place across dryland West Africa. ,161
Article_46_169,Article_46,169,"If FCO is an error in assigning newly deforested land to other land rather than to agricultural land, the emissions would be essentially the same as from the degradation interpretation.",0.90529287,estimate is thus a metric of deforestation occurring in landscapes where agriculture is the dominant direct driver of forest loss rather than only deforestation resulting in agricultural production per se . ,232
Article_68_3,Article_68,3,"The major changes include loss of 19.72 km 2 of vegetation cover in various forest types due to increasing biotic interference and over grazing, conversion of 14.77 km 2 of Dense Sal mixed forest to open mixed forest and cultivable land, and 5.0 km 2 teak plantation and Bamboo brakes to agricultural land.",0.9052845,"In the period 1975-1990, 1.28 million ha (26%) of natural vegetation was converted to degraded [savanna] and farmland while 2.23 million ha (53%) of natural vegetation was converted to degraded [savanna] and farmland in the period 1990-2010",90
Article_43_45,Article_43,45,"| Spatial-Temporal Features of Land Use Change and Intensity from 2010 to: With the support of the ArcGIS software spatial block statistics tool, the c matrix of LULC types (Figure It can be seen that farmland and artificial surfaces have increased while land-use types decreased during our study period.",0.9052107,"Even though the geo-statistical analysis cannot prove a change in [urban] area, 62% of the experts stated that there was an increase in [urban] area (conversion of cropland to [urban], see also .",98
Article_107_49,Article_107,49,"The urban expansion was at the expense of rangeland, forest and shrubland, and barren land and sand areas, where the contribution of each one in the built-up areas was estimated at around 9.1% (179.7 km 2 ), 33.4% (656.3 km 2 ) and 57.5% (1131.5 km 2 ), respectively.",0.90520644,"From 1984 to 2001, [tree] savannas, bare soils and agricultural lands increased by 17.55%, 18.79% and 21778.79%, respectively, while woodland, gallery [forest], [shrub] savannas and [[water] bodies] decreased by 22.02%, 5.03%, 40.08% and 31.2%, respectively",94
Article_118_102,Article_118,102,"The analysis of LULC change shows that forest cover has been decreasing, as well as the high increasing rate of urban area and agricultural land.",0.9051639,The man made LULC changes had a crucial contribution to the increase of actual ET and SURQ mainly by the expansion of cropland in the Niger River and Lake Chad basins.,162
Article_118_134,Article_118,134,"The analysis of LULC change shows that forest cover has been decreasing, as well as the high increasing rate of urban area and agricultural land.",0.9051639,The man made LULC changes had a crucial contribution to the increase of actual ET and SURQ mainly by the expansion of cropland in the Niger River and Lake Chad basins.,162
Article_38_134,Article_38,134,"The analysis of LULC change shows that forest cover has been decreasing, as well as the high increasing rate of urban area and agricultural land.",0.9051639,The man made LULC changes had a crucial contribution to the increase of actual ET and SURQ mainly by the expansion of cropland in the Niger River and Lake Chad basins.,162
Article_38_102,Article_38,102,"The analysis of LULC change shows that forest cover has been decreasing, as well as the high increasing rate of urban area and agricultural land.",0.9051639,The man made LULC changes had a crucial contribution to the increase of actual ET and SURQ mainly by the expansion of cropland in the Niger River and Lake Chad basins.,162
Article_8_11,Article_8,11,"Surface mining has been one of the major activities since World War II, resulting in a significant alteration in the mountain landscapes with the transformation of native forests and their associated soils into heavily disturbed mine lands It has become necessary to study the temporal and spatial variations in hydrological balance and to understand the mechanisms of influence behind LULC change impacts.",0.90512127,"#text': 'After the droughts in the 1970s and 1980s, the observed loss of woody vegetation cover was often considered as irreversible [desertification] and large parts of the Sahel were designated as degraded land (e.g",0
Article_45_10,Article_45,10,The LULC analysis showed an increase in the settlement over the past two decades.,0.9051207,The man made LULC changes had a crucial contribution to the increase of actual ET and SURQ mainly by the expansion of cropland in the Niger River and Lake Chad basins.,162
Article_11_97,Article_11,97,"The SEZs have acquired farmland and pastoral land for different industrial projects Increase in surface temperature coupled with loss of vegetation to built-up area over the years has made both the cities more vulnerable to natural hazards, viz.",0.90510875,The man made LULC changes had a crucial contribution to the increase of actual ET and SURQ mainly by the expansion of cropland in the Niger River and Lake Chad basins.,162
Article_50_295,Article_50,295,Agroforestry is a set of diverse land management systems that integrate trees and shrubs with crops and/or livestock in space and/or time.,0.90509415,Perhaps the most relevant aspect of the relationships between climate change and peasant agriculture is the realization that many small farmers cope with and even prepare for climate change minimizing crop failure through increased use of drought tolerant local varieties water harvesting mixed cropping agroforestry soil conservation practices and a series of other traditional techniques .,203
Article_14_27,Article_14,27,"Even though NPPs do not require a massive land area for energy production, just like hydropower, solar, and wind energy Destroyed vegetation (agricultural and barren lands, forests) must be taken into account in the first place, as it can lead to erosion, local pollution, and a decrease in groundwater sources The construction of NPPs has an impact on builtup areas and the local population.",0.90508926,"Even though the geo-statistical analysis cannot prove a change in [urban] area, 62% of the experts stated that there was an increase in [urban] area (conversion of cropland to [urban], see also .",98
Article_95_32,Article_95,32,"Furthermore, farmers were asked to explain how their socio-economic activity contributes to the land-use change.",0.9050747,"Even though the geo-statistical analysis cannot prove a change in [urban] area, 62% of the experts stated that there was an increase in [urban] area (conversion of cropland to [urban], see also .",98
Article_24_81,Article_24,81,"The need for housing and social reinforcement areas, which emerged in parallel with the rapid population growth (annual increase rate of 64.5%) in the 2000-2010 period in Atakum district, caused the areal increases in the urban texture to create a more heterogeneous city pattern Among the parks on both sides of Samsun, Batıpark is 1.000.000 m² and Doğupark is 250.000 m².",0.90505457,"Even though the geo-statistical analysis cannot prove a change in [urban] area, 62% of the experts stated that there was an increase in [urban] area (conversion of cropland to [urban], see also .",98
Article_26_73,Article_26,73,"The results confirm the hypothesis that LULCC decreased with increase in elevation of Mount Cameroon (4095 m), a biophysical barrier in the northwest zone, emphasising the resilience of the mountain ecosystem in the sub-region.",0.9050138,The transhumance shed provides a useful geographic scale between the individual village territory and the regional agro pastoral belt that allows for a more accurate assessment of the relationship between herd mobility crop damage and conflict that reflects the environmental changes taking place across dryland West Africa. ,161
Article_94_73,Article_94,73,"The results confirm the hypothesis that LULCC decreased with increase in elevation of Mount Cameroon (4095 m), a biophysical barrier in the northwest zone, emphasising the resilience of the mountain ecosystem in the sub-region.",0.90501374,The transhumance shed provides a useful geographic scale between the individual village territory and the regional agro pastoral belt that allows for a more accurate assessment of the relationship between herd mobility crop damage and conflict that reflects the environmental changes taking place across dryland West Africa. ,161
Article_33_93,Article_33,93,"A colonization programme by the Mexican Government in the 1970s encouraged the establishment of farming communities in forest-covered areas, promoting agriculture, agroforestry (cacao) and cattle ranching, which is currently the most important business activity.",0.9049964,Perhaps the most relevant aspect of the relationships between climate change and peasant agriculture is the realization that many small farmers cope with and even prepare for climate change minimizing crop failure through increased use of drought tolerant local varieties water harvesting mixed cropping agroforestry soil conservation practices and a series of other traditional techniques .,203
Article_8_45,Article_8,45,The maps and tables produced in this study provide essential spatial information on the sub-basin scale to researchers in identifying and implementing appropriate land management practices.,0.904988,The transhumance shed provides a useful geographic scale between the individual village territory and the regional agro pastoral belt that allows for a more accurate assessment of the relationship between herd mobility crop damage and conflict that reflects the environmental changes taking place across dryland West Africa. ,161
Article_107_5,Article_107,5,"The findings of the LULCC analysis based on the MLC indicate great socioeconomic development during the study period and that the urban expansion was at the expense of rangeland, forest and shrubland, and barren land and sand areas, with the contribution of each in the built-up area estimated to be around 9.1% (179.7 km 2 ), 33.4% (656.3 km 2 ) and 57.5% (1131.5 km 2 ), respectively.",0.90498185,"At regional scale, the annual rate of change in [forest] land, grazing land, gallery [forest] and cropland was À0.4, À0.9, À1.6 and 3.8%, respectively",95
Article_91_24,Article_91,24,"In addition, farmers were asked to describe how their socioeconomic activity affects the change in land usage.",0.9049794,"Even though the geo-statistical analysis cannot prove a change in [urban] area, 62% of the experts stated that there was an increase in [urban] area (conversion of cropland to [urban], see also .",98
Article_10_76,Article_10,76,"Previous studies in dryland contexts such as Botswana and elsewhere associate the improvement in vegetation productivity partly to bush-encroachment which remote sensing vegetation indices capture as vegetation greening but bush-encroachment is undesirable in cattle-based systems Relating LULC change to land degradation, conversion of tree-covered areas to grassland, otherland and cropland, is degrading.",0.90496993,Only a small percentage of people interviewed stated that overgrazing war and conflict inappropriate irrigation and the occurrence and spread of weeds and invader plants and bush encroachment could contribute to land degradation in the study area. ,212
Article_58_76,Article_58,76,"Previous studies in dryland contexts such as Botswana and elsewhere associate the improvement in vegetation productivity partly to bush-encroachment which remote sensing vegetation indices capture as vegetation greening but bush-encroachment is undesirable in cattle-based systems Relating LULC change to land degradation, conversion of tree-covered areas to grassland, otherland and cropland, is degrading.",0.90496993,Only a small percentage of people interviewed stated that overgrazing war and conflict inappropriate irrigation and the occurrence and spread of weeds and invader plants and bush encroachment could contribute to land degradation in the study area. ,212
Article_83_38,Article_83,38,"As for salts, the area was decreased in 2000 compared to the area in 1987 with change rate of À34.7% whereas it increased in 2015 compared to 2000 recording change rate 1.1%.",0.90494287,A high increase occurred for farm fallow land rising from 0.022% of the protected area in 1984 to 12.59% in 2013 by which time it was the largest single cover class Fig.4,223
Article_59_60,Article_59,60,"11.79% of the initial area, while other LULC types increased at different rates.",0.9049367,A high increase occurred for farm fallow land rising from 0.022% of the protected area in 1984 to 12.59% in 2013 by which time it was the largest single cover class Fig.4,223
Article_88_60,Article_88,60,"11.79% of the initial area, while other LULC types increased at different rates.",0.9049367,A high increase occurred for farm fallow land rising from 0.022% of the protected area in 1984 to 12.59% in 2013 by which time it was the largest single cover class Fig.4,223
Article_94_90,Article_94,90,"LULCC decreased with increase in elevation of Mount Cameroon (4095 m) in the northwest zone, but increased with nearness to the Atlantic Coast in the western zone and national road networks, emphasising the resilience of the mountain ecosystem and the vulnerability of lowland and coastal-land boundary ecosystems.",0.9048819,The man made LULC changes had a crucial contribution to the increase of actual ET and SURQ mainly by the expansion of cropland in the Niger River and Lake Chad basins.,162
Article_26_90,Article_26,90,"LULCC decreased with increase in elevation of Mount Cameroon (4095 m) in the northwest zone, but increased with nearness to the Atlantic Coast in the western zone and national road networks, emphasising the resilience of the mountain ecosystem and the vulnerability of lowland and coastal-land boundary ecosystems.",0.9048819,The man made LULC changes had a crucial contribution to the increase of actual ET and SURQ mainly by the expansion of cropland in the Niger River and Lake Chad basins.,162
Article_69_71,Article_69,71,"Urbanization and the reclaiming of cultivated land increased fragmentation, heterogeneity and shape complexity of LULC patterns.",0.9048678,The man made LULC changes had a crucial contribution to the increase of actual ET and SURQ mainly by the expansion of cropland in the Niger River and Lake Chad basins.,162
Article_41_48,Article_41,48,"From this study, the findings revealed that the majority of land conversion in Dak Nong is natural forests to residential areas and agricultural land since the province experienced an increase in population as well as socialeconomic growth.",0.9048563,The man made LULC changes had a crucial contribution to the increase of actual ET and SURQ mainly by the expansion of cropland in the Niger River and Lake Chad basins.,162
Article_53_17,Article_53,17,Selecting training samples for water was tough because of the dense canopy of forests along with the river channel and lack of water in the river channels since the acquisition date of imagery was in mid-November and at that time most of the rivers in the mountains carry less water as compared to the monsoon season.,0.90484047,Field monitoring of matric potentials did not indicate downward flow at 10 m depth for the millet site this is consistent with the modeling results the transition from fallow to millet having occurred recently 5 years ago . ,186
Article_63_41,Article_63,41,"Similarly, in the period between 2000 and 2017, the land under grazing land has shown a declining trend with a value of 17097.78 ha to 1615 ha, respectively )is can be attributed to the rapidly growing demand for cultivated and settlement land for other land uses in that specific period.",0.904829,A high increase occurred for farm fallow land rising from 0.022% of the protected area in 1984 to 12.59% in 2013 by which time it was the largest single cover class Fig.4,223
Article_46_245,Article_46,245,"If the spatial resolution is fine enough, maps of changes in area can be overlaid on maps of biomass to determine the biomass of the forests actually deforested | Conclusions: A major objective in quantifying the emissions of carbon from terrestrial ecosystems is to separate the emissions resulting from management (direct anthropogenic activities) from those resulting from the effects of environmental change (indirect effects).",0.9048142,estimate is thus a metric of deforestation occurring in landscapes where agriculture is the dominant direct driver of forest loss rather than only deforestation resulting in agricultural production per se . ,232
Article_41_44,Article_41,44,"Besides, the Kno index is regarded as the most important parameter which is used for evaluating the overall of a model The LULC map for the year 2025 presented in Figure It is recognizable that the decline in the natural forests may be due to population growth, the expansion of residential areas, and the demand for agricultural land increases.",0.9048127,"Even though the geo-statistical analysis cannot prove a change in [urban] area, 62% of the experts stated that there was an increase in [urban] area (conversion of cropland to [urban], see also .",98
Article_16_16,Article_16,16,"The Landsat programme is exceptional for change detection research because it offers a historical and ongoing archive of imagery In the watershed, biological circumstances, gradients, and elevations play a significant role in determining land use/land cover.",0.9047919,The transhumance shed provides a useful geographic scale between the individual village territory and the regional agro pastoral belt that allows for a more accurate assessment of the relationship between herd mobility crop damage and conflict that reflects the environmental changes taking place across dryland West Africa. ,161
Article_65_37,Article_65,37,| Land-cover change: Land-cover transitions over the period of study showed that approximately 6.7% (±0.9%) of the total Australian territory experienced definitive land-cover change.,0.90471077,A high increase occurred for farm fallow land rising from 0.022% of the protected area in 1984 to 12.59% in 2013 by which time it was the largest single cover class Fig.4,223
Article_114_78,Article_114,78,"These studies include public policy proposals to allow the sustainable management of tropical forests, coverage mapping Remote sensing has been a tool used since the beginning of LULC research in tropical forests.",0.9046705,Perhaps the most relevant aspect of the relationships between climate change and peasant agriculture is the realization that many small farmers cope with and even prepare for climate change minimizing crop failure through increased use of drought tolerant local varieties water harvesting mixed cropping agroforestry soil conservation practices and a series of other traditional techniques .,203
Article_26_4,Article_26,4,"The spatial pattern of LULCC showed that expansion of other cultivated areas of cropland and agro-industrial plantations were highest in the north and east zones, respectively, while expansion of builtup areas and decrease in agro-industrial plantation covers were highest in the central, south and western coastal zones of Fako division.",0.90465784,The man made LULC changes had a crucial contribution to the increase of actual ET and SURQ mainly by the expansion of cropland in the Niger River and Lake Chad basins.,162
Article_94_4,Article_94,4,"The spatial pattern of LULCC showed that expansion of other cultivated areas of cropland and agro-industrial plantations were highest in the north and east zones, respectively, while expansion of builtup areas and decrease in agro-industrial plantation covers were highest in the central, south and western coastal zones of Fako division.",0.9046577,The man made LULC changes had a crucial contribution to the increase of actual ET and SURQ mainly by the expansion of cropland in the Niger River and Lake Chad basins.,162
Article_13_43,Article_13,43,It is noteworthy to estimate the influence of LULC change on runoff characteristics of the northern region in general and minor watershed levels (sub-basin levels) on groundwater hydrology.,0.9046564,The man made LULC changes had a crucial contribution to the increase of actual ET and SURQ mainly by the expansion of cropland in the Niger River and Lake Chad basins.,162
Article_43_33,Article_43,33,"By comparing the two maps of land-use intensity (Figure | Spatial-Temporal Features of Land Use Change and Intensity from 2010 to 2020: With the support of the ArcGIS software spatial block statistics tool, the conversion matrix of LULC types (Figure It can be seen that farmland and artificial surfaces have increased while the other land-use types decreased during our study period.",0.9046538,"Even though the geo-statistical analysis cannot prove a change in [urban] area, 62% of the experts stated that there was an increase in [urban] area (conversion of cropland to [urban], see also .",98
Article_51_71,Article_51,71,"In the case of high-slope slopes, the reduction of the flow velocity obtained by the installation of energy sinks can be a tool to reduce the increase in surface runoff Although the Surface Runoff Potential Charts does not highlight the urban areas of the basin, it is essential to consider that urban growth tends to increase the waterproofed area, increasing the flow velocity.",0.9046431,"Even though the geo-statistical analysis cannot prove a change in [urban] area, 62% of the experts stated that there was an increase in [urban] area (conversion of cropland to [urban], see also .",98
Article_116_45,Article_116,45,"At the patch level, the land for construction is steadily enhancing its role as the largest dominant landscape type, and the fragmented invasion of land for construction in the suburbs of cities has caused a reduction and fragmentation of farmland, posing a threat to the quality of habitats and landscape layout such as forests, grasslands, and water bodies.This trend leads to loosely connected patches of these land types.",0.9046321,The Upper Guinean forest is a global biodiversity hotspot and has become one of the most human modified forest ecosystems in the tropics having lost over 80% of its original forest cover with the remainder distributed in a fragmented agriculture forest mosaic,148
Article_12_62,Article_12,62,"Likewise, the forest ecosystem, which covered1833.15 ha also declined between 1973-1987 (Table Regarding LULC change, agricultural land increased annually by Within the 46 years of this study period, bare and forest lands have shown consistent reductions, whereas cultivated lands and forest lands increased at the expense of the aforementioned as well as a wetland, land use types.",0.9046171,The area of natural vegetation forest woodland and tree savanna that was considered degraded increased by 4.1% between the first and the second time periods i.e,230
Article_52_132,Article_52,132,The changes in land management priorities resulted in cropland conversion to settlements (section 3.1.2) and flooding forests and croplands by water reservoirs.,0.9046143,During this time the land required for [agriculture] increased significantly so that large areas of natural bushland were deforested for [cultivation] purposes,81
Article_64_22,Article_64,22,"Aside from globalised trade, other important drivers of land change dynamics, which have increasingly influenced the rate of land use change during the deceleration phase, are climate change and its associated impacts such as extreme events, drought and floods.",0.9046141,Perhaps the most relevant aspect of the relationships between climate change and peasant agriculture is the realization that many small farmers cope with and even prepare for climate change minimizing crop failure through increased use of drought tolerant local varieties water harvesting mixed cropping agroforestry soil conservation practices and a series of other traditional techniques .,203
Article_65_42,Article_65,42,"For instance, Croplands continuously declined in area until 2005 when Grassland transitioned to Cropland and Forest, increasing Cropland extent mainly in Queensland and Victoria.",0.90461063,Thus farmland persists and increases each year at the expense of forest woodland and tree savanna . ,229
Article_64_66,Article_64,66,"The transition layers served as the basis for analysing spatial extent, patterns, rates and dynamics of global land use change.",0.904586,The transhumance shed provides a useful geographic scale between the individual village territory and the regional agro pastoral belt that allows for a more accurate assessment of the relationship between herd mobility crop damage and conflict that reflects the environmental changes taking place across dryland West Africa. ,161
Article_57_2,Article_57,2,"The use of remote sensing and GIS has helped to generate LULC thematic maps, which have proven immensely valuable in resource and land-use management, facilitating sustainable development by balancing developmental interests and conservation measures.",0.9045858,Perhaps the most relevant aspect of the relationships between climate change and peasant agriculture is the realization that many small farmers cope with and even prepare for climate change minimizing crop failure through increased use of drought tolerant local varieties water harvesting mixed cropping agroforestry soil conservation practices and a series of other traditional techniques .,203
Article_6_42,Article_6,42,"However, the quantification and allocation of vegetated and non-vegetated areas and their changes before and after the Hurricane can be carried out with an accuracy of 0.97.",0.90458,"Even though the geo-statistical analysis cannot prove a change in [urban] area, 62% of the experts stated that there was an increase in [urban] area (conversion of cropland to [urban], see also .",98
Article_71_89,Article_71,89,Mwayi and Naito in 2019 found that forest massifs in Malawi could reduce sedimentation caused by watershed runoff to supply major water points | Physicochemical Parameters of River Waters' Nexus Landscape Parameters in the Yangambi: The correlation analysis between different physicochemical parameters of rivers showed a positive relationship.,0.90455115,The man made LULC changes had a crucial contribution to the increase of actual ET and SURQ mainly by the expansion of cropland in the Niger River and Lake Chad basins.,162
Article_117_33,Article_117,33,"The satellite imagery result indicates increasing and decreasing changes in each of the six land-use types (Figure The research revealed that the increments in this land-use resulted at the expense of other land uses, like forests, area closures, and grazing lands.",0.9045442,"Even though the geo-statistical analysis cannot prove a change in [urban] area, 62% of the experts stated that there was an increase in [urban] area (conversion of cropland to [urban], see also .",98
Article_79_57,Article_79,57,"These government policies generally prohibit logging for timber or deforestation for fuel wood collection, settlement, or agricultural expansion within these protected areas, the government has been lax in providing the enforcement required to curtail such practices from continuing in the watershed, which may be due to the recognition of the high poverty levels experienced by the rapidly growing population.",0.9045265,Perhaps the most relevant aspect of the relationships between climate change and peasant agriculture is the realization that many small farmers cope with and even prepare for climate change minimizing crop failure through increased use of drought tolerant local varieties water harvesting mixed cropping agroforestry soil conservation practices and a series of other traditional techniques .,203
Article_33_1165,Article_33,1165,We can also detect changes in the boundaries of the study area which cannot be fully represented on the maps because the study area has been clipped.,0.90450346,"Even though the geo-statistical analysis cannot prove a change in [urban] area, 62% of the experts stated that there was an increase in [urban] area (conversion of cropland to [urban], see also .",98
Article_12_66,Article_12,66,"Rapid population growth resulted in huge demands for timber for construction purposes in the surrounding towns and villages, triggering illegal loggings from among communal forests.",0.9045024,During this time the land required for [agriculture] increased significantly so that large areas of natural bushland were deforested for [cultivation] purposes,81
Article_69_68,Article_69,68,There would be a decreasing trend mainly on the bank of Nansihu Lake and in the eastern mountains for the tendency of unused land.,0.90449935,The man made LULC changes had a crucial contribution to the increase of actual ET and SURQ mainly by the expansion of cropland in the Niger River and Lake Chad basins.,162
Article_115_55,Article_115,55,These results showed that population pressure played an important role in increasing built-up area and conversion of forest to other land-use classes.,0.90449905,The area of natural vegetation forest woodland and tree savanna that was considered degraded increased by 4.1% between the first and the second time periods i.e,230
Article_61_5,Article_61,5,"These losses reflect long-term decline of non-forested ecosystems, exceeding estimates of deforestation within this century.",0.90449125,estimate is thus a metric of deforestation occurring in landscapes where agriculture is the dominant direct driver of forest loss rather than only deforestation resulting in agricultural production per se . ,232
Article_12_57,Article_12,57,"This is inline with the findings of | LULC change matrix: An important aspect of change detection is to determine what is really changing and to which LULC type, i.e., which land use class is changing to other types of land use class In this study, though some areas gained from other LULC classes, shrinkage was also observed in forest cover and bare land over the entire study period.",0.90447855,"Even though the geo-statistical analysis cannot prove a change in [urban] area, 62% of the experts stated that there was an increase in [urban] area (conversion of cropland to [urban], see also .",98
Article_61_21,Article_61,21,"Change in the Largest Patch Index (LPI) signifies that in the year 1700 an elephant might hypothetically have been able to traverse as much as 45% of the ""suitable"" area without interruption, but by 2015 this was down to just 7.5%.",0.90446,A high increase occurred for farm fallow land rising from 0.022% of the protected area in 1984 to 12.59% in 2013 by which time it was the largest single cover class Fig.4,223
Article_8_12,Article_8,12,"However, it is impossible to measure every component of the hydrological system due mainly to watershed heterogeneity and inadequate measuring tools In the United States, SWAT is increasingly being used to study in-stream processes Considering the void that exists in the literature, this study provides a case study from the Yellow Creek Watershed, a small critical watershed in eastern Kentucky that has been heavily impacted by coal-mining activities but supports local livelihoods and the ecosystem within and around the Appalachian Mountains region.",0.90445787,The transhumance shed provides a useful geographic scale between the individual village territory and the regional agro pastoral belt that allows for a more accurate assessment of the relationship between herd mobility crop damage and conflict that reflects the environmental changes taking place across dryland West Africa. ,161
Article_116_63,Article_116,63,"Subsequently, we conducted a thorough assessment of network connectivity and resilience, examining the dynamic evolution attributes of the ecological network structure through a prolonged temporal lens and identifying key recovery zones within the landscape schema.",0.9044212,The transhumance shed provides a useful geographic scale between the individual village territory and the regional agro pastoral belt that allows for a more accurate assessment of the relationship between herd mobility crop damage and conflict that reflects the environmental changes taking place across dryland West Africa. ,161
Article_28_19,Article_28,19,"Introduction: e response of hydrologic circulation is closely related to land use planning and management is can be either by increasing the water yield or by eliminating the flow in some circumstances, thereby increasing the sediment load and decreasing the groundwater LU/LC changes and population growth are the most common problems in developing countries such as Ethiopia since their economic development mainly depends on agriculture e modifications/conversions of natural vegetation and physical soil conditions are usually the principal cause of changes in rainfall-runoff characteristics of the local catchment, which consequently change the river flow regimes Watershed studies can provide direct evidence of LU/ LC change impacts on runoff e Upper Baro Basin is hurt from human-induced degradation mainly due to large-scale agricultural expansion, which leads to LU/LC dynamism.",0.9043969,The man made LULC changes had a crucial contribution to the increase of actual ET and SURQ mainly by the expansion of cropland in the Niger River and Lake Chad basins.,162
Article_34_63,Article_34,63,The overall accuracy measured using the confusion matrix is 0.91 (or 91%) (Table | Prediction of Land Use Change in 2100: Figure | Discussion and Conclusions: Our results from the analysis of 2007-2012 LULC change show that the rate of change in New Jersey in this five-year period is rather small considering the size of our study area.,0.9043885,"Even though the geo-statistical analysis cannot prove a change in [urban] area, 62% of the experts stated that there was an increase in [urban] area (conversion of cropland to [urban], see also .",98
Article_7_86,Article_7,86,"The geological zones II, I, and IV were identified as in the very high risk category (Table In this study, the FLULCC modeling results and FPLR areas and probable priority-based risk assessment raised a question on the environmental sustainability of the DCEN area in the coming decades.",0.9043745,The man made LULC changes had a crucial contribution to the increase of actual ET and SURQ mainly by the expansion of cropland in the Niger River and Lake Chad basins.,162
Article_108_8,Article_108,8,"The findings of this analysis showed that extensive urban development, which expanded the built-up area by 34 km 2 , were responsible for the decline in grass cover by 43.1 km 2 over the last 40 years .",0.9043639,A high increase occurred for farm fallow land rising from 0.022% of the protected area in 1984 to 12.59% in 2013 by which time it was the largest single cover class Fig.4,223
Article_50_568,Article_50,568,"They are largest, as share of total costs, in forestry because they play a prominent role in achieving high levels of afforestation, avoided deforestation, and improved forest management.",0.9043285,estimate is thus a metric of deforestation occurring in landscapes where agriculture is the dominant direct driver of forest loss rather than only deforestation resulting in agricultural production per se . ,232
Article_71_109,Article_71,109,This situation is amplified by the conversion of DF cover to other types of land use (linked to anthropization).,0.9042735,New settlements caused an initial decrease of the vegetation due to [[land use]] change (bushland to fields),78
Article_95_92,Article_95,92,"The spatial distribution of LULCC with terrain slope in 1987 and 2017 is given in Table | Drivers and Impacts of Land Use/Land Cover change: The results of FGDs, KIIs, and field observation revealed that both anthropogenic and natural processes derived LULCC.",0.90427035,The man made LULC changes had a crucial contribution to the increase of actual ET and SURQ mainly by the expansion of cropland in the Niger River and Lake Chad basins.,162
Article_50_174,Article_50,174,"The finance sector, a crucial driver behind action (Section 7.6, Box 7.12), has also started to make explicit commitments to avoiding environmental damage | Assessment of AFOLU Mitigation Measures Including Tradeoffs and Synergies: AFOLU mitigation or land-based climate change mitigation (used in this chapter interchangeably) are a variety of land management or demand management practices that reduce GHG emissions and/or enhance carbon sequestration within the land system (i.e., in forests, wetlands, grasslands, croplands and pasturelands).",0.90424865,Perhaps the most relevant aspect of the relationships between climate change and peasant agriculture is the realization that many small farmers cope with and even prepare for climate change minimizing crop failure through increased use of drought tolerant local varieties water harvesting mixed cropping agroforestry soil conservation practices and a series of other traditional techniques .,203
Article_46_213,Article_46,213,"The temporary loss of forests as a result of harvests, fire, or other disturbances, even if directly anthropogenic, is not deforestation according to this definition, as the disturbed forest is expected to recover.",0.9042481,estimate is thus a metric of deforestation occurring in landscapes where agriculture is the dominant direct driver of forest loss rather than only deforestation resulting in agricultural production per se . ,232
Article_68_9,Article_68,9,"Moreover, Sal natural regeneration of vegetation would remain crucial, and invasion of exotic species over native species needs to be restored in the forest area.",0.9041957,Only a small percentage of people interviewed stated that overgrazing war and conflict inappropriate irrigation and the occurrence and spread of weeds and invader plants and bush encroachment could contribute to land degradation in the study area. ,212
Article_20_46,Article_20,46,"| Variation of past patterns of LULC (1999-2019): The trend of changes in LULC classes estimated from Landsat images using the SVM algorithm for the years 1999 (Figure In addition, to understand the extent of LULC changes, the area-wise distribution of LULC classes are presented in Table The data showed an unprecedented increase in the built-up area while a noticeable decrease in the amount of agricultural land and water bodies available for use.",0.90418863,"Even though the geo-statistical analysis cannot prove a change in [urban] area, 62% of the experts stated that there was an increase in [urban] area (conversion of cropland to [urban], see also .",98
Article_44_46,Article_44,46,"| Variation of past patterns of LULC (1999-2019): The trend of changes in LULC classes estimated from Landsat images using the SVM algorithm for the years 1999 (Figure In addition, to understand the extent of LULC changes, the area-wise distribution of LULC classes are presented in Table The data showed an unprecedented increase in the built-up area while a noticeable decrease in the amount of agricultural land and water bodies available for use.",0.90418863,"Even though the geo-statistical analysis cannot prove a change in [urban] area, 62% of the experts stated that there was an increase in [urban] area (conversion of cropland to [urban], see also .",98
Article_83_54,Article_83,54,"The change percent recorded 24.5% and 12.4% for the periods from 1987 to 2000 and 2000 to 2015, respectively (Table As for the second human activity, urban sprawl, it is clear that the urban area was increased in all Delta governorates through the overall period of study (Table | Governorates: Total agriculture area (ha.)",0.90416765,A high increase occurred for farm fallow land rising from 0.022% of the protected area in 1984 to 12.59% in 2013 by which time it was the largest single cover class Fig.4,223
Article_45_28,Article_45,28,"When a particular type of land cover is converted into another land use type, then its effects tend to be accumulative Studies over the past decades [e.g.",0.9041455,"#text': 'After the droughts in the 1970s and 1980s, the observed loss of woody vegetation cover was often considered as irreversible [desertification] and large parts of the Sahel were designated as degraded land (e.g",0
Article_14_24,Article_14,24,"LULC maps for the years 2017 and 2021 are presented, and the LULC change is illustrated to shed light on how the Akkuyu NPP project increases the use of land for built-up spaces and negatively affects the natural land cover.",0.9041368,The man made LULC changes had a crucial contribution to the increase of actual ET and SURQ mainly by the expansion of cropland in the Niger River and Lake Chad basins.,162
Article_44_82,Article_44,82,The trend analysis of LULC changes would aid in conserving natural resources and mitigating the adverse effects of these transformation in the study region.,0.9041118,Anthropogenic activities such as agricultural reclamation and overgrazing may be primary driver of these deepening desertification patterns in these regions . ,183
Article_20_82,Article_20,82,The trend analysis of LULC changes would aid in conserving natural resources and mitigating the adverse effects of these transformation in the study region.,0.9041118,Anthropogenic activities such as agricultural reclamation and overgrazing may be primary driver of these deepening desertification patterns in these regions . ,183
Article_6_46,Article_6,46,| Conclusion: The study was conducted to quantify the LULCC in Barbuda in the context of the ongoing debate on neocolonialism and land grabbing.,0.9041082,The transhumance shed provides a useful geographic scale between the individual village territory and the regional agro pastoral belt that allows for a more accurate assessment of the relationship between herd mobility crop damage and conflict that reflects the environmental changes taking place across dryland West Africa. ,161
Article_75_2,Article_75,2,"As a susceptible area to salinity and desertification, receiving only about 195 mm rainfall annually, the Hable-Rud River basin is especially sensitive to land use/cover changes.",0.9041053,Anthropogenic activities such as agricultural reclamation and overgrazing may be primary driver of these deepening desertification patterns in these regions . ,183
Article_46_234,Article_46,234,Indirect effects are believed responsible for a land sink that is larger than the net emissions from management Our use of data from FAOSTAT assumed that changes in land use/land cover were directly anthropogenic.,0.9040893,estimate is thus a metric of deforestation occurring in landscapes where agriculture is the dominant direct driver of forest loss rather than only deforestation resulting in agricultural production per se . ,232
Article_102_9,Article_102,9,"Developed change was the most persistent and permanent land change increase adding almost 29,000 km 2 over 15 years (5.6% of total CONUS change), with southern states exhibiting expansion much faster than most of the northern states.",0.9040661,A high increase occurred for farm fallow land rising from 0.022% of the protected area in 1984 to 12.59% in 2013 by which time it was the largest single cover class Fig.4,223
Article_46_106,Article_46,106,"For this interpretation, we implemented the reported deforestation rates but assigned deforestation to cropland rather than to other land.",0.9040523,estimate is thus a metric of deforestation occurring in landscapes where agriculture is the dominant direct driver of forest loss rather than only deforestation resulting in agricultural production per se . ,232
Article_85_33,Article_85,33,"| Conclusions: The review of land use and land cover change (LULCC) dynamics in Uzbekistan provides a comprehensive understanding of the intricate relationships between human activities, environmental processes, and socio-economic outcomes.",0.9040217,The transhumance shed provides a useful geographic scale between the individual village territory and the regional agro pastoral belt that allows for a more accurate assessment of the relationship between herd mobility crop damage and conflict that reflects the environmental changes taking place across dryland West Africa. ,161
Article_33_1286,Article_33,1286,Varying the spatial resolution of the analysis did not lead to any major differences in the correlation between the suitability map and the urban fabric areas in the reference maps.,0.9040108,"Even though the geo-statistical analysis cannot prove a change in [urban] area, 62% of the experts stated that there was an increase in [urban] area (conversion of cropland to [urban], see also .",98
Article_83_42,Article_83,42,In 2015 the bare soils area was increased compared to the area in 2000 and 1987.,0.9039933,In contrast relative net gain in open water bodies was observed in the humid region during the period of 1975 2000 with a slight loss in 2000 2013. ,215
Article_14_3,Article_14,3,"The rise in the area of artificial surfaces was especially noticeable within the 1 km buffer zone: construction activities converted 36.1% of agricultural fields, 54.1% of forests, and 23.2% of barren lands into artificial surfaces.",0.90398914,A high increase occurred for farm fallow land rising from 0.022% of the protected area in 1984 to 12.59% in 2013 by which time it was the largest single cover class Fig.4,223
Article_41_10,Article_41,10,"Overall, ascertaining the complex interface related to changes in land use and its major drivers over time provides useful information predict to explore the future trend of LULC changes, establish alternative land-use schemes and serve as guidelines for urban planning policymakers.",0.90397483,The transhumance shed provides a useful geographic scale between the individual village territory and the regional agro pastoral belt that allows for a more accurate assessment of the relationship between herd mobility crop damage and conflict that reflects the environmental changes taking place across dryland West Africa. ,161
Article_52_31,Article_52,31,Areas with small differences between the years 2000 and 2020 forest height data that have no indication of forest disturbance are considered stable forests in this prototype product.,0.90394056,The area of natural vegetation forest woodland and tree savanna that was considered degraded increased by 4.1% between the first and the second time periods i.e,230
Article_95_114,Article_95,114,"Consequently, a small area of land is used frequently for grazing a livestock population beyond its capacity.",0.90392065,During this time the land required for [agriculture] increased significantly so that large areas of natural bushland were deforested for [cultivation] purposes,81
Article_11_60,Article_11,60,The present study first started with unsupervised classification in order to establish that LULC patterns are changing at an alarming rate for small urban agglomerations in India.,0.9038522,"Even though the geo-statistical analysis cannot prove a change in [urban] area, 62% of the experts stated that there was an increase in [urban] area (conversion of cropland to [urban], see also .",98
Article_4_60,Article_4,60,"However, with economic development, the driving effects of anthropogenic factors on the LULC have gradually expanded.",0.90384775,The man made LULC changes had a crucial contribution to the increase of actual ET and SURQ mainly by the expansion of cropland in the Niger River and Lake Chad basins.,162
Article_77_54,Article_77,54,"In the 1973, the government agreed to resettle the Elgon Dorobos to an area covering 3686 ha at the lower slopes in an area currently known as Chepyuk through legal notice no 51 of 1974 This change in the lifestyle of the people has led to encroachment of the forest for cultivation and exploitation of the forest products The results of this study are in agreement with the findings of In Tanzania, Findings differ from MEICDP (2001) findings who reported an increase in grasslands over this period.",0.90384156,In the surroundings of the cities in the north of Nigeria for example in 2000 patches of grassland and shrubland were still visible whereas in 2015 these were converted to cropland Figure,120
Article_116_7,Article_116,7,"The southwestern research area witnessed farmland substantially give way to land for construction for this period, and the most dramatic change in land use occurred between 2000 and 2010.",0.90383834,A high increase occurred for farm fallow land rising from 0.022% of the protected area in 1984 to 12.59% in 2013 by which time it was the largest single cover class Fig.4,223
Article_37_5,Article_37,5,"The percentage impervious surface area (ISA) pattern of these classes has also been analyzed for both the years, and a rising trend in ISA for different LU-LC categories has been observed; showing that Jaipur city has witnessed substantial growth in built-up area at the cost of greener patches and open land at a fast pace having a clear impact on LST variation.",0.90381354,"Even though the geo-statistical analysis cannot prove a change in [urban] area, 62% of the experts stated that there was an increase in [urban] area (conversion of cropland to [urban], see also .",98
Article_33_1689,Article_33,1689,"Only four transitions (new codes 3, 4, 16 and 17) are simulated by the model, as expressed in Table Most of the changes predicted in the simulation refer to the transition from agricultural areas (Category 0) to urban fabric (Category 2) and to the transition from agricultural areas to industrial and commercial areas (Category 3).",0.90380657,"Even though the geo-statistical analysis cannot prove a change in [urban] area, 62% of the experts stated that there was an increase in [urban] area (conversion of cropland to [urban], see also .",98
Article_4_9,Article_4,9,"(3) Elevation and population density were the major driving factors of LULC changes, and economic development has also significantly affected LULC.",0.9037893,The man made LULC changes had a crucial contribution to the increase of actual ET and SURQ mainly by the expansion of cropland in the Niger River and Lake Chad basins.,162
Article_77_23,Article_77,23,"Land scarcity in the highlands of East Africa has converted forested lands to agriculture, reducing forest cover.",0.90378785,The Upper Guinean forest is a global biodiversity hotspot and has become one of the most human modified forest ecosystems in the tropics having lost over 80% of its original forest cover with the remainder distributed in a fragmented agriculture forest mosaic,148
Article_88_76,Article_88,76,"Presently, increased deforestation might be attributed to a of factors including the total breakdown of the Al-Qaddafi regime in 2011 and the accompanying chaos and spread of weapons, the inability of subsequent governments to prevent forest clearance, the lack of housing projects, and the significant increase in land price.",0.9037309,The man made LULC changes had a crucial contribution to the increase of actual ET and SURQ mainly by the expansion of cropland in the Niger River and Lake Chad basins.,162
Article_59_76,Article_59,76,"Presently, increased deforestation might be attributed to a of factors including the total breakdown of the Al-Qaddafi regime in 2011 and the accompanying chaos and spread of weapons, the inability of subsequent governments to prevent forest clearance, the lack of housing projects, and the significant increase in land price.",0.9037309,The man made LULC changes had a crucial contribution to the increase of actual ET and SURQ mainly by the expansion of cropland in the Niger River and Lake Chad basins.,162
Article_58_53,Article_58,53,"Seasonal maps depicting spatial and temporal variations in drought severity for the CDB were produced (Figure | Area of Land Use-Land Cover Change and Persistence: In the CDB, areas of LULC persistence, i.e., unchanged, between 2000 to 2018 amounted to 88% (130,166 km 2 ).",0.90371454,The area of natural vegetation forest woodland and tree savanna that was considered degraded increased by 4.1% between the first and the second time periods i.e,230
Article_10_53,Article_10,53,"Seasonal maps depicting spatial and temporal variations in drought severity for the CDB were produced (Figure | Area of Land Use-Land Cover Change and Persistence: In the CDB, areas of LULC persistence, i.e., unchanged, between 2000 to 2018 amounted to 88% (130,166 km 2 ).",0.90371454,The area of natural vegetation forest woodland and tree savanna that was considered degraded increased by 4.1% between the first and the second time periods i.e,230
Article_21_21,Article_21,21,"| Results: | Analysis of LULC classification: In the Birr River watershed, five major LULC types (agricultural land, bushland, forest, grassland, and settlements) were used during the Similarly, in 2001 the majority of LULC classes were agriculture and Bushland, which covered an area of 849.90 km 2 (61.99%) and 326.35 km 2 (23.80%), respectively.",0.90369946,"In the period 1975-1990, 1.28 million ha (26%) of natural vegetation was converted to degraded [savanna] and farmland while 2.23 million ha (53%) of natural vegetation was converted to degraded [savanna] and farmland in the period 1990-2010",90
Article_18_56,Article_18,56,"The equivalent relationship between the different LULC classes, which examines the actual and expected losses under the random process of loss, is shown in Table In a nutshell, there has been a systematic conversion of the bare land class to the built-up class as well as a systematic degradation of the vegetation class to the bare land class in Blantyre city over the 24-year study period.",0.9036914,The area of natural vegetation forest woodland and tree savanna that was considered degraded increased by 4.1% between the first and the second time periods i.e,230
Article_70_2,Article_70,2,"Despite the country's designation of forest regions as protected areas to conserve their valuable resources, deforestation and forest conversion remained unabated.",0.90368956,Anthropogenic activities such as agricultural reclamation and overgrazing may be primary driver of these deepening desertification patterns in these regions . ,183
Article_102_107,Article_102,107,"| Shrub, grass and bare ground: Total shrub extent in CONUS was 1,760,134 km 2 in 2016 and the change rate varies between 0.52% to -0.82% during the mapping period (Fig.",0.9036711,A high increase occurred for farm fallow land rising from 0.022% of the protected area in 1984 to 12.59% in 2013 by which time it was the largest single cover class Fig.4,223
Article_106_77,Article_106,77,"| Relationships between flooding with land cover change, population growth, and road density: | Spatial pattern assessment: The results of the Moran's I index, derived from spatial correlation are presented in Table Hence, relative changes in flood areas can be inferred to have been associated with LCC, increase in population, and growth of road networks.",0.9036616,"Even though the geo-statistical analysis cannot prove a change in [urban] area, 62% of the experts stated that there was an increase in [urban] area (conversion of cropland to [urban], see also .",98
Article_47_85,Article_47,85,A gradual increase in LST is observed in the municipality and it may cause future risks to forest areas.,0.90363026,In contrast relative net gain in open water bodies was observed in the humid region during the period of 1975 2000 with a slight loss in 2000 2013. ,215
Article_94_8,Article_94,8,"• Dense forest and rubber plantation covers decreased, while oil palm and banana plantation covers increased, owing to local economics and increase in local and international palm oil demand.",0.9036302,Only a small percentage of people interviewed stated that overgrazing war and conflict inappropriate irrigation and the occurrence and spread of weeds and invader plants and bush encroachment could contribute to land degradation in the study area. ,212
Article_26_8,Article_26,8,"• Dense forest and rubber plantation covers decreased, while oil palm and banana plantation covers increased, owing to local economics and increase in local and international palm oil demand.",0.9036302,Only a small percentage of people interviewed stated that overgrazing war and conflict inappropriate irrigation and the occurrence and spread of weeds and invader plants and bush encroachment could contribute to land degradation in the study area. ,212
Article_85_39,Article_85,39,"In conclusion, the comprehensive understanding of LULCC dynamics in Uzbekistan, as presented in this review, contributes to a broader awareness of the intricate relationships between human activities and environmental change.",0.903626,The transhumance shed provides a useful geographic scale between the individual village territory and the regional agro pastoral belt that allows for a more accurate assessment of the relationship between herd mobility crop damage and conflict that reflects the environmental changes taking place across dryland West Africa. ,161
Article_77_13,Article_77,13,There was a similar decline of 15.19% in bamboo forest cover.,0.9036059,A high increase occurred for farm fallow land rising from 0.022% of the protected area in 1984 to 12.59% in 2013 by which time it was the largest single cover class Fig.4,223
Article_88_92,Article_88,92,Cutting forest trees is a negative phenomenon that can lead to stripping plenty of spaces of their natural vegetation cover.,0.90359694,Only a small percentage of people interviewed stated that overgrazing war and conflict inappropriate irrigation and the occurrence and spread of weeds and invader plants and bush encroachment could contribute to land degradation in the study area. ,212
Article_59_92,Article_59,92,Cutting forest trees is a negative phenomenon that can lead to stripping plenty of spaces of their natural vegetation cover.,0.90359694,Only a small percentage of people interviewed stated that overgrazing war and conflict inappropriate irrigation and the occurrence and spread of weeds and invader plants and bush encroachment could contribute to land degradation in the study area. ,212
Article_115_65,Article_115,65,"The methodologies presented in this study show how to combine satellite data with other ancillary data (DEM and population density in this study) that are varying in format, accuracy, and spatial resolution than remotely sensed images to understand the actual driving factors for structural changes of LULC in a given area.",0.9035661,The transhumance shed provides a useful geographic scale between the individual village territory and the regional agro pastoral belt that allows for a more accurate assessment of the relationship between herd mobility crop damage and conflict that reflects the environmental changes taking place across dryland West Africa. ,161
Article_111_43,Article_111,43,"The shrubland LULC classes also show a positive or negative impact on all hydrological components (Table | Conclusions: In this study, an attempt is made to assess the hydrological responses to LULC changes using the SWAT model and statistical analysis.",0.90356266,"Even though the geo-statistical analysis cannot prove a change in [urban] area, 62% of the experts stated that there was an increase in [urban] area (conversion of cropland to [urban], see also .",98
Article_50_633,Article_50,633,The state marketing board has the monopoly in buying and marketing of cocoa beans including exports which impeded CREMAs or farming communities from directly selling their produce to MNCs and traders.,0.90354687,From our knowledge the NTFPs extracted for export are in general collected by commercial enterprises outside the villages and price negotiations do not enter local markets. ,150
Article_10_72,Article_10,72,"For example, in CDB between 2000 and 2018, vegetation productivity declined in most forests, woodlands, croplands and grasslands.",0.90354586,In the surroundings of the cities in the north of Nigeria for example in 2000 patches of grassland and shrubland were still visible whereas in 2015 these were converted to cropland Figure,120
Article_58_72,Article_58,72,"For example, in CDB between 2000 and 2018, vegetation productivity declined in most forests, woodlands, croplands and grasslands.",0.90354586,In the surroundings of the cities in the north of Nigeria for example in 2000 patches of grassland and shrubland were still visible whereas in 2015 these were converted to cropland Figure,120
Article_31_30,Article_31,30,"The prediction results in 2041 show that built-up land will continue to increase in area along with increasing population and demand for land, therefore the results of this study are very useful and can be used as material and input in making policies related to spatial planning and use in the central area of Ambon City in the future.",0.9035383,"Even though the geo-statistical analysis cannot prove a change in [urban] area, 62% of the experts stated that there was an increase in [urban] area (conversion of cropland to [urban], see also .",98
Article_33_1150,Article_33,1150,"The table shows those that took place during the study period (Table Of the various different transitions of agricultural areas, the one to urban fabric (from category 0 in 2005 to category 2 in 2011) is the most important with a total of 751 pixels.",0.90352863,"Even though the geo-statistical analysis cannot prove a change in [urban] area, 62% of the experts stated that there was an increase in [urban] area (conversion of cropland to [urban], see also .",98
Article_76_53,Article_76,53,"The association between LST and spatial indices is initially determined using single and multiple linear regression analysis | Simulating LULC projections for the year 2032: Given the fact that LULC is spatially dynamic, their simulation necessitates the use of spatial techniques for guaranteeing long-term sustainability and addressing current and future development needs.",0.90351313,The transhumance shed provides a useful geographic scale between the individual village territory and the regional agro pastoral belt that allows for a more accurate assessment of the relationship between herd mobility crop damage and conflict that reflects the environmental changes taking place across dryland West Africa. ,161
Article_83_7,Article_83,7,"The analysis of the results showed that most of Egyptian Delta governorates have been significantly affected by the different classes of land use/land cover change due to agriculture activities, urban growth as a result of human activities dynamic impact.",0.9035034,The man made LULC changes had a crucial contribution to the increase of actual ET and SURQ mainly by the expansion of cropland in the Niger River and Lake Chad basins.,162
Article_104_167,Article_104,167,The findings of this study provided important information on the relative influences of how the watershed hydrological process in Finchaa catchment respond to the changes in land use/land cover and climate change.,0.9035033,The man made LULC changes had a crucial contribution to the increase of actual ET and SURQ mainly by the expansion of cropland in the Niger River and Lake Chad basins.,162
Article_33_1872,Article_33,1872,"It allows us to calculate: (a) the annual proportion of the study area that changes during each time interval and (b) the uniform annual proportion of the study area that changes over the entire time series, and the proportion of change that would have to be reallocated to different time intervals in order for change to be perfectly stable (R).",0.90349567,The average annual rate of change between two periods was computed by a slightly modified formula used by A2 A1 A1 100 T2 T1 where Average annual rate of change % A1 Amount of land cover type in time 1 T1 A2 Amount of land cover type in time 2 T2 .,176
Article_24_75,Article_24,75,"The co-factors Slope and Distance from River maps obtained from the Dem data are shown in Figure Each LU/LC category; the first step of the LCM includes rates of change, where land use change trends are evaluated in terms of losses and gains incurred.",0.9034922,"Even though the geo-statistical analysis cannot prove a change in [urban] area, 62% of the experts stated that there was an increase in [urban] area (conversion of cropland to [urban], see also .",98
Article_46_215,Article_46,215,"Some estimates of deforestation, particularly those from satellite data (e.g., | Re-clearing of fallows already under shifting cultivation: A third possible explanation for different deforestation rates and associated emissions is that the re-clearing of fallows under shifting cultivation may be attributed to deforestation.",0.9034808,estimate is thus a metric of deforestation occurring in landscapes where agriculture is the dominant direct driver of forest loss rather than only deforestation resulting in agricultural production per se . ,232
Article_59_100,Article_59,100,The high deforestation was generally a result of citizen exploitation of the weakness of the state's institutions post 2011 revolution in addition to the frequency of forest fires.,0.9034716,Only a small percentage of people interviewed stated that overgrazing war and conflict inappropriate irrigation and the occurrence and spread of weeds and invader plants and bush encroachment could contribute to land degradation in the study area. ,212
Article_88_100,Article_88,100,The high deforestation was generally a result of citizen exploitation of the weakness of the state's institutions post 2011 revolution in addition to the frequency of forest fires.,0.90347147,Only a small percentage of people interviewed stated that overgrazing war and conflict inappropriate irrigation and the occurrence and spread of weeds and invader plants and bush encroachment could contribute to land degradation in the study area. ,212
Article_22_63,Article_22,63,"An expansion was noted in forests by 13.67%, in built-up areas by 11.91%, and in water body areas by 0.82% during this 36-year period.",0.90344584,A high increase occurred for farm fallow land rising from 0.022% of the protected area in 1984 to 12.59% in 2013 by which time it was the largest single cover class Fig.4,223
Article_52_96,Article_52,96,"As a result, net forest loss area is highest for the tall forests strata (0.65 million km 2 , or 4.1% of the year 2000 forest area) (Table Intensive gross forest loss and gain in short and mediumheight forests of Asia are nearly balanced and resulted in a small net area gain (Figure Tall forests store the highest amount of carbon per unit of area Reference sample data are the best tool for attribution of forest change proximity drivers Using the reference sample data, we estimated that 39% (s.e.",0.90341955,The area of natural vegetation forest woodland and tree savanna that was considered degraded increased by 4.1% between the first and the second time periods i.e,230
Article_46_134,Article_46,134,"Use of these new and revised data increased the cumulative net emissions little: from 112 to 116 Pg C for the period from 1850 to 2015 (Table | Alternative interpretations of the conversion of forest to other land: As discussed above, the annual loss of forest area in many tropical countries exceeded the gain in agricultural lands and resulted in a gain in other land (2) shifting cultivation, including fallow; (3) degraded land; and (4) recovering forest.",0.9034162,"#text': 'After the droughts in the 1970s and 1980s, the observed loss of woody vegetation cover was often considered as irreversible [desertification] and large parts of the Sahel were designated as degraded land (e.g",0
Article_69_89,Article_69,89,Similar studies found that areas with good transport access experience a higher probability of LULC changes Coal mining induced surface subsidence and waterlogging in the late 1980s and continue today.,0.9033754,Field monitoring of matric potentials did not indicate downward flow at 10 m depth for the millet site this is consistent with the modeling results the transition from fallow to millet having occurred recently 5 years ago . ,186
Article_12_78,Article_12,78,"It is characterized by the encroachment of vegetated lands especially forest, grazing land and cultivation on steep slopes.",0.90336305,Only a small percentage of people interviewed stated that overgrazing war and conflict inappropriate irrigation and the occurrence and spread of weeds and invader plants and bush encroachment could contribute to land degradation in the study area. ,212
Article_108_51,Article_108,51,"Between 2006 and 2019, the rate of change in built-up area was 1.03 km 2 /yr; whereas, the rate of change in grass cover was -1.29 km 2 /yr.",0.90335155,"In the period 1975-1990, 1.28 million ha (26%) of natural vegetation was converted to degraded [savanna] and farmland while 2.23 million ha (53%) of natural vegetation was converted to degraded [savanna] and farmland in the period 1990-2010",90
Article_63_67,Article_63,67,Conservation and management of natural resources in the study area are not adequate to alleviate the problem of local land degradation.,0.90332824,Only a small percentage of people interviewed stated that overgrazing war and conflict inappropriate irrigation and the occurrence and spread of weeds and invader plants and bush encroachment could contribute to land degradation in the study area. ,212
Article_100_31,Article_100,31,This growth is mostly at the expanse of agriculture which contributes to about 57.6 percent to the total increase of fallow land during the study period.,0.90329105,A high increase occurred for farm fallow land rising from 0.022% of the protected area in 1984 to 12.59% in 2013 by which time it was the largest single cover class Fig.4,223
Article_41_40,Article_41,40,"Once the kappa index is acceptable, the LULC in 2025 will be predicted | RESULTS AND DISCUSSIONS: | Accuracy Assessment: Overall, OA for all classified images from three temporal periods | LULC Change Detection: This study compared three maps Human activities directly impact natural forests such as logging, agricultural expansion, or infrastructure, hydroelectricity and road development.",0.9032386,"Even though the geo-statistical analysis cannot prove a change in [urban] area, 62% of the experts stated that there was an increase in [urban] area (conversion of cropland to [urban], see also .",98
Article_21_2,Article_21,2,"The primary driving forces of LULC changes in developing countries are population pressure, demand for firewood collection and construction material, shortage of cultivated land, land tenure insecurity, and deforestation.",0.90322894,Perhaps the most relevant aspect of the relationships between climate change and peasant agriculture is the realization that many small farmers cope with and even prepare for climate change minimizing crop failure through increased use of drought tolerant local varieties water harvesting mixed cropping agroforestry soil conservation practices and a series of other traditional techniques .,203
Article_8_37,Article_8,37,"It consisted primarily of a decrease in forest cover which mostly converted into coal-mine lands, urban development, and growth in pastureland.",0.90320444,During this time the land required for [agriculture] increased significantly so that large areas of natural bushland were deforested for [cultivation] purposes,81
Article_92_71,Article_92,71,"The most common land cover type in the study area in 2009 was forest (39.9%, or 249.23 km 2 , Fig.",0.90317523,A high increase occurred for farm fallow land rising from 0.022% of the protected area in 1984 to 12.59% in 2013 by which time it was the largest single cover class Fig.4,223
Article_21_20,Article_21,20,"Then, each classified LULC map from | Trends of LULC change analysis: The significance of LULC change trend analysis is that determines which land use class or type is transitioning to other land uses | Rate of change: where A2 is the area of LULC (km 2 ) in period 2, A1 is the area of LULC (km 2 ) in period 1, and Z is the period interval in years between A2 and A1.",0.9031723,The average annual rate of change between two periods was computed by a slightly modified formula used by A2 A1 A1 100 T2 T1 where Average annual rate of change % A1 Amount of land cover type in time 1 T1 A2 Amount of land cover type in time 2 T2 .,176
Article_2_16,Article_2,16,"These impacts are divided into three main categories: displacement and loss of housing, loss of livelihoods, and environmental pollution thus degradation with | Methodology: | Research area: Vietnam is the centre of Southeast Asia and is located on the eastern edge of the Indo-Chinese peninsula.",0.9031721,The transhumance shed provides a useful geographic scale between the individual village territory and the regional agro pastoral belt that allows for a more accurate assessment of the relationship between herd mobility crop damage and conflict that reflects the environmental changes taking place across dryland West Africa. ,161
Article_50_345,Article_50,345,"Then, understanding climate vulnerability in their agricultural systems based on scientific data but also listening to their experience will set the pathway to identify climatesmart agriculture (CSA) options (practices and technologies) to reduce such vulnerability.",0.90316844,Perhaps the most relevant aspect of the relationships between climate change and peasant agriculture is the realization that many small farmers cope with and even prepare for climate change minimizing crop failure through increased use of drought tolerant local varieties water harvesting mixed cropping agroforestry soil conservation practices and a series of other traditional techniques .,203
Article_50_159,Article_50,159,"Trends indicate that rural-to-urban migration will continue and accelerate in developing countries increasing environmental pressure in spite of measures to mitigate some of the impacts (e.g., by preserving or enhancing natural systems within cities, for example, lakes or natural and urban green infrastructures (UNEP 2019).",0.9031284,"However, conflicting hypotheses have been reported: on the one hand an expansion (into native [savanna]) and intensification (fertilizer) of cropland [cultivation], and on the other hand [agricultural land] abandonment, caused by, e.g., the civil war in Sudan may both contribute to the observed positive trends",83
Article_76_90,Article_76,90,"| Conclusions and recommendations: This study leverages multi-temporal remote sensing data to track historical and predict future patterns of land use/cover changes, LST, and the association between them in a mid-country city that is a part of the China-Pakistan Economic Corridor (CPEC) under the One Road One Built project.",0.90311486,The transhumance shed provides a useful geographic scale between the individual village territory and the regional agro pastoral belt that allows for a more accurate assessment of the relationship between herd mobility crop damage and conflict that reflects the environmental changes taking place across dryland West Africa. ,161
Article_19_74,Article_19,74,"Between 1985 and 2017, 38% of the Brazilian territory was modified by cattle ranching and agriculture activities, as well as infrastructure development, changing native forest and non-forest formations, indistinctly in all six biomes.",0.9031121,The man made LULC changes had a crucial contribution to the increase of actual ET and SURQ mainly by the expansion of cropland in the Niger River and Lake Chad basins.,162
Article_71_102,Article_71,102,"A similar situation is observed almost everywhere in sub-Saharan Africa, where lack of infrastructure is a major problem for water accessibility, especially in peri-urban and rural areas The spatial distribution of surveyed water points using GIS shows that water sources vary in the five watersheds.",0.90308464,"Even though the geo-statistical analysis cannot prove a change in [urban] area, 62% of the experts stated that there was an increase in [urban] area (conversion of cropland to [urban], see also .",98
Article_11_35,Article_11,35,"In light of this, we examine the case of Surat and Bharuch cities to understand the changes in the spatial characteristics of the city's urban landscape and if and how those changes have influenced the land surface temperature in both the cities.",0.9030743,The transhumance shed provides a useful geographic scale between the individual village territory and the regional agro pastoral belt that allows for a more accurate assessment of the relationship between herd mobility crop damage and conflict that reflects the environmental changes taking place across dryland West Africa. ,161
Article_79_53,Article_79,53,"Combining LULC maps with local perceptions of LULC changes enables enhanced interpre- Note: The bold and italicized entries along the diagonal represent the LULC areal coverages that remained unchanged between 1980 and 2020. tation of the land use information, which can help the government to develop a spatial plan that considers socio-economic and ecological circumstances and engages local people in decision-making.",0.9030523,"Even though the geo-statistical analysis cannot prove a change in [urban] area, 62% of the experts stated that there was an increase in [urban] area (conversion of cropland to [urban], see also .",98
Article_118_68,Article_118,68,"To mitigate the rapid rates of LULC conversions at watershed, the application of integrated watershed management strategies, managing the rapid population growth, afforestation of degraded or deforested areas, and reducing the dependency of locals on forest products is critically important.",0.9030474,Anthropogenic activities such as agricultural reclamation and overgrazing may be primary driver of these deepening desertification patterns in these regions . ,183
Article_118_70,Article_118,70,"To mitigate the rapid rates of LULC conversions at watershed, the application of integrated watershed management strategies, managing the rapid population growth, afforestation of degraded or deforested areas, and reducing the dependency of locals on forest products is critically important.",0.9030474,Anthropogenic activities such as agricultural reclamation and overgrazing may be primary driver of these deepening desertification patterns in these regions . ,183
Article_38_68,Article_38,68,"To mitigate the rapid rates of LULC conversions at watershed, the application of integrated watershed management strategies, managing the rapid population growth, afforestation of degraded or deforested areas, and reducing the dependency of locals on forest products is critically important.",0.9030474,Anthropogenic activities such as agricultural reclamation and overgrazing may be primary driver of these deepening desertification patterns in these regions . ,183
Article_38_70,Article_38,70,"To mitigate the rapid rates of LULC conversions at watershed, the application of integrated watershed management strategies, managing the rapid population growth, afforestation of degraded or deforested areas, and reducing the dependency of locals on forest products is critically important.",0.9030474,Anthropogenic activities such as agricultural reclamation and overgrazing may be primary driver of these deepening desertification patterns in these regions . ,183
Article_116_42,Article_116,42,"Between 1985 and 2020, the continuous expansion of land for construction notably encroached upon surrounding farmland, resulting in the conversion of certain ecological land, including forests and grasslands, into construction areas.",0.9030308,During this time the land required for [agriculture] increased significantly so that large areas of natural bushland were deforested for [cultivation] purposes,81
Article_28_90,Article_28,90,"In contrast, the agricultural area increased over the years from 8.81% to 26.81%.",0.90300673,A high increase occurred for farm fallow land rising from 0.022% of the protected area in 1984 to 12.59% in 2013 by which time it was the largest single cover class Fig.4,223
Article_36_54,Article_36,54,"Seasonal responses to land use change have been identified in some other studies (e.g., In both sub-basins, small differences are observed in the early years of the study period, while more pronounced seasonal patterns are generated with the increase of the magnitude of land use changes towards the end of the simulation period.",0.902992,In contrast relative net gain in open water bodies was observed in the humid region during the period of 1975 2000 with a slight loss in 2000 2013. ,215
Article_79_64,Article_79,64,This local attention to land use and land cover changes including infrastructure development can provide valuable input for government strategies to execute a suitable spatial plan for the watershed.,0.9029912,The transhumance shed provides a useful geographic scale between the individual village territory and the regional agro pastoral belt that allows for a more accurate assessment of the relationship between herd mobility crop damage and conflict that reflects the environmental changes taking place across dryland West Africa. ,161
Article_28_17,Article_28,17,"Overall, LU/LC significantly affected the hydrological condition of the watershed.",0.9029909,The man made LULC changes had a crucial contribution to the increase of actual ET and SURQ mainly by the expansion of cropland in the Niger River and Lake Chad basins.,162
Article_84_52,Article_84,52,We observed that there were changes in land use/cover in Buzi sub-catchment from 2009 to 2017 with major changes related to human dominated activities such as settlements and croplands with decreases in grasslands.,0.9029734,The man made LULC changes had a crucial contribution to the increase of actual ET and SURQ mainly by the expansion of cropland in the Niger River and Lake Chad basins.,162
Article_36_31,Article_36,31,"The same method was used in similar studies (e.g., | Results and discussion: | LULC change analysis: In the year 1990, the upper part of the Anzali wetland catchment is dominated by forest (45.8%), followed by agricultural land (40.8%) in the middle and lower part.",0.902967,"#text': 'After the droughts in the 1970s and 1980s, the observed loss of woody vegetation cover was often considered as irreversible [desertification] and large parts of the Sahel were designated as degraded land (e.g",0
Article_49_7,Article_49,7,The primary transfer trend was construction land encroaching on farmland due to the acceleration of the urbanization process and policy intervention.,0.9029645,The man made LULC changes had a crucial contribution to the increase of actual ET and SURQ mainly by the expansion of cropland in the Niger River and Lake Chad basins.,162
Article_33_2148,Article_33,2148,Agricultural areas (Category 1 after reclassification) and vegetation areas (Category 2) are made up of a larger number of patches in the simulation than in the reference map (Table These trends may indicate that the changes simulated as transitions to urban fabric and to industrial and commercial areas have made these classes more compact (patches that were not previously connected have now become connected with the simulated changes).,0.90296423,"Even though the geo-statistical analysis cannot prove a change in [urban] area, 62% of the experts stated that there was an increase in [urban] area (conversion of cropland to [urban], see also .",98
Article_49_8,Article_49,8,"(2) The results of the LULC simulation in the NLB in 2035 showed that the BAU had a continuous trend of change for nearly 20 years; Under the ED, the intensity of construction land encroachment on farmland was accelerating; Under the EC, an apparent increase in the proportion of ecological land could be seen, and the contradiction between construction land and farmland had eased, which was expected to be more in line with the policy and planning objectives.",0.9029517,"Even though the geo-statistical analysis cannot prove a change in [urban] area, 62% of the experts stated that there was an increase in [urban] area (conversion of cropland to [urban], see also .",98
Article_22_98,Article_22,98,The predicted LULC map of the study area for 2040 shows that the entire coastline except for the conserved areas will be opened to settlement through tourism.,0.90294033,The man made LULC changes had a crucial contribution to the increase of actual ET and SURQ mainly by the expansion of cropland in the Niger River and Lake Chad basins.,162
Article_48_49,Article_48,49,Results of the study showed considerable change in the land covers in which settlement or built-up had an average yearly increment over the 27years (from 1991 to 2018).,0.9029266,"Even though the geo-statistical analysis cannot prove a change in [urban] area, 62% of the experts stated that there was an increase in [urban] area (conversion of cropland to [urban], see also .",98
Article_94_32,Article_94,32,"In the GES, decreasing deforestation and degradation with increasing productivity and implementation of payment for ecosystem service schemes is envisaged In this study, we identified 8 socio-economic drivers of LULCC specific to Cameroon, including population growth, agricultural and cropland expansion, biomass energy (fuelwood and charcoal) exploitation, livestock grazing, commercial logging/timber exploitation (legal and illegal), bushfires (human-set fire), infrastructural development, and mining expansion.",0.90290946,Only a small percentage of people interviewed stated that overgrazing war and conflict inappropriate irrigation and the occurrence and spread of weeds and invader plants and bush encroachment could contribute to land degradation in the study area. ,212
Article_26_32,Article_26,32,"In the GES, decreasing deforestation and degradation with increasing productivity and implementation of payment for ecosystem service schemes is envisaged In this study, we identified 8 socio-economic drivers of LULCC specific to Cameroon, including population growth, agricultural and cropland expansion, biomass energy (fuelwood and charcoal) exploitation, livestock grazing, commercial logging/timber exploitation (legal and illegal), bushfires (human-set fire), infrastructural development, and mining expansion.",0.90290946,Only a small percentage of people interviewed stated that overgrazing war and conflict inappropriate irrigation and the occurrence and spread of weeds and invader plants and bush encroachment could contribute to land degradation in the study area. ,212
Article_50_487,Article_50,487,"Enforcement of these regulations, among other approaches is credited with encouraging the large-scale reduction in deforestation and associated carbon emissions after 2004 Many OECD countries have strong legal frameworks that influence agricultural and forest management on both public and private land.",0.90287584,Perhaps the most relevant aspect of the relationships between climate change and peasant agriculture is the realization that many small farmers cope with and even prepare for climate change minimizing crop failure through increased use of drought tolerant local varieties water harvesting mixed cropping agroforestry soil conservation practices and a series of other traditional techniques .,203
Article_54_2,Article_54,2,"The present study covered the Central Rift Valley lakes basin in Ethiopia, focusing on the valley floor and the East and West escarpments, to analyze changes in LULC and to estimate associated losses in ecosystem service values (ESVs).",0.9028644,The man made LULC changes had a crucial contribution to the increase of actual ET and SURQ mainly by the expansion of cropland in the Niger River and Lake Chad basins.,162
Article_58_77,Article_58,77,This is because these land transitions drive the removal of vegetation cover and contribute to land degradation processes.,0.9028603,Anthropogenic activities such as agricultural reclamation and overgrazing may be primary driver of these deepening desertification patterns in these regions . ,183
Article_10_77,Article_10,77,This is because these land transitions drive the removal of vegetation cover and contribute to land degradation processes.,0.9028602,Anthropogenic activities such as agricultural reclamation and overgrazing may be primary driver of these deepening desertification patterns in these regions . ,183
Article_24_111,Article_24,111,"Our study does not currently include estimates of the impact of land change on climate change, but as | Suggestions: Based on the results, ongoing planning criteria need to be reconsidered to prevent loss of farmland and other vegetation.",0.902832,"Even though the geo-statistical analysis cannot prove a change in [urban] area, 62% of the experts stated that there was an increase in [urban] area (conversion of cropland to [urban], see also .",98
Article_23_75,Article_23,75,"The study's findings give a complete knowledge of the causes of growing LST, which are mostly related to increased urbanization and, as a result, the spread of agricultural land encroachment.",0.90282357,"However, conflicting hypotheses have been reported: on the one hand an expansion (into native [savanna]) and intensification (fertilizer) of cropland [cultivation], and on the other hand [agricultural land] abandonment, caused by, e.g., the civil war in Sudan may both contribute to the observed positive trends",83
Article_75_17,Article_75,17,"Thus, the changes in land cover in this region can affect both the quantity and quality of water, as well as wind and water erosion severity in the HRB.",0.9028205,The man made LULC changes had a crucial contribution to the increase of actual ET and SURQ mainly by the expansion of cropland in the Niger River and Lake Chad basins.,162
Article_14_145,Article_14,145,"When the 1 km buffer perimeter of the power plant was examined, it was determined that the LULC change followed a distinct trend, with artificial surfaces increasing greatly (113.94%), while the regions covered by forests and barren lands fell dramatically As a result of this analysis, it was determined that in the last 4 years, built-up areas in the close vicinity of the Akkuyu NPP construction had increased, the forest areas had been severely damaged, the sea areas had been filled to a certain extent, and the agricultural lands had not been significantly affected.",0.90281606,"#text': 'After the droughts in the 1970s and 1980s, the observed loss of woody vegetation cover was often considered as irreversible [desertification] and large parts of the Sahel were designated as degraded land (e.g",0
Article_15_48,Article_15,48,"Assuming that these probabilities | Results and discussion: | Classification accuracy: Model validation is an important precondition for studies that attempt to predict LULC changes | Analysis of land use and land cover types: LULC analysis allows us to understand biophysical changes such as: loss of productive ecosystems/biodiversity, deterioration of environmental quality, loss of forest and agricultural lands what are important information for planning sustainable cities Our study applied latest remote sensing and GIS techniques to quantify LULC in Thimphu city.",0.90281457,"Even though the geo-statistical analysis cannot prove a change in [urban] area, 62% of the experts stated that there was an increase in [urban] area (conversion of cropland to [urban], see also .",98
Article_1_48,Article_1,48,"Assuming that these probabilities | Results and discussion: | Classification accuracy: Model validation is an important precondition for studies that attempt to predict LULC changes | Analysis of land use and land cover types: LULC analysis allows us to understand biophysical changes such as: loss of productive ecosystems/biodiversity, deterioration of environmental quality, loss of forest and agricultural lands what are important information for planning sustainable cities Our study applied latest remote sensing and GIS techniques to quantify LULC in Thimphu city.",0.90281457,"Even though the geo-statistical analysis cannot prove a change in [urban] area, 62% of the experts stated that there was an increase in [urban] area (conversion of cropland to [urban], see also .",98
Article_58_87,Article_58,87,The results highlight the usefulness of incorporating land use-land cover and change in assessing the spatio-temporal variability of drought severity in drylands.,0.90280193,The transhumance shed provides a useful geographic scale between the individual village territory and the regional agro pastoral belt that allows for a more accurate assessment of the relationship between herd mobility crop damage and conflict that reflects the environmental changes taking place across dryland West Africa. ,161
Article_10_87,Article_10,87,The results highlight the usefulness of incorporating land use-land cover and change in assessing the spatio-temporal variability of drought severity in drylands.,0.9028019,The transhumance shed provides a useful geographic scale between the individual village territory and the regional agro pastoral belt that allows for a more accurate assessment of the relationship between herd mobility crop damage and conflict that reflects the environmental changes taking place across dryland West Africa. ,161
Article_33_1152,Article_33,1152,This change in pixels (Table Most of the change in our area was between agricultural and vegetation areas and vice versa and from agricultural and vegetation areas to artificial surfaces.,0.90278655,The area of natural vegetation forest woodland and tree savanna that was considered degraded increased by 4.1% between the first and the second time periods i.e,230
Article_70_10,Article_70,10,"Furthermore, NDVI provided a better and more accurate forest cover assessment than SAVI and was recommended to aid in the quick evaluation and monitoring of the future impacts of agriculture, settlement, and other sorts of land use on the forest cover.",0.90275776,The transhumance shed provides a useful geographic scale between the individual village territory and the regional agro pastoral belt that allows for a more accurate assessment of the relationship between herd mobility crop damage and conflict that reflects the environmental changes taking place across dryland West Africa. ,161
Article_14_146,Article_14,146,The figures and tables provided throughout the study show how the LULC classes have evolved on the construction site and in the region.,0.90275484,The transhumance shed provides a useful geographic scale between the individual village territory and the regional agro pastoral belt that allows for a more accurate assessment of the relationship between herd mobility crop damage and conflict that reflects the environmental changes taking place across dryland West Africa. ,161
Article_95_161,Article_95,161,"In the Finchaa catchment, not only the coverage but also the qualities of the forest compositions (especially indigenous plants) were diminished.",0.9027169,The man made LULC changes had a crucial contribution to the increase of actual ET and SURQ mainly by the expansion of cropland in the Niger River and Lake Chad basins.,162
Article_63_65,Article_63,65,)e study also indicated that socio-economic factors mainly population pressure and the establishment of resettlement programs were major driving forces in land use/cover change.,0.90267956,Anthropogenic activities such as agricultural reclamation and overgrazing may be primary driver of these deepening desertification patterns in these regions . ,183
Article_87_30,Article_87,30,"This interplay of socio-economic and environmental factors contributes to relative stability in grassland area extent, forestalling any drastic reductions.",0.902677,The transhumance shed provides a useful geographic scale between the individual village territory and the regional agro pastoral belt that allows for a more accurate assessment of the relationship between herd mobility crop damage and conflict that reflects the environmental changes taking place across dryland West Africa. ,161
Article_40_30,Article_40,30,"This interplay of socio-economic and environmental factors contributes to relative stability in grassland area extent, forestalling any drastic reductions.",0.902677,The transhumance shed provides a useful geographic scale between the individual village territory and the regional agro pastoral belt that allows for a more accurate assessment of the relationship between herd mobility crop damage and conflict that reflects the environmental changes taking place across dryland West Africa. ,161
Article_46_91,Article_46,91,"Actually, it is a potential problem even if the area of other land does not change.",0.90266234,"Even though the geo-statistical analysis cannot prove a change in [urban] area, 62% of the experts stated that there was an increase in [urban] area (conversion of cropland to [urban], see also .",98
Article_47_83,Article_47,83,"The vegetation cover is directly influenced by the soil-water regime; years of higher rainfall result in a lower percentage of suppression of the native forest in the municipality of Petrolina, Pernambuco (Brazil).",0.902652,The man made LULC changes had a crucial contribution to the increase of actual ET and SURQ mainly by the expansion of cropland in the Niger River and Lake Chad basins.,162
Article_114_3,Article_114,3,"Studying land use and land cover change makes it possible to understand the land's alterations associated with deforestation, degradation, erosion, soil desertification, and biodiversity loss.",0.9026369,estimate is thus a metric of deforestation occurring in landscapes where agriculture is the dominant direct driver of forest loss rather than only deforestation resulting in agricultural production per se . ,232
Article_91_6,Article_91,6,"In fact, for the period 2019-2050, LCM simulated a significant decrease in both forest and shrubs (around -70% and -20%, respectively), in favor of more areas covered by grass (19%) and built-up (20%).",0.90263027,The area of natural vegetation forest woodland and tree savanna that was considered degraded increased by 4.1% between the first and the second time periods i.e,230
Article_34_60,Article_34,60,"Relative richness (R) R = s s max + 100 where s = number of habitats observed and P k , = the proportion of the landscape in habitat k. | Results: | Land Cover Change between 2007 and 2012: From 2007 to 2012, the total LULC types expanded by 12.16 ha and about the same area was lost in the state of New Jersey (Figure Contributions to the net gain by mixed-forest cover was from three classes (Figure Three maps were generated from our analyses showing the generalized trends of classes with the most changes from 2007 to 2012.",0.9026235,A high increase occurred for farm fallow land rising from 0.022% of the protected area in 1984 to 12.59% in 2013 by which time it was the largest single cover class Fig.4,223
Article_114_11,Article_114,11,"In these studies, various areas are analyzed; some focus on the relationship between LULC and climate change and its effects on the environment The constant growth of published information in the form of academic texts requires knowledge of the tools to measure the performance of the literature Over time, various studies on land cover and land use change in tropical regions have taken place, but only a few show this area's growth through bibliometric analyses.",0.90261734,"Even though the geo-statistical analysis cannot prove a change in [urban] area, 62% of the experts stated that there was an increase in [urban] area (conversion of cropland to [urban], see also .",98
Article_63_54,Article_63,54,")e change in LULC significantly alters the hydrological fluxes such as runoff response, availability of water resources, and the environment on a local and global scale )e Scientific World Journal cultivation, could reduce the infiltration rate and percolation of rainwater to recharge streams, springs, and underground water.",0.9025991,The man made LULC changes had a crucial contribution to the increase of actual ET and SURQ mainly by the expansion of cropland in the Niger River and Lake Chad basins.,162
Article_51_72,Article_51,72,"Thus, some specific measures can be adopted in urban areas, creating legal instruments that guarantee permeability rates between 20% and 30% of the total land area when it exceeds 300 m 2 of area; to build temporary rainwater storage tanks; deploy gardens along sidewalks; to implant sidewalks and gutters with drainage floors In urban areas, measures such as the green roof | Conclusions: In general, surface runoff potential charts produced for RCW show significant influence of total annual rainfall in both considered years, evidencing the importance of climate change, either globally or regionally.",0.90257466,"Even though the geo-statistical analysis cannot prove a change in [urban] area, 62% of the experts stated that there was an increase in [urban] area (conversion of cropland to [urban], see also .",98
Article_50_314,Article_50,314,"Recent reviews generally identify the same measures as those outlined in the SRCCL, with the addition of early life manipulation of the ruminal biome Approaches differ regionally, with more focus on direct, technical options in Developed Countries, and improved efficiency in developing countries | Box 7.3 (continued): | Lessons: Successful examples of how more complex agroforestry can be upscaled do exist in Brazil.",0.9025534,Perhaps the most relevant aspect of the relationships between climate change and peasant agriculture is the realization that many small farmers cope with and even prepare for climate change minimizing crop failure through increased use of drought tolerant local varieties water harvesting mixed cropping agroforestry soil conservation practices and a series of other traditional techniques .,203
Article_9_21,Article_9,21,"On local scales, Note that the trends of forest cover and agriculture in northern Uganda are different from the national trend and those in other regions.",0.90254843,The transhumance shed provides a useful geographic scale between the individual village territory and the regional agro pastoral belt that allows for a more accurate assessment of the relationship between herd mobility crop damage and conflict that reflects the environmental changes taking place across dryland West Africa. ,161
Article_61_20,Article_61,20,"Whereas all of the area (100%) within 100 km of the current range was classified as suitable in 1700, less than half (48.6%) of it was classified as suitable by the year 2015.",0.9025311,A high increase occurred for farm fallow land rising from 0.022% of the protected area in 1984 to 12.59% in 2013 by which time it was the largest single cover class Fig.4,223
Article_64_33,Article_64,33,"We identify diverging processes of deforestation and agricultural expansion and demonstrate that the rate and extent of global land use change is responsive to socio-economic developments and disruptions such | Methods: We reconstructed LUC change dynamics for six LUC categories (urban, cropland, pasture/rangeland, forest, unmanaged grass/shrubland, sparse/no vegetation) based on multiple sources of observational data, from which country-scale change extents and mean fractional area were derived per 1 × 1 km grid cell from 1960 to 2019.",0.9025258,The transhumance shed provides a useful geographic scale between the individual village territory and the regional agro pastoral belt that allows for a more accurate assessment of the relationship between herd mobility crop damage and conflict that reflects the environmental changes taking place across dryland West Africa. ,161
Article_63_55,Article_63,55,"Overgrazing caused by the shrinking of grazing land causes compaction, which may lead to reduced infiltration rates.",0.902515,Only a small percentage of people interviewed stated that overgrazing war and conflict inappropriate irrigation and the occurrence and spread of weeds and invader plants and bush encroachment could contribute to land degradation in the study area. ,212
Article_63_63,Article_63,63,")e results indicated that dense vegetation land cover was among the most affected land cover with nearly 14.7 and 23.64% of its total area converted into other LULC types between the 1984 to 2000 and 2000 to 2017 periods, respectively.",0.9025103,A high increase occurred for farm fallow land rising from 0.022% of the protected area in 1984 to 12.59% in 2013 by which time it was the largest single cover class Fig.4,223
Article_69_73,Article_69,73,"Because of the increasing of agricultural irrigation and imperfect urban planning systems, waters decreased from 1987 to 2002.",0.9024833,The man made LULC changes had a crucial contribution to the increase of actual ET and SURQ mainly by the expansion of cropland in the Niger River and Lake Chad basins.,162
Article_83_3,Article_83,3,"A continuous increase in agricultural, urban, fish farms and natural vegetation areas and a continuous decrease in water bodies and sand areas were detected in the studied area.",0.9024829,The man made LULC changes had a crucial contribution to the increase of actual ET and SURQ mainly by the expansion of cropland in the Niger River and Lake Chad basins.,162
Article_89_10,Article_89,10,"Consequently, the land cover characteristic is changing for meeting the increased demand of population and replacing the vegetated area with impervious surfaces due to anthropogenic activities, and therefore, leading to climate changes inadvertently Geographic Information System (GIS) and Remote Sensing (RS) are widely used tools to investigate LULC changes and associated LST Some studies show that the temperature vegetation index (TVX) was constructed to investigate the influence of land changes over LST Rapid urbanization has been taking place in the major cities particularly in capital cities (e.g.",0.90245765,"Even though the geo-statistical analysis cannot prove a change in [urban] area, 62% of the experts stated that there was an increase in [urban] area (conversion of cropland to [urban], see also .",98
Article_12_11,Article_12,11,"Similarly, the increment in settlement areas has elevated from 908.7 ha (2.2 %) to 4436.46 ha (10.7 %) during the same period.",0.90245575,A high increase occurred for farm fallow land rising from 0.022% of the protected area in 1984 to 12.59% in 2013 by which time it was the largest single cover class Fig.4,223
Article_91_36,Article_91,36,"The watershed slope influences the spatial trends of land cover change, leading one to assume that changes in land use are highly influenced by the terrain slope: gains in urban land are primarily concentrated on relatively flat slopes and deforestation declines as the slope's gradient increases.",0.9024359,estimate is thus a metric of deforestation occurring in landscapes where agriculture is the dominant direct driver of forest loss rather than only deforestation resulting in agricultural production per se . ,232
Article_104_160,Article_104,160,"However, the surface runoff increases under land use/land cover changes, due to the highly expanding urbanization and intensive agriculture.",0.90242755,The man made LULC changes had a crucial contribution to the increase of actual ET and SURQ mainly by the expansion of cropland in the Niger River and Lake Chad basins.,162
Article_24_77,Article_24,77,"Tables Between the years 2000-2010 in Samsun, coastal filling areas were realized especially in Ilkadım district and thus an urban growth was experienced in the northern direction.",0.9024246,The man made LULC changes had a crucial contribution to the increase of actual ET and SURQ mainly by the expansion of cropland in the Niger River and Lake Chad basins.,162
Article_41_25,Article_41,25,This allowed us to comprehend the transitional trend and contribution between LULC classes over time.,0.9024169,The transhumance shed provides a useful geographic scale between the individual village territory and the regional agro pastoral belt that allows for a more accurate assessment of the relationship between herd mobility crop damage and conflict that reflects the environmental changes taking place across dryland West Africa. ,161
Article_95_140,Article_95,140,"Currently, landslides have become the common form of land degradation in Jima Geneti (upstream of Fincha Reservoir).",0.9023988,The man made LULC changes had a crucial contribution to the increase of actual ET and SURQ mainly by the expansion of cropland in the Niger River and Lake Chad basins.,162
Article_58_96,Article_58,96,Drought effects on vegetation productivity during the study period were characterised by decreasing vegetation trends in most parts of the district.,0.9023949,In contrast relative net gain in open water bodies was observed in the humid region during the period of 1975 2000 with a slight loss in 2000 2013. ,215
Article_10_96,Article_10,96,Drought effects on vegetation productivity during the study period were characterised by decreasing vegetation trends in most parts of the district.,0.9023949,In contrast relative net gain in open water bodies was observed in the humid region during the period of 1975 2000 with a slight loss in 2000 2013. ,215
Article_116_5,Article_116,5,"An ecological network analysis, which studies the changes in network connectivity and robustness, as well as their causes and contributors, was undertaken to probe into the features and trends of spatiotemporal changes in the land-use landscape pattern and ecological network amid expeditious urbanization.",0.9023898,The transhumance shed provides a useful geographic scale between the individual village territory and the regional agro pastoral belt that allows for a more accurate assessment of the relationship between herd mobility crop damage and conflict that reflects the environmental changes taking place across dryland West Africa. ,161
Article_12_58,Article_12,58,"The largest area of change matrix was observed from wetland to cultivated land, as compared to other land uses.",0.90236664,Within a distance of 300 km patterns of transitions approached those of the entire region and involve mostly savanna and agriculture the two largest land cover categories. ,169
Article_71_85,Article_71,85,"This means that as the PD of CL, ED of bare soil and residential and MPA of GL increase, the proportion of DF patches tends to decrease in the watersheds.",0.90234727,The man made LULC changes had a crucial contribution to the increase of actual ET and SURQ mainly by the expansion of cropland in the Niger River and Lake Chad basins.,162
Article_65_65,Article_65,65,"For instance, from visual assessment we found common confusion between areas with sparse vegetation and Grasslands (in some areas those are classified as Forest and in other as Grasslands).",0.9023384,In the surroundings of the cities in the north of Nigeria for example in 2000 patches of grassland and shrubland were still visible whereas in 2015 these were converted to cropland Figure,120
Article_102_4,Article_102,4,"Between 2001 and 2016, the CONUS landscape experienced significant change, with almost 8% of the landscape having experienced a land cover change at least once during this period.",0.90232533,A high increase occurred for farm fallow land rising from 0.022% of the protected area in 1984 to 12.59% in 2013 by which time it was the largest single cover class Fig.4,223
Article_33_1968,Article_33,1968,We can therefore conclude that this predictive map was reasonably successful at identifying the agricultural areas that were most likely to be converted to built-up over the period 2012-18.,0.9023027,"Even though the geo-statistical analysis cannot prove a change in [urban] area, 62% of the experts stated that there was an increase in [urban] area (conversion of cropland to [urban], see also .",98
Article_59_58,Article_59,58,"| LULC Change between 1985 and 2000: In 1985, the NMF class constituted the major type of LULC in the study area at 64.17% of the total area, followed by OR (20.62%), IR (7.44%), and UB (4.79%), whereas BLV only covered 3% and occupied the smallest area.",0.9023016,A high increase occurred for farm fallow land rising from 0.022% of the protected area in 1984 to 12.59% in 2013 by which time it was the largest single cover class Fig.4,223
Article_88_58,Article_88,58,"| LULC Change between 1985 and 2000: In 1985, the NMF class constituted the major type of LULC in the study area at 64.17% of the total area, followed by OR (20.62%), IR (7.44%), and UB (4.79%), whereas BLV only covered 3% and occupied the smallest area.",0.9023016,A high increase occurred for farm fallow land rising from 0.022% of the protected area in 1984 to 12.59% in 2013 by which time it was the largest single cover class Fig.4,223
Article_46_196,Article_46,196,"Another possible interpretation for FCO is that the loss of forest to other land might not be directly anthropogenic but, instead, the result of increasing droughts, fires, or storms (see | Gross emissions and removals: The greatest difference between shifting cultivation and the two other interpretations of tropical forest loss is the effect that they have on gross fluxes of carbon.",0.90229946,estimate is thus a metric of deforestation occurring in landscapes where agriculture is the dominant direct driver of forest loss rather than only deforestation resulting in agricultural production per se . ,232
Article_20_10,Article_20,10,Methods comprising the use of the CA and ANN algorithms can demonstrate useful findings in studying the short and long-term consequences of the LULC and LST change in this region.,0.90229475,The transhumance shed provides a useful geographic scale between the individual village territory and the regional agro pastoral belt that allows for a more accurate assessment of the relationship between herd mobility crop damage and conflict that reflects the environmental changes taking place across dryland West Africa. ,161
Article_44_10,Article_44,10,Methods comprising the use of the CA and ANN algorithms can demonstrate useful findings in studying the short and long-term consequences of the LULC and LST change in this region.,0.90229475,The transhumance shed provides a useful geographic scale between the individual village territory and the regional agro pastoral belt that allows for a more accurate assessment of the relationship between herd mobility crop damage and conflict that reflects the environmental changes taking place across dryland West Africa. ,161
Article_14_42,Article_14,42,"However, neither the APC nor the Turkish government indicates the amount of land surface that will be used for construction and be affected by the NPP.",0.90226966,"Even though the geo-statistical analysis cannot prove a change in [urban] area, 62% of the experts stated that there was an increase in [urban] area (conversion of cropland to [urban], see also .",98
Article_77_48,Article_77,48,The introduction of the first phase of Chepyuk settlement scheme in the region that was predominantly covered by bamboo could explain the major decline in bamboo during this period.,0.9022628,The man made LULC changes had a crucial contribution to the increase of actual ET and SURQ mainly by the expansion of cropland in the Niger River and Lake Chad basins.,162
Article_115_57,Article_115,57,"The area under barren land, waterbody, cropland, and forest revealed a declining trend from 2000 to 2019, with a net decrease of 3576.5, 1147.7, 749.5, and 357.2 ha, respectively.",0.9022504,"From 1984 to 2001, [tree] savannas, bare soils and agricultural lands increased by 17.55%, 18.79% and 21778.79%, respectively, while woodland, gallery [forest], [shrub] savannas and [[water] bodies] decreased by 22.02%, 5.03%, 40.08% and 31.2%, respectively",94
Article_50_501,Article_50,501,"The balance between the environment, community, and economy for the short term as well as future generations is an example of protecting the entire environment as the Menominee land is a non-fragmented remnant of the prehistoric Lake States forest which has been dramatically reduced all around the reserve | Voluntary Actions and Agreements: Forest certification programs, such as Forest Sustainability Council (FSC) or Programme for the Endorsement of Forest Certification (PEFC), are consumer driven, voluntary programmes that influence timber harvesting practices, and may reduce emissions from forest degradation with reduced impact logging and other approaches (medium confidence).",0.9022337,Perhaps the most relevant aspect of the relationships between climate change and peasant agriculture is the realization that many small farmers cope with and even prepare for climate change minimizing crop failure through increased use of drought tolerant local varieties water harvesting mixed cropping agroforestry soil conservation practices and a series of other traditional techniques .,203
Article_76_76,Article_76,76,"In 2022, however, the value jumped to 33°C (Figure | Exploring connections among LST, NDBI and NDVI: NDBI is used to identify the human settlements in land cover with few other essential features like roads, dams, canals, etc.",0.90221816,"Even though the geo-statistical analysis cannot prove a change in [urban] area, 62% of the experts stated that there was an increase in [urban] area (conversion of cropland to [urban], see also .",98
Article_22_45,Article_22,45,The dominant vegetation in the study region is dune vegetation and stone pine forests along the coasts and maquis and shrubs in the inland areas.,0.9022116,Thus farmland persists and increases each year at the expense of forest woodland and tree savanna . ,229
Article_44_73,Article_44,73,The participants suggested an effective policy measure while preparing the land use management plan (discussed in 4.9) to control water pollution for the increment of food productivity in the future.,0.9022105,"Even though the geo-statistical analysis cannot prove a change in [urban] area, 62% of the experts stated that there was an increase in [urban] area (conversion of cropland to [urban], see also .",98
Article_20_73,Article_20,73,The participants suggested an effective policy measure while preparing the land use management plan (discussed in 4.9) to control water pollution for the increment of food productivity in the future.,0.9022105,"Even though the geo-statistical analysis cannot prove a change in [urban] area, 62% of the experts stated that there was an increase in [urban] area (conversion of cropland to [urban], see also .",98
Article_36_49,Article_36,49,A possible reason for the increase in ET is the conversion of forest to irrigated paddy fields.,0.9022073,The man made LULC changes had a crucial contribution to the increase of actual ET and SURQ mainly by the expansion of cropland in the Niger River and Lake Chad basins.,162
Article_118_24,Article_118,24,"The study findings are utilized to provide empirical evidence on patterns and rates and identify major driving forces of LULC dynamics at watershed level, and improve policies in land use within the framework of sustainable land use planning in relation to future changes or development.",0.9021927,The transhumance shed provides a useful geographic scale between the individual village territory and the regional agro pastoral belt that allows for a more accurate assessment of the relationship between herd mobility crop damage and conflict that reflects the environmental changes taking place across dryland West Africa. ,161
Article_38_24,Article_38,24,"The study findings are utilized to provide empirical evidence on patterns and rates and identify major driving forces of LULC dynamics at watershed level, and improve policies in land use within the framework of sustainable land use planning in relation to future changes or development.",0.9021927,The transhumance shed provides a useful geographic scale between the individual village territory and the regional agro pastoral belt that allows for a more accurate assessment of the relationship between herd mobility crop damage and conflict that reflects the environmental changes taking place across dryland West Africa. ,161
Article_69_88,Article_69,88,"The areas surrounding the main roads had become active economic growth areas because of the convenient traffic conditions; moreover, the increase in distribution probability of residential area, township and other construction land led to a remarkable LULC change.",0.9021927,The man made LULC changes had a crucial contribution to the increase of actual ET and SURQ mainly by the expansion of cropland in the Niger River and Lake Chad basins.,162
Article_22_74,Article_22,74,"Within the period of 2021 and 2040, it is expected that built-up areas and forests will expand by 5.46% and 1.28%, whereas agricultural areas and barren areas will shrink by 4.21% and 2.56%, respectively.",0.9021827,"From 1984 to 2001, [tree] savannas, bare soils and agricultural lands increased by 17.55%, 18.79% and 21778.79%, respectively, while woodland, gallery [forest], [shrub] savannas and [[water] bodies] decreased by 22.02%, 5.03%, 40.08% and 31.2%, respectively",94
Article_110_57,Article_110,57,A composite analysis of LULC classes shows that there is has been a significant change in the two dams classified as water from 1986 to 2019.,0.90218264,"Even though the geo-statistical analysis cannot prove a change in [urban] area, 62% of the experts stated that there was an increase in [urban] area (conversion of cropland to [urban], see also .",98
Article_64_4,Article_64,4,"We also identify geographically diverging land use change processes, with afforestation and cropland abandonment in the Global North and deforestation and agricultural expansion in the South.",0.9021801,estimate is thus a metric of deforestation occurring in landscapes where agriculture is the dominant direct driver of forest loss rather than only deforestation resulting in agricultural production per se . ,232
Article_106_90,Article_106,90,"Flood incidents were more apparent in residential areas than in grasslands and barren land, because built-up areas hinder the infiltration of water and inhib it surface runoff.",0.902166,Only a small percentage of people interviewed stated that overgrazing war and conflict inappropriate irrigation and the occurrence and spread of weeds and invader plants and bush encroachment could contribute to land degradation in the study area. ,212
Article_79_18,Article_79,18,The household questionnaires consisted of various questions designed to get information on the perceptions of the local communities on LULC changes and the drivers in the Migori River watershed from 1980 to 2020.,0.9021586,The man made LULC changes had a crucial contribution to the increase of actual ET and SURQ mainly by the expansion of cropland in the Niger River and Lake Chad basins.,162
Article_108_45,Article_108,45,Most plantation/tree LULC classes have been found in the eastern (upper) parts of the catchment over the last four decades (Fig.,0.9021355,Within a distance of 300 km patterns of transitions approached those of the entire region and involve mostly savanna and agriculture the two largest land cover categories. ,169
Article_91_57,Article_91,57,"Indeed, if management strategies are not changed towards a more sustainable approach, also via proper reforms at the national level, an even more significant decrease in forest coverage should be expected in favor of new settlement areas and cropland.",0.9021286,"Even though the geo-statistical analysis cannot prove a change in [urban] area, 62% of the experts stated that there was an increase in [urban] area (conversion of cropland to [urban], see also .",98
Article_41_6,Article_41,6,The results revealed that the annual population growth together with social-economic development was regarded as major drives for land conversion in the area.,0.90210587,The man made LULC changes had a crucial contribution to the increase of actual ET and SURQ mainly by the expansion of cropland in the Niger River and Lake Chad basins.,162
Article_23_12,Article_23,12,This research is critical for Planning Engineers and environmental scientists to realize LULC variations effects on LST and to suggest suitable political steps to regulate urbanization in Sharqiyah Governorate.,0.902097,The man made LULC changes had a crucial contribution to the increase of actual ET and SURQ mainly by the expansion of cropland in the Niger River and Lake Chad basins.,162
Article_11_102,Article_11,102,"Urban expansion in Surat along the banks of the river on both the sides has greatly modified the hydrology by increasing the built-up areas, encroachment of constructions in the floodplains adjacent to the river and construction of new bridges which has reduced the capacity of the river and the open space for the floodwaters to spread out.",0.90207505,The man made LULC changes had a crucial contribution to the increase of actual ET and SURQ mainly by the expansion of cropland in the Niger River and Lake Chad basins.,162
Article_26_87,Article_26,87,Rubber plantations and lowland dense forest are extremely vulnerable to degradation based on the economics of changing commodity market prices.,0.9020487,The transhumance shed provides a useful geographic scale between the individual village territory and the regional agro pastoral belt that allows for a more accurate assessment of the relationship between herd mobility crop damage and conflict that reflects the environmental changes taking place across dryland West Africa. ,161
Article_94_87,Article_94,87,Rubber plantations and lowland dense forest are extremely vulnerable to degradation based on the economics of changing commodity market prices.,0.9020486,The transhumance shed provides a useful geographic scale between the individual village territory and the regional agro pastoral belt that allows for a more accurate assessment of the relationship between herd mobility crop damage and conflict that reflects the environmental changes taking place across dryland West Africa. ,161
Article_69_45,Article_69,45,"The construction land with DI ranging from 50 to 100 reached 593.24 km 2 , with the areal proportion increasing to 2.05%.",0.90204644,A high increase occurred for farm fallow land rising from 0.022% of the protected area in 1984 to 12.59% in 2013 by which time it was the largest single cover class Fig.4,223
Article_38_133,Article_38,133,The rapid and massive changes of LULC in the watershed may have serious environmental impacts.,0.9020423,The man made LULC changes had a crucial contribution to the increase of actual ET and SURQ mainly by the expansion of cropland in the Niger River and Lake Chad basins.,162
Article_118_133,Article_118,133,The rapid and massive changes of LULC in the watershed may have serious environmental impacts.,0.9020423,The man made LULC changes had a crucial contribution to the increase of actual ET and SURQ mainly by the expansion of cropland in the Niger River and Lake Chad basins.,162
Article_38_101,Article_38,101,The rapid and massive changes of LULC in the watershed may have serious environmental impacts.,0.9020423,The man made LULC changes had a crucial contribution to the increase of actual ET and SURQ mainly by the expansion of cropland in the Niger River and Lake Chad basins.,162
Article_118_101,Article_118,101,The rapid and massive changes of LULC in the watershed may have serious environmental impacts.,0.9020423,The man made LULC changes had a crucial contribution to the increase of actual ET and SURQ mainly by the expansion of cropland in the Niger River and Lake Chad basins.,162
Article_118_111,Article_118,111,"Additionally, most of the evacuated population during the construction of Nashe and Amerti projects were involved in converting the forest land to agriculture and settlement.",0.90199757,The man made LULC changes had a crucial contribution to the increase of actual ET and SURQ mainly by the expansion of cropland in the Niger River and Lake Chad basins.,162
Article_38_111,Article_38,111,"Additionally, most of the evacuated population during the construction of Nashe and Amerti projects were involved in converting the forest land to agriculture and settlement.",0.90199757,The man made LULC changes had a crucial contribution to the increase of actual ET and SURQ mainly by the expansion of cropland in the Niger River and Lake Chad basins.,162
Article_69_79,Article_69,79,"These change trends were similar to the findings of | Driving factors of LULC changes: Generally, LULC changes in Nansihu Lake basin were strongly influenced by natural environment and socio-economic factors.",0.90197176,The man made LULC changes had a crucial contribution to the increase of actual ET and SURQ mainly by the expansion of cropland in the Niger River and Lake Chad basins.,162
Article_20_107,Article_20,107,The inclusion of these study outputs in a regional level master/development plan will make Rajshahi District ecologically and environmentally sustainable and able to mitigate the possible impacts of climate change and global warming on agricultural productivity and food security in this region.,0.90196556,Perhaps the most relevant aspect of the relationships between climate change and peasant agriculture is the realization that many small farmers cope with and even prepare for climate change minimizing crop failure through increased use of drought tolerant local varieties water harvesting mixed cropping agroforestry soil conservation practices and a series of other traditional techniques .,203
Article_44_107,Article_44,107,The inclusion of these study outputs in a regional level master/development plan will make Rajshahi District ecologically and environmentally sustainable and able to mitigate the possible impacts of climate change and global warming on agricultural productivity and food security in this region.,0.90196556,Perhaps the most relevant aspect of the relationships between climate change and peasant agriculture is the realization that many small farmers cope with and even prepare for climate change minimizing crop failure through increased use of drought tolerant local varieties water harvesting mixed cropping agroforestry soil conservation practices and a series of other traditional techniques .,203
Article_50_555,Article_50,555,"Increased productivity with associated economic reward could incentivise and reward agricultural land expansion, or environmentally and socially damaging practices on existing and former agricultural land In conclusion, SI within agriculture is needed given the rising global population and the need to address multiple environmental and social externalities associated with agricultural activities.",0.901963,Perhaps the most relevant aspect of the relationships between climate change and peasant agriculture is the realization that many small farmers cope with and even prepare for climate change minimizing crop failure through increased use of drought tolerant local varieties water harvesting mixed cropping agroforestry soil conservation practices and a series of other traditional techniques .,203
Article_87_33,Article_87,33,"This approach provides a better representation of the spatial heterogeneity in LULC simulations, and facilitates more precise control over the allocation of LULC demand within each water basin.",0.9019597,The transhumance shed provides a useful geographic scale between the individual village territory and the regional agro pastoral belt that allows for a more accurate assessment of the relationship between herd mobility crop damage and conflict that reflects the environmental changes taking place across dryland West Africa. ,161
Article_40_33,Article_40,33,"This approach provides a better representation of the spatial heterogeneity in LULC simulations, and facilitates more precise control over the allocation of LULC demand within each water basin.",0.9019597,The transhumance shed provides a useful geographic scale between the individual village territory and the regional agro pastoral belt that allows for a more accurate assessment of the relationship between herd mobility crop damage and conflict that reflects the environmental changes taking place across dryland West Africa. ,161
Article_63_50,Article_63,50,)e thousands of homes in the Dedo watershed and its surroundings were also good indicators of the extent of the forest destruction.,0.901936,The man made LULC changes had a crucial contribution to the increase of actual ET and SURQ mainly by the expansion of cropland in the Niger River and Lake Chad basins.,162
Article_15_29,Article_15,29,"Discussions were also held to acquire information about urban expansion, evolution of land use, possible reasons for the observed changes and resident perception on socio-environmental resilience.",0.9019165,"Even though the geo-statistical analysis cannot prove a change in [urban] area, 62% of the experts stated that there was an increase in [urban] area (conversion of cropland to [urban], see also .",98
Article_1_29,Article_1,29,"Discussions were also held to acquire information about urban expansion, evolution of land use, possible reasons for the observed changes and resident perception on socio-environmental resilience.",0.9019165,"Even though the geo-statistical analysis cannot prove a change in [urban] area, 62% of the experts stated that there was an increase in [urban] area (conversion of cropland to [urban], see also .",98
Article_94_37,Article_94,37,"The structured questions were designed to explore expert stakeholder observations, perceptions, and future scenarios of either continuous resource degradation or improved resource governance, sustainable land use planning and green economy development based on the current activities and practices in the sub-region.",0.9019036,The transhumance shed provides a useful geographic scale between the individual village territory and the regional agro pastoral belt that allows for a more accurate assessment of the relationship between herd mobility crop damage and conflict that reflects the environmental changes taking place across dryland West Africa. ,161
Article_26_37,Article_26,37,"The structured questions were designed to explore expert stakeholder observations, perceptions, and future scenarios of either continuous resource degradation or improved resource governance, sustainable land use planning and green economy development based on the current activities and practices in the sub-region.",0.9019036,The transhumance shed provides a useful geographic scale between the individual village territory and the regional agro pastoral belt that allows for a more accurate assessment of the relationship between herd mobility crop damage and conflict that reflects the environmental changes taking place across dryland West Africa. ,161
Article_36_37,Article_36,37,Most of the lost forest area was converted to agriculture (91%) and about 9% was converted to grassland.,0.9019003,"In the period 1975-1990, 1.28 million ha (26%) of natural vegetation was converted to degraded [savanna] and farmland while 2.23 million ha (53%) of natural vegetation was converted to degraded [savanna] and farmland in the period 1990-2010",90
Article_1_51,Article_1,51,"The resultant improvement in basic facilities combined with creation of additional jobs further attracted more immigration from rural areas and lesser developed cities, causing a boom in real estate and informal settlements and triggering significant changes in land uses.",0.9018917,The increase in urban jobs accelerated urban population growth and by pulling rural people off of the land it should have discouraged agricultural expansion so in theory the booms would have had an overall forest preserving effect. ,160
Article_15_51,Article_15,51,"The resultant improvement in basic facilities combined with creation of additional jobs further attracted more immigration from rural areas and lesser developed cities, causing a boom in real estate and informal settlements and triggering significant changes in land uses.",0.9018917,The increase in urban jobs accelerated urban population growth and by pulling rural people off of the land it should have discouraged agricultural expansion so in theory the booms would have had an overall forest preserving effect. ,160
Article_79_59,Article_79,59,| Household-level logistic regression of perceived drivers of land use and land cover changes: Logistic regression analysis was carried out to determine the drivers of LULC changes at the household level in the Migori River watershed (Table | Conclusions and recommendations: The study established that the major land use in the watershed during the period under review is cultivated land with an average of 61.44% overall coverage of the total land area during the entire period hence the livelihoods of the watershed inhabitants have been historically agriculture-dependent.,0.90185463,The transhumance shed provides a useful geographic scale between the individual village territory and the regional agro pastoral belt that allows for a more accurate assessment of the relationship between herd mobility crop damage and conflict that reflects the environmental changes taking place across dryland West Africa. ,161
Article_50_597,Article_50,597,"Population growth, economic development, urbanisation, technology, climate change, global trade and consumption, policy and governance are key drivers of global environmental change over recent decades The increasing trend in aquaculture production especially in South and South-East Asia through intensive methods affects existing food production and ecosystems by diverting rice fields or mangroves Currently, land degradation is estimated to have reduced productivity in 23% of the global terrestrial area, and between USD235 billion and USD577 billion in annual global crop output is at risk because of pollinator loss (IPBES 2019a).",0.9018411,Perhaps the most relevant aspect of the relationships between climate change and peasant agriculture is the realization that many small farmers cope with and even prepare for climate change minimizing crop failure through increased use of drought tolerant local varieties water harvesting mixed cropping agroforestry soil conservation practices and a series of other traditional techniques .,203
Article_95_100,Article_95,100,"The increased resettlement on unproductive lands coupled with the relative depreciation of agricultural land made it difficult for inhabitants to remain, forcing them to move.",0.90184,During this time the land required for [agriculture] increased significantly so that large areas of natural bushland were deforested for [cultivation] purposes,81
Article_16_52,Article_16,52,The majority of the watershed's land was used for agriculture in 2019 (59.36 %).,0.9018336,A high increase occurred for farm fallow land rising from 0.022% of the protected area in 1984 to 12.59% in 2013 by which time it was the largest single cover class Fig.4,223
Article_92_97,Article_92,97,It is likely that land cover changes which did not substantially shift the spectral signature of an area were missed by this approach.,0.9018276,"Even though the geo-statistical analysis cannot prove a change in [urban] area, 62% of the experts stated that there was an increase in [urban] area (conversion of cropland to [urban], see also .",98
Article_13_10,Article_13,10,"However, the effects of urbanization have been experiential in numerous ways such as runoff changes and drought, recharge of groundwater, scarcity of water due to increasing demand and others Climate change is one of the recent key hydrological research problems A detailed understanding of groundwater inputs and outputs is required to guide water management choices for future planning and policy.",0.90181845,Perhaps the most relevant aspect of the relationships between climate change and peasant agriculture is the realization that many small farmers cope with and even prepare for climate change minimizing crop failure through increased use of drought tolerant local varieties water harvesting mixed cropping agroforestry soil conservation practices and a series of other traditional techniques .,203
Article_71_99,Article_71,99,"In the other watersheds (Bonde, Loweo and Lubilaie), people obtain water mostly from rivers and springs, even if these sources are not improved.",0.90181243,The man made LULC changes had a crucial contribution to the increase of actual ET and SURQ mainly by the expansion of cropland in the Niger River and Lake Chad basins.,162
Article_104_124,Article_104,124,The acceleration of the increasing water abstractions could also contribute to the further decline in water resources besides the climate change pressure.,0.9017955,The man made LULC changes had a crucial contribution to the increase of actual ET and SURQ mainly by the expansion of cropland in the Niger River and Lake Chad basins.,162
Article_47_10,Article_47,10,"Low vegetation cover rate was observed by LAI and V C values, with a range of 0 to 25% vegetation cover in 52.3% of the area, which exposes the effects of the dry season on vegetation.",0.9017611,A high increase occurred for farm fallow land rising from 0.022% of the protected area in 1984 to 12.59% in 2013 by which time it was the largest single cover class Fig.4,223
Article_83_46,Article_83,46,"Regard with to fish farms, this increase that occurred could be referred to the intensive reclamation of sabkha areas and converting these sabkha to fish farming activities.",0.9017524,The man made LULC changes had a crucial contribution to the increase of actual ET and SURQ mainly by the expansion of cropland in the Niger River and Lake Chad basins.,162
Article_76_74,Article_76,74,"As the urban areas increased, so did the study area's temperature in the last two decades (Figure | LULC-wise LST discrepancies: As expected, the lowest temperature in comparison with other land use classes is recorded for water bodies over 2002-2022 and in the predicted scenario for 2032.",0.90174955,"Even though the geo-statistical analysis cannot prove a change in [urban] area, 62% of the experts stated that there was an increase in [urban] area (conversion of cropland to [urban], see also .",98
Article_38_73,Article_38,73,The displacement of communities occurred from their land during the expansion of hydropower projects and the displacement caused land scarcity.,0.90174747,During this time the land required for [agriculture] increased significantly so that large areas of natural bushland were deforested for [cultivation] purposes,81
Article_118_73,Article_118,73,The displacement of communities occurred from their land during the expansion of hydropower projects and the displacement caused land scarcity.,0.90174747,During this time the land required for [agriculture] increased significantly so that large areas of natural bushland were deforested for [cultivation] purposes,81
Article_98_32,Article_98,32,"The results of land-use dynamics from 1992 to 2018 showed that shrubland and grassland decreased, with dynamics of -0.79% and -0.22%, respectively.",0.9017394,The area of natural vegetation forest woodland and tree savanna that was considered degraded increased by 4.1% between the first and the second time periods i.e,230
Article_116_14,Article_116,14,"Given a reduction in ecological sources and corridors in the southwestern and central regions between 1990 and 2010, network connectivity and robustness declined, which was reversed from 2010 onward with the addition of two ecological sources-Pan'an Lake and Dugong Lake.",0.90172696,The man made LULC changes had a crucial contribution to the increase of actual ET and SURQ mainly by the expansion of cropland in the Niger River and Lake Chad basins.,162
Article_33_1731,Article_33,1731,"This makes sense given that in our simulation we only simulated the transitions from agricultural and vegetation areas to urban fabric and industrial and commercial areas, while the reference map also considered many other changes between all the other categories represented on the map, which were not simulated in our modelling exercise.",0.9017189,"Even though the geo-statistical analysis cannot prove a change in [urban] area, 62% of the experts stated that there was an increase in [urban] area (conversion of cropland to [urban], see also .",98
Article_33_1779,Article_33,1779,"In this regard, even if a hard comparison does not show a high level of agreement between a simulation and the reference map, the pattern of the simulated changing areas may be logical or correct.",0.90171826,"Even though the geo-statistical analysis cannot prove a change in [urban] area, 62% of the experts stated that there was an increase in [urban] area (conversion of cropland to [urban], see also .",98
Article_94_68,Article_94,68,"In the northern zone, the on-going armed conflict in Anglophone Cameroon is causing more and more people to seek semi-permanent refuge in the forests, clearing more forest land to expand farmland and semi-permanent settlements.",0.90171355,In the surroundings of the cities in the north of Nigeria for example in 2000 patches of grassland and shrubland were still visible whereas in 2015 these were converted to cropland Figure,120
Article_26_68,Article_26,68,"In the northern zone, the on-going armed conflict in Anglophone Cameroon is causing more and more people to seek semi-permanent refuge in the forests, clearing more forest land to expand farmland and semi-permanent settlements.",0.90171355,In the surroundings of the cities in the north of Nigeria for example in 2000 patches of grassland and shrubland were still visible whereas in 2015 these were converted to cropland Figure,120
Article_46_28,Article_46,28,The approach could not completely eliminate the effects of environmental change because field data used to define changes in vegetation and soil (Sect.,0.9017135,"Even though the geo-statistical analysis cannot prove a change in [urban] area, 62% of the experts stated that there was an increase in [urban] area (conversion of cropland to [urban], see also .",98
Article_94_78,Article_94,78,"Consistent with this result, The stakeholders emphasised that population growth and sustainable land management, respectively, are the main drivers of increased and decreased degradation under the BUS and GES in the subregion.",0.9017119,The man made LULC changes had a crucial contribution to the increase of actual ET and SURQ mainly by the expansion of cropland in the Niger River and Lake Chad basins.,162
Article_26_78,Article_26,78,"Consistent with this result, The stakeholders emphasised that population growth and sustainable land management, respectively, are the main drivers of increased and decreased degradation under the BUS and GES in the subregion.",0.9017118,The man made LULC changes had a crucial contribution to the increase of actual ET and SURQ mainly by the expansion of cropland in the Niger River and Lake Chad basins.,162
Article_47_15,Article_47,15,"This biome has been affected by environmental degradation and loss of biodiversity over the last decades, mainly by the intensification of agriculture (e.g., rainfed and irrigated crops cultivation), urban expansion, and the advance of pasture areas replacing the natural vegetation Therefore, monitoring physical-water indicators of environmental change conditions, such as the loss of biodiversity of biomes and land use and occupation, is vital in managing scarce water resources.",0.9017098,"However, conflicting hypotheses have been reported: on the one hand an expansion (into native [savanna]) and intensification (fertilizer) of cropland [cultivation], and on the other hand [agricultural land] abandonment, caused by, e.g., the civil war in Sudan may both contribute to the observed positive trends",83
Article_10_58,Article_10,58,"The focus is on major LULC types (tree-covered area, cropland, otherland and grassland), as these made up over 95% of the study area as of 2018.",0.9016825,Within a distance of 300 km patterns of transitions approached those of the entire region and involve mostly savanna and agriculture the two largest land cover categories. ,169
Article_10_56,Article_10,56,"The focus is on major LULC types (tree-covered area, cropland, otherland and grassland), as these made up over 95% of the study area as of 2018.",0.9016825,Within a distance of 300 km patterns of transitions approached those of the entire region and involve mostly savanna and agriculture the two largest land cover categories. ,169
Article_58_56,Article_58,56,"The focus is on major LULC types (tree-covered area, cropland, otherland and grassland), as these made up over 95% of the study area as of 2018.",0.9016825,Within a distance of 300 km patterns of transitions approached those of the entire region and involve mostly savanna and agriculture the two largest land cover categories. ,169
Article_58_58,Article_58,58,"The focus is on major LULC types (tree-covered area, cropland, otherland and grassland), as these made up over 95% of the study area as of 2018.",0.9016825,Within a distance of 300 km patterns of transitions approached those of the entire region and involve mostly savanna and agriculture the two largest land cover categories. ,169
Article_102_106,Article_102,106,"Terrain, water use patterns and precipitation inputs from outside the region likely provided the major drivers of land cover change rather than precipitation inputs within the region.",0.9016823,Within a distance of 300 km patterns of transitions approached those of the entire region and involve mostly savanna and agriculture the two largest land cover categories. ,169
Article_18_24,Article_18,24,The study also identified random and systematic transitions derived from the classified maps to focus on prominent signals of change in the study area.,0.9016284,The transhumance shed provides a useful geographic scale between the individual village territory and the regional agro pastoral belt that allows for a more accurate assessment of the relationship between herd mobility crop damage and conflict that reflects the environmental changes taking place across dryland West Africa. ,161
Article_79_43,Article_79,43,"This declining trend in areas under water and wetlands could be attributed to the emergence and growth of aquatic vegetation and invasive species in these areas, frequent occurrence of droughts in the area | Decadal trend analysis of LULC changes: A decade-by-decade analysis of the rates of change in LULC between 1980 and 2020 in the watershed revealed specific net changes in the form of gains and losses for each class during the 1st period (I) The pattern of LULC changes between 1980 and 1990.",0.9016272,"#text': 'After the droughts in the 1970s and 1980s, the observed loss of woody vegetation cover was often considered as irreversible [desertification] and large parts of the Sahel were designated as degraded land (e.g",0
Article_62_32,Article_62,32,"This is done by minimizing each class's average deviation from the class mean while maximizing each class's deviation from the means of the other groups | Results: | Land use and land cover change (LULCC) analysis: Land use status in the study area for 2015 and 2020 (Table | Landscape pattern change analysis: The LPI represents the proportion of the maximum plaque area to the total area, allowing for identifying dominant types (Table At the landscape level (Table | Time-change analysis of ecosystem services value: In KDC for 5 years, the value of ES in the study area has increased by CNY 63.45 × 10 4 , with the most significant increase being in the transfer of services (Table Implementing KDC projects such as artificial afforestation, returning farmland to forest, and forest closure has increased the amount of tree woodland, shrub woodland, and orchard land.",0.90161276,A high increase occurred for farm fallow land rising from 0.022% of the protected area in 1984 to 12.59% in 2013 by which time it was the largest single cover class Fig.4,223
Article_21_30,Article_21,30,"Agricultural and settlements have grown significant expansion in the study watershed, increasing by 24.49% and 54.78%, respectively during this period .",0.9015815,A high increase occurred for farm fallow land rising from 0.022% of the protected area in 1984 to 12.59% in 2013 by which time it was the largest single cover class Fig.4,223
Article_51_41,Article_51,41,"In 2017, this area was classified as ""Low Potential Runoff"", due to lower precipitation values, confirming the relationship of rainfall and surface runoff in this are.",0.90156424,In contrast relative net gain in open water bodies was observed in the humid region during the period of 1975 2000 with a slight loss in 2000 2013. ,215
Article_59_101,Article_59,101,Most of the changed area of NMF were converted for agricultural land use.,0.9015298,The majority of other cash crops was converted to food crop fallow areas 1067.98 km 2,208
Article_88_101,Article_88,101,Most of the changed area of NMF were converted for agricultural land use.,0.9015298,The majority of other cash crops was converted to food crop fallow areas 1067.98 km 2,208
Article_68_5,Article_68,5,Many spots of this area are invaded or replaced by exotic species which is causing the loss of ecology and diversity of this region.,0.9015252,The Upper Guinean forest is a global biodiversity hotspot and has become one of the most human modified forest ecosystems in the tropics having lost over 80% of its original forest cover with the remainder distributed in a fragmented agriculture forest mosaic,148
Article_69_83,Article_69,83,"A negative correlation was found between temperature and cultivated land, which is consistent with the study of GDP, POP and distance to cities were the most important explanatory variables for the construction land distribution.",0.9015009,"Even though the geo-statistical analysis cannot prove a change in [urban] area, 62% of the experts stated that there was an increase in [urban] area (conversion of cropland to [urban], see also .",98
Article_33_574,Article_33,574,"Historical time series of LUC maps are becoming more common (Table However, in most of these series, LUC change cannot be reliably detected by cross-tabulating the different maps that make up the dataset.",0.90149987,"Even though the geo-statistical analysis cannot prove a change in [urban] area, 62% of the experts stated that there was an increase in [urban] area (conversion of cropland to [urban], see also .",98
Article_5_9,Article_5,9,"The results from the LULC analysis show that residential, industry and commercial areas slowed down their growth throughout the study period.",0.9014798,"Even though the geo-statistical analysis cannot prove a change in [urban] area, 62% of the experts stated that there was an increase in [urban] area (conversion of cropland to [urban], see also .",98
Article_30_13,Article_30,13,"This can significantly affect the livelihood of local communities Environmental governance of large-scale infrastructure projects in this region is often criticized for being weak and projects in Myanmar have been associated with wide-ranging ecological destruction and human rights violations Motivated by these concerns, in this paper the authors seek to address critical issues, such as the rate and pattern of LULCC along the pipelines, the extent of forest loss during the study period and the pattern of afforestation in the study area.",0.90145123,The transhumance shed provides a useful geographic scale between the individual village territory and the regional agro pastoral belt that allows for a more accurate assessment of the relationship between herd mobility crop damage and conflict that reflects the environmental changes taking place across dryland West Africa. ,161
Article_50_303,Article_50,303,"With countless options for farmers and land managers to implement agroforestry, there is medium confidence in the feasibility of achieving estimated regional mitigation potential.",0.9014426,Perhaps the most relevant aspect of the relationships between climate change and peasant agriculture is the realization that many small farmers cope with and even prepare for climate change minimizing crop failure through increased use of drought tolerant local varieties water harvesting mixed cropping agroforestry soil conservation practices and a series of other traditional techniques .,203
Article_92_77,Article_92,77,"Minimal land transitioned out of urban or water during the study period (3.2 and 1.4% of the transition area, respectively) (Table | Predictors of Land Cover Transitions: Overall, the study region was extremely low elevation, with 71% of the area at less than 2 m (NAVD88) (Fig.",0.90143365,A high increase occurred for farm fallow land rising from 0.022% of the protected area in 1984 to 12.59% in 2013 by which time it was the largest single cover class Fig.4,223
Article_48_45,Article_48,45,The changing trend in the classes between 2008 and 2018 is evidence of build-up being predominant in the change of vegetative class to other land classes.,0.9014301,c Proportions of persistence and change trajectories along the rainfall gradient show steep increase in human dominated land cover across the Sahel sub region fewest natural land cover from the Sudano Sahelian through the northern Guinean sub regions and a predominance of recent transitions to human dominated land cover in the recent 2000 2013 compared to the earlier 1975 2000 time interval. http www.tei c.org ns 1.0 xml id fig 6 Fig,192
Article_76_86,Article_76,86,"In recent years, the government has launched a Billion Trees Tsunami program all over Pakistan to tackle green cover degradation in the country, which has important implications for urban climatic conditions Our results have shown that green spaces are insufficient to overcome the large urban footprint.",0.9014097,"Even though the geo-statistical analysis cannot prove a change in [urban] area, 62% of the experts stated that there was an increase in [urban] area (conversion of cropland to [urban], see also .",98
Article_14_36,Article_14,36,"Paradoxically, the plan shows that large-scale development areas, which may lead to a significant population rise, are planned for the rural settlements in the region.",0.9013901,"Even though the geo-statistical analysis cannot prove a change in [urban] area, 62% of the experts stated that there was an increase in [urban] area (conversion of cropland to [urban], see also .",98
Article_18_66,Article_18,66,"This loss could be explained by anthropogenic activities, such as wood extraction for firewood, brick burning and lapses in management | Limitations of the Study: This study used Landsat data with a spatial resolution of 30 m, meaning that the changes below this pixel size might have been missed during classification processes.",0.9013834,"Even though the geo-statistical analysis cannot prove a change in [urban] area, 62% of the experts stated that there was an increase in [urban] area (conversion of cropland to [urban], see also .",98
Article_46_181,Article_46,181,It also includes the emissions that would result from an error in classification if the deforestation had been for new agricultural land instead of other land.,0.90136915,estimate is thus a metric of deforestation occurring in landscapes where agriculture is the dominant direct driver of forest loss rather than only deforestation resulting in agricultural production per se . ,232
Article_116_66,Article_116,66,"This was attributed to the continuous expansion of land for construction in the central urban areas of the southwestern region, with fragmentation encroaching on surrounding farmland and core ecological patches of forest, grassland, and water bodies.",0.9013674,"#text': 'After the droughts in the 1970s and 1980s, the observed loss of woody vegetation cover was often considered as irreversible [desertification] and large parts of the Sahel were designated as degraded land (e.g",0
Article_9_37,Article_9,37,"Similarly, | Impacts of land use and land cover change: LULCC is having a wide range of impacts on the environment and the people of Uganda at different spatial and temporal scales.",0.90136206,The transhumance shed provides a useful geographic scale between the individual village territory and the regional agro pastoral belt that allows for a more accurate assessment of the relationship between herd mobility crop damage and conflict that reflects the environmental changes taking place across dryland West Africa. ,161
Article_112_39,Article_112,39,"Dense forest cover would predominantly convert to sparse forest and barren areas, suggesting forest thinning and clearing.",0.9013504,Thus farmland persists and increases each year at the expense of forest woodland and tree savanna . ,229
Article_46_243,Article_46,243,"Furthermore, anthropogenic versus non-anthropogenic disturbances are difficult to distinguish with any kind of measurement, and the fate of disturbed lands (including both land use and carbon density) may remain uncertain for years following a disturbance.",0.90134954,estimate is thus a metric of deforestation occurring in landscapes where agriculture is the dominant direct driver of forest loss rather than only deforestation resulting in agricultural production per se . ,232
Article_99_95,Article_99,95,"Image spatial resolution remains a key factor which directly influences spatial metrics, landscape details and analysis output | Conclusion: During the last decade, Omani cities have experienced unprecedented urban expansion due to socioeconomic transformation, mega projects and consistent immigration to urban areas.",0.9013432,The transhumance shed provides a useful geographic scale between the individual village territory and the regional agro pastoral belt that allows for a more accurate assessment of the relationship between herd mobility crop damage and conflict that reflects the environmental changes taking place across dryland West Africa. ,161
Article_84_56,Article_84,56,"From our findings, we recommend that regular monitoring of development of plantations is important at catchment level given their contribution to water dynamics vis-vis decreasing water availability die to climate change and competing uses.",0.9013244,The transhumance shed provides a useful geographic scale between the individual village territory and the regional agro pastoral belt that allows for a more accurate assessment of the relationship between herd mobility crop damage and conflict that reflects the environmental changes taking place across dryland West Africa. ,161
Article_59_82,Article_59,82,"Furthermore, population concentration in cities is not in tandem with their needs for residential schemes due to poor planning and organization which have contributed to the emergence of social and financial motivation for unplanned urban sprawl represented in the dominance of some tribes on large areas of land who capitalized on the housing deficit and the lack of new housing projects to sell land as residential plots without approval from the state.",0.9012981,Only a small percentage of people interviewed stated that overgrazing war and conflict inappropriate irrigation and the occurrence and spread of weeds and invader plants and bush encroachment could contribute to land degradation in the study area. ,212
Article_88_82,Article_88,82,"Furthermore, population concentration in cities is not in tandem with their needs for residential schemes due to poor planning and organization which have contributed to the emergence of social and financial motivation for unplanned urban sprawl represented in the dominance of some tribes on large areas of land who capitalized on the housing deficit and the lack of new housing projects to sell land as residential plots without approval from the state.",0.9012981,Only a small percentage of people interviewed stated that overgrazing war and conflict inappropriate irrigation and the occurrence and spread of weeds and invader plants and bush encroachment could contribute to land degradation in the study area. ,212
Article_103_16,Article_103,16,"The events that take place in the land represent the current use of the properties such as built-up institutions, shopping centers, parks, and reservoirs are described as land use categories Remote sensing is also regarded as an essential cause of thematic maps, depicting land cover as it affords a map-like representation of the specific surface of the earth that is spatially constant and extremely reliable, as well as accessible at a range of spatial and temporal measures.",0.9012835,The transhumance shed provides a useful geographic scale between the individual village territory and the regional agro pastoral belt that allows for a more accurate assessment of the relationship between herd mobility crop damage and conflict that reflects the environmental changes taking place across dryland West Africa. ,161
Article_94_34,Article_94,34,"It is invaluable to define a representation of the proximate and most important groups of drivers and underlying causes of deforestation and LULCC During the focus groups, participants were encouraged to use information such as specific sites of potential LULCC such as administrative units or gazetted sites, or biophysical factors associated with them such as nearness to mountain, sea and national road network, proportion of cultivable land, endemism, conservation attraction, size of farm labour, and business growth attractions, among others, in the ranking exercises.",0.90124655,The transhumance shed provides a useful geographic scale between the individual village territory and the regional agro pastoral belt that allows for a more accurate assessment of the relationship between herd mobility crop damage and conflict that reflects the environmental changes taking place across dryland West Africa. ,161
Article_26_34,Article_26,34,"It is invaluable to define a representation of the proximate and most important groups of drivers and underlying causes of deforestation and LULCC During the focus groups, participants were encouraged to use information such as specific sites of potential LULCC such as administrative units or gazetted sites, or biophysical factors associated with them such as nearness to mountain, sea and national road network, proportion of cultivable land, endemism, conservation attraction, size of farm labour, and business growth attractions, among others, in the ranking exercises.",0.90124655,The transhumance shed provides a useful geographic scale between the individual village territory and the regional agro pastoral belt that allows for a more accurate assessment of the relationship between herd mobility crop damage and conflict that reflects the environmental changes taking place across dryland West Africa. ,161
Article_53_33,Article_53,33,"Due to massive afforestation programme, declaration of Sikkim as organic state (2005), stringent law enforcement in forestry sector and sustainable agroforestry systems the area under dense forest has increased by 16.4% (41.76 km 2 ) between 1988 and 2017.",0.9012437,The area of natural vegetation forest woodland and tree savanna that was considered degraded increased by 4.1% between the first and the second time periods i.e,230
Article_117_64,Article_117,64,"However, having huge numbers of livestock and an unmanaged grazing system has negatively affected the intended land use in the study area.",0.90123075,Only a small percentage of people interviewed stated that overgrazing war and conflict inappropriate irrigation and the occurrence and spread of weeds and invader plants and bush encroachment could contribute to land degradation in the study area. ,212
Article_50_348,Article_50,348,"Understanding the relationship between climate and their crop is key, as well as the use of weather forecasts to plan their agricultural activities.",0.9012233,Perhaps the most relevant aspect of the relationships between climate change and peasant agriculture is the realization that many small farmers cope with and even prepare for climate change minimizing crop failure through increased use of drought tolerant local varieties water harvesting mixed cropping agroforestry soil conservation practices and a series of other traditional techniques .,203
Article_33_1693,Article_33,1693,"For example, new code 13 (old codes 3 and 4) refers to areas that were agricultural areas that changed to urban fabric in the simulation and to industrial and commercial areas in the reference map (Tables FALSE ALARMS refer to areas that are marked as persistence in the reference map and as change in the simulation.",0.9012138,"Even though the geo-statistical analysis cannot prove a change in [urban] area, 62% of the experts stated that there was an increase in [urban] area (conversion of cropland to [urban], see also .",98
Article_95_119,Article_95,119,"The following quotes show how crop yield and soil fertility is related to the profitability of the farmers: ""Agricultural yields are declined from time to time.",0.9012096,Perhaps the most relevant aspect of the relationships between climate change and peasant agriculture is the realization that many small farmers cope with and even prepare for climate change minimizing crop failure through increased use of drought tolerant local varieties water harvesting mixed cropping agroforestry soil conservation practices and a series of other traditional techniques .,203
Article_98_10,Article_98,10,This research points out the important role of Derong County in the regional life support system and provides a scientific reference for the sustainable management of dry-hot valley regions' land resources and ecosystem services.,0.9011688,The transhumance shed provides a useful geographic scale between the individual village territory and the regional agro pastoral belt that allows for a more accurate assessment of the relationship between herd mobility crop damage and conflict that reflects the environmental changes taking place across dryland West Africa. ,161
Article_22_27,Article_22,27,"This study determined the changes in the land use and land cover of the Belek region after being declared to be a tourism center, modeled the changes in the LULC for 2040, and assessed the relationship between this model and planning decisions.",0.90116227,"Even though the geo-statistical analysis cannot prove a change in [urban] area, 62% of the experts stated that there was an increase in [urban] area (conversion of cropland to [urban], see also .",98
Article_50_634,Article_50,634,"However, many MNCs have been involved in setting up of CREMA or similar structures, extending premium prices and non-monetary benefits (access to credit, shade tree seedlings, agrochemicals) thus indirectly securing their cocoa supply chains.",0.9011452,From our knowledge the NTFPs extracted for export are in general collected by commercial enterprises outside the villages and price negotiations do not enter local markets. ,150
Article_72_78,Article_72,78,"Jining City is an area where the conversion of water bodies and cultivated land is more apparent, related to the construction of water storage facilities, river ditches and aquaculture ponds, and also linked to the results of remote sensing image interpretation.",0.9011197,The man made LULC changes had a crucial contribution to the increase of actual ET and SURQ mainly by the expansion of cropland in the Niger River and Lake Chad basins.,162
Article_50_644,Article_50,644,"• Improved monitoring of the land CO 2 balance is urgently needed, including impacts of land degradation and restoration efforts (e.g., in tropical and boreal regions), making use of combined remote sensing, artificial intelligence, ground-based and modelling tools Frequently Asked Questions (FAQs) FAQ 7.1 | Why is the Agriculture, Forestry and Other Land Uses (AFOLU) sector unique when considering GHG mitigation?",0.90111464,Perhaps the most relevant aspect of the relationships between climate change and peasant agriculture is the realization that many small farmers cope with and even prepare for climate change minimizing crop failure through increased use of drought tolerant local varieties water harvesting mixed cropping agroforestry soil conservation practices and a series of other traditional techniques .,203
Article_77_43,Article_77,43,Previous studies further revealed that tea plantation was cultivated by the Kenyan government as a buffer around the natural forest by the Nyayo Tea Zone Corporation | F I G U R E 2: Land Use Land Cover Changes in Mt.,0.9010982,The transhumance shed provides a useful geographic scale between the individual village territory and the regional agro pastoral belt that allows for a more accurate assessment of the relationship between herd mobility crop damage and conflict that reflects the environmental changes taking place across dryland West Africa. ,161
Article_68_40,Article_68,40,"Interestingly, in 2018 map water bodies was less than 1% (5.29 km 2 ) of the total geographical area, 4.87% area was covered by Bamboo Brakes, and Teak forest area was covered 38.54 km 2 (6.14%) which is reduction in the area with respect to 2008.",0.90109634,A high increase occurred for farm fallow land rising from 0.022% of the protected area in 1984 to 12.59% in 2013 by which time it was the largest single cover class Fig.4,223
Article_95_83,Article_95,83,"Over the three decades (1987 to 2017), agricultural land expanded with the maximum rate of expansion shown on slope classes of strongly rolling to very hilly.",0.9010876,c Proportions of persistence and change trajectories along the rainfall gradient show steep increase in human dominated land cover across the Sahel sub region fewest natural land cover from the Sudano Sahelian through the northern Guinean sub regions and a predominance of recent transitions to human dominated land cover in the recent 2000 2013 compared to the earlier 1975 2000 time interval. http www.tei c.org ns 1.0 xml id fig 6 Fig,192
Article_104_16,Article_104,16,"The strong relationship between land use, water and climate from these systems has contributed to prominent concern to the basic planet characteristics and process.",0.9010869,The transhumance shed provides a useful geographic scale between the individual village territory and the regional agro pastoral belt that allows for a more accurate assessment of the relationship between herd mobility crop damage and conflict that reflects the environmental changes taking place across dryland West Africa. ,161
Article_84_41,Article_84,41,"Tea and plantation forest cover types have been shown to be concentrated in certain localities compared to coffee, which was scattered in smallholder plots across the sub-catchment.",0.9010862,In the surroundings of the cities in the north of Nigeria for example in 2000 patches of grassland and shrubland were still visible whereas in 2015 these were converted to cropland Figure,120
Article_46_200,Article_46,200,: Carbon may be lost to the atmosphere through either deforestation (a change in the area of forests) or forest degradation (a reduction in forest carbon stocks without a change in forest area).,0.9010812,estimate is thus a metric of deforestation occurring in landscapes where agriculture is the dominant direct driver of forest loss rather than only deforestation resulting in agricultural production per se . ,232
Article_77_2,Article_77,2,Elgon forest ecosystem Current land-use trends in Kenya's montane forest ecosystems show that land uses are changing fast due to natural and anthropogenic factors and these changes could have devastating effects on the environment.,0.9010811,The Upper Guinean forest is a global biodiversity hotspot and has become one of the most human modified forest ecosystems in the tropics having lost over 80% of its original forest cover with the remainder distributed in a fragmented agriculture forest mosaic,148
Article_77_37,Article_77,37,"In 1986, the region still had five major land uses which included natural forests, bamboo forests, grasslands, mixed farming and fallow land (Figure Grasslands covered some 29.38% (546.52 km 2 ) that were mainly used for grazing domestic animals in the forest.",0.90105844,The area of natural vegetation forest woodland and tree savanna that was considered degraded increased by 4.1% between the first and the second time periods i.e,230
Article_68_54,Article_68,54,The field survey in combination with interaction with local communities' reveals that the forest resources are the main source of livelihood which put intense pressure without proper forest management regulations.,0.9010554,Only a small percentage of people interviewed stated that overgrazing war and conflict inappropriate irrigation and the occurrence and spread of weeds and invader plants and bush encroachment could contribute to land degradation in the study area. ,212
Article_91_1,Article_91,1,"Past and Future Land Use/Land Cover Changes in the Ethiopian Fincha Sub-Basin The increasing human pressure on African regions is recognizable when looking at Land Use Land Cover (LULC) change maps, generally derived from satellite imagery.",0.9010533,The transhumance shed provides a useful geographic scale between the individual village territory and the regional agro pastoral belt that allows for a more accurate assessment of the relationship between herd mobility crop damage and conflict that reflects the environmental changes taking place across dryland West Africa. ,161
Article_107_52,Article_107,52,"| •: Based on MCA, it seems that urban growth will be extensive, it is estimated at around 2607 km 2 until the year 2047 with a net increase of 811 km 2 .",0.90104896,"Even though the geo-statistical analysis cannot prove a change in [urban] area, 62% of the experts stated that there was an increase in [urban] area (conversion of cropland to [urban], see also .",98
Article_59_5,Article_59,5,"The observed changes were indicative of a decrease in the expanse of the natural Mediterranean forest which lost 9018 ha over 32 years, 39% of its total area, with the highest deforestation rate registered between 2010 and 2017 estimated at 513 ha.",0.9010309,The area of natural vegetation forest woodland and tree savanna that was considered degraded increased by 4.1% between the first and the second time periods i.e,230
Article_88_5,Article_88,5,"The observed changes were indicative of a decrease in the expanse of the natural Mediterranean forest which lost 9018 ha over 32 years, 39% of its total area, with the highest deforestation rate registered between 2010 and 2017 estimated at 513 ha.",0.9010309,The area of natural vegetation forest woodland and tree savanna that was considered degraded increased by 4.1% between the first and the second time periods i.e,230
Article_41_13,Article_41,13,"In recent years, Dak Nong has experienced a burst in population growth resulting in high demand for agricultural land and urban expansion causing natural forest degradation.",0.90099835,Anthropogenic activities such as agricultural reclamation and overgrazing may be primary driver of these deepening desertification patterns in these regions . ,183
Article_75_46,Article_75,46,"The overall kappa index was close to 74% indicating a moderate agreement | | Land cover changes impacts: To show further consequences of LC changes, the long term observed data of precipitation, temperature, streamflow, and sediment load was analyzed in the basin.",0.90098476,The man made LULC changes had a crucial contribution to the increase of actual ET and SURQ mainly by the expansion of cropland in the Niger River and Lake Chad basins.,162
Article_23_70,Article_23,70,"Variations in LULC have also impacted the allocation of land cover regions over time, especially the transition of land cover classes from previously vegetated land to urban zones or towards more bare land.",0.9009788,Within a distance of 300 km patterns of transitions approached those of the entire region and involve mostly savanna and agriculture the two largest land cover categories. ,169
Article_49_82,Article_49,82,"Since entering the 21st century, construction land encroaching on farmland has been the main trend of LULC change in the NLB and has resulted in the most significant land conflict issue in the region.",0.9009759,"The population density has increased during the past decades, which has had a significant impact on the [land cover]",67
Article_23_65,Article_23,65,Landsat imagery data analysis has been researched to estimate the extent of the UHI-impacted region from 2001 to 2022 and the impact of LULC variations on the LST.,0.90094936,The man made LULC changes had a crucial contribution to the increase of actual ET and SURQ mainly by the expansion of cropland in the Niger River and Lake Chad basins.,162
Article_47_87,Article_47,87,"Notably, the Caatinga biome has particularities in biophysical according to the land cover and soil exposure on intra and inter-annual scales.",0.9009234,The transhumance shed provides a useful geographic scale between the individual village territory and the regional agro pastoral belt that allows for a more accurate assessment of the relationship between herd mobility crop damage and conflict that reflects the environmental changes taking place across dryland West Africa. ,161
Article_80_22,Article_80,22,"We found that the LULC change during 1981-2006 resulted warming of 0.034 • C over NI, while it caused cooling of 1.5 • C over NEI during this period.",0.90090704,In contrast relative net gain in open water bodies was observed in the humid region during the period of 1975 2000 with a slight loss in 2000 2013. ,215
Article_43_26,Article_43,26,"| Results: | Variation in Land-Use and Land Cover from 2010 to 2020: The variation in each LULC type over our study period was analyzed via the superposition of the land data, and we generated spatial distribution maps in 2010 and 2020 (Figure and farmland covered 1.2%.",0.9009005,The area of natural vegetation forest woodland and tree savanna that was considered degraded increased by 4.1% between the first and the second time periods i.e,230
Article_80_30,Article_80,30,"The results indicated that due to the LULC changes during 1981-2006, NI experienced a warming of 0.034 • C, while NEI experienced cooling of 1.5 • C during this period.",0.900899,In contrast relative net gain in open water bodies was observed in the humid region during the period of 1975 2000 with a slight loss in 2000 2013. ,215
Article_59_84,Article_59,84,"Additionally, some people from outside the district, particularly displaced citizens and migrants from some Arabic countries who left their homelands fleeing the menace of ongoing wars and armed conflicts, have shown interest in acquiring land and building houses to live in the study area.",0.9008947,Only a small percentage of people interviewed stated that overgrazing war and conflict inappropriate irrigation and the occurrence and spread of weeds and invader plants and bush encroachment could contribute to land degradation in the study area. ,212
Article_88_84,Article_88,84,"Additionally, some people from outside the district, particularly displaced citizens and migrants from some Arabic countries who left their homelands fleeing the menace of ongoing wars and armed conflicts, have shown interest in acquiring land and building houses to live in the study area.",0.9008947,Only a small percentage of people interviewed stated that overgrazing war and conflict inappropriate irrigation and the occurrence and spread of weeds and invader plants and bush encroachment could contribute to land degradation in the study area. ,212
Article_95_2,Article_95,2,"This study presents the contributing factors of LULCC, the extent and implications of these changes for sustainable land use in the Finchaa catchment.",0.9008777,The man made LULC changes had a crucial contribution to the increase of actual ET and SURQ mainly by the expansion of cropland in the Niger River and Lake Chad basins.,162
Article_33_1293,Article_33,1293,"It positively correlates with those areas that are urban fabric in our reference map, so helping us to identify the areas in which new urban fabric is most likely to appear.",0.9008695,"Even though the geo-statistical analysis cannot prove a change in [urban] area, 62% of the experts stated that there was an increase in [urban] area (conversion of cropland to [urban], see also .",98
Article_114_32,Article_114,32,"In the first article, the authors use satellite information to map the change in forest cover worldwide.",0.90085286,"Even though the geo-statistical analysis cannot prove a change in [urban] area, 62% of the experts stated that there was an increase in [urban] area (conversion of cropland to [urban], see also .",98
Article_33_2234,Article_33,2234,"As we are only considering one category in our analysis (the areas that transition from scrubland to forests), this category occupies 100% of the studied landscape and therefore has a landscape proportion value of 1 (Table The landscape division, patch cohesion and splitting indices assess the compactness or fragmentation of the patches that make up a class, i.e.",0.9008437,The area of natural vegetation forest woodland and tree savanna that was considered degraded increased by 4.1% between the first and the second time periods i.e,230
Article_19_3,Article_19,3,"Existing countrywide efforts to map land use and land cover lack regularly updates and high spatial resolution time-series data to better understand historical land use and land cover dynamics, and the subsequent impacts in the country biomes.",0.90083206,The transhumance shed provides a useful geographic scale between the individual village territory and the regional agro pastoral belt that allows for a more accurate assessment of the relationship between herd mobility crop damage and conflict that reflects the environmental changes taking place across dryland West Africa. ,161
Article_72_6,Article_72,6,The results of the study show that the main land cover changes in Shandong province during 2000-2020 was cultivated land conversion to artificial surfaces.,0.9008192,The man made LULC changes had a crucial contribution to the increase of actual ET and SURQ mainly by the expansion of cropland in the Niger River and Lake Chad basins.,162
Article_13_48,Article_13,48,"It demonstrates that the effect of climate change on aquifer recharging is reflected in declines in the water table because of temperature increases, rainfall variability, and increased evapotranspiration.",0.90080935,Anthropogenic activities such as agricultural reclamation and overgrazing may be primary driver of these deepening desertification patterns in these regions . ,183
Article_95_113,Article_95,113,The expansion of agriculture on communal and private grazing lands reduced the area of grazing lands.,0.9007973,During this time the land required for [agriculture] increased significantly so that large areas of natural bushland were deforested for [cultivation] purposes,81
Article_62_37,Article_62,37,"The areas where changes in ESV show decreasing trends are mainly in the north-western region and the eastern region of the study area, while the south-western region shows an increase in ESV (Figure The services are classified according to the value per unit area on different TPI gradients.",0.9007941,"Even though the geo-statistical analysis cannot prove a change in [urban] area, 62% of the experts stated that there was an increase in [urban] area (conversion of cropland to [urban], see also .",98
Article_27_30,Article_27,30,"Decision-makers can use the results of this study to manage natural resources in the region, help in socio-economic development, plan the appropriate use of land (agriculture, construction, and urban expansion), and know the size and type of vegetation in the northern border area.",0.9007739,"Even though the geo-statistical analysis cannot prove a change in [urban] area, 62% of the experts stated that there was an increase in [urban] area (conversion of cropland to [urban], see also .",98
Article_31_29,Article_31,29,"In contrast to the cover of agricultural and non-agricultural land, it continues to change into built-up land due to the increasing need for land every year.",0.90077007,Thus farmland persists and increases each year at the expense of forest woodland and tree savanna . ,229
Article_83_4,Article_83,4,The agricultural area recorded the highest increase during the period from 1987 to 2000 (305296.1 ha.),0.90074694,A high increase occurred for farm fallow land rising from 0.022% of the protected area in 1984 to 12.59% in 2013 by which time it was the largest single cover class Fig.4,223
Article_71_12,Article_71,12,"Five main rivers irrigate this study area, of which three (Lusambila, Isalowe and Bonde) are direct tributaries to the Congo River, while the two others (Lubilaie and Loweo) initially flow into the Lobilo stream before flowing into the Congo River (Figure watershed management practices and their conservation strategies-including social, economic and ecological components-are important ways to improve water quality production and reduce environmental degradation in the territory Many reports by development agencies have noted the degradation of water quality in the region.",0.90074414,The man made LULC changes had a crucial contribution to the increase of actual ET and SURQ mainly by the expansion of cropland in the Niger River and Lake Chad basins.,162
Article_94_56,Article_94,56,"The increased LULCC from the year 2000 are associated with the dwindling resilience and adaptability of SES in areas closer to the sea and national road networks in the sub-region, where social systems such as student villages, residential suburbs, migrant settlements, and farming and fishing village communities have developed and expanded at the detriment of ecological systems such as lowland forests, grassland and mangroves.",0.9007292,The transhumance shed provides a useful geographic scale between the individual village territory and the regional agro pastoral belt that allows for a more accurate assessment of the relationship between herd mobility crop damage and conflict that reflects the environmental changes taking place across dryland West Africa. ,161
Article_26_56,Article_26,56,"The increased LULCC from the year 2000 are associated with the dwindling resilience and adaptability of SES in areas closer to the sea and national road networks in the sub-region, where social systems such as student villages, residential suburbs, migrant settlements, and farming and fishing village communities have developed and expanded at the detriment of ecological systems such as lowland forests, grassland and mangroves.",0.9007292,The transhumance shed provides a useful geographic scale between the individual village territory and the regional agro pastoral belt that allows for a more accurate assessment of the relationship between herd mobility crop damage and conflict that reflects the environmental changes taking place across dryland West Africa. ,161
Article_19_16,Article_19,16,"The second objective was to assess the extent, rates and main drivers of LULC change in the Brazilian biomes between 1985 and 2017 using the LULC time-series produced.",0.90070474,The man made LULC changes had a crucial contribution to the increase of actual ET and SURQ mainly by the expansion of cropland in the Niger River and Lake Chad basins.,162
Article_14_142,Article_14,142,"In order to understand the LULC change between these two maps, statistical calculations for the LULC change were computed using the Semi-Automatic Classification Plugin on QGIS.",0.9007013,"Even though the geo-statistical analysis cannot prove a change in [urban] area, 62% of the experts stated that there was an increase in [urban] area (conversion of cropland to [urban], see also .",98
Article_80_26,Article_80,26,It is noticed that the dry land/snow cover and shrubs/small vegetation are largely decreased over NEI during 1981-2006.,0.9006992,In contrast relative net gain in open water bodies was observed in the humid region during the period of 1975 2000 with a slight loss in 2000 2013. ,215
Article_71_88,Article_71,88,The significant differences observed between the averages for turbidity and conductivity between watersheds can be explained by LULC types in Yangambi.,0.900693,The man made LULC changes had a crucial contribution to the increase of actual ET and SURQ mainly by the expansion of cropland in the Niger River and Lake Chad basins.,162
Article_67_25,Article_67,25,"To analyse the change in land use/land cover and its impact on LST in the Donting Lake area before and after Three Gorges impoundment of the Yangtze River, we selected 16 remote sensing images from the winters of 1995, 2001, 2004 and 2013 as the main data sources (Table | Extraction of LULC information.",0.9006826,The man made LULC changes had a crucial contribution to the increase of actual ET and SURQ mainly by the expansion of cropland in the Niger River and Lake Chad basins.,162
Article_10_94,Article_10,94,Results further showed high temporal and spatial variability in vegetation productivity between drought and non-drought conditions in our case studies.,0.9006586,In contrast relative net gain in open water bodies was observed in the humid region during the period of 1975 2000 with a slight loss in 2000 2013. ,215
Article_58_94,Article_58,94,Results further showed high temporal and spatial variability in vegetation productivity between drought and non-drought conditions in our case studies.,0.90065855,In contrast relative net gain in open water bodies was observed in the humid region during the period of 1975 2000 with a slight loss in 2000 2013. ,215
Article_36_4,Article_36,4,"Introduction: Current global trends, such as population and economic growth which often lead to increased food and fuel demands, exert increasing pressure on land and water resources worldwide These may include changes in total suspended sediment and nutrient concentration | J o u r n a l P r e -p r o o f: However, most SWAT model applications assessed the hydrological impacts based on static LULC data The Anzali wetland catchment in Iran contains ecologically significant ecosystems such as the Anzali wetland and the Hyrcanian forests.",0.900652,"#text': 'After the droughts in the 1970s and 1980s, the observed loss of woody vegetation cover was often considered as irreversible [desertification] and large parts of the Sahel were designated as degraded land (e.g",0
Article_18_25,Article_18,25,The study period 1994-2018 was chosen in order to understand how the democratic governance systems influenced the LULC changes in urban environments of Blantyre city.,0.9006102,The transhumance shed provides a useful geographic scale between the individual village territory and the regional agro pastoral belt that allows for a more accurate assessment of the relationship between herd mobility crop damage and conflict that reflects the environmental changes taking place across dryland West Africa. ,161
Article_59_62,Article_59,62,"The weakness of institutions and absence of accountability among other factors encouraged the local people to engage in forest encroachment by either clearance of vegetation cover for agricultural expansion or by cutting trees for gathering firewood, especially for making the popular Libyan bread, in addition to producing charcoal for heating, barbecue, and cooking.",0.90058357,Only a small percentage of people interviewed stated that overgrazing war and conflict inappropriate irrigation and the occurrence and spread of weeds and invader plants and bush encroachment could contribute to land degradation in the study area. ,212
Article_88_62,Article_88,62,"The weakness of institutions and absence of accountability among other factors encouraged the local people to engage in forest encroachment by either clearance of vegetation cover for agricultural expansion or by cutting trees for gathering firewood, especially for making the popular Libyan bread, in addition to producing charcoal for heating, barbecue, and cooking.",0.90058357,Only a small percentage of people interviewed stated that overgrazing war and conflict inappropriate irrigation and the occurrence and spread of weeds and invader plants and bush encroachment could contribute to land degradation in the study area. ,212
Article_4_62,Article_4,62,"In conclusion, our study results indicate that elevation restricts the dominant factors of LULC changes in alpine regions.",0.90056974,The man made LULC changes had a crucial contribution to the increase of actual ET and SURQ mainly by the expansion of cropland in the Niger River and Lake Chad basins.,162
Article_104_143,Article_104,143,"The high sensitivity of water balance components and streamflow to the climate change is also reported by other studies in different parts of the world In summary, the seasonal and annual variation of the future temperature shows the increased hot and dry years that will lead to serious water scarcity.",0.90055805,The man made LULC changes had a crucial contribution to the increase of actual ET and SURQ mainly by the expansion of cropland in the Niger River and Lake Chad basins.,162
Article_118_14,Article_118,14,"The forest land, range land, and grass land declined annually with rates of 48.38%, 19.58%, and 26.23%, respectively.",0.9005332,"From 1984 to 2001, [tree] savannas, bare soils and agricultural lands increased by 17.55%, 18.79% and 21778.79%, respectively, while woodland, gallery [forest], [shrub] savannas and [[water] bodies] decreased by 22.02%, 5.03%, 40.08% and 31.2%, respectively",94
Article_38_14,Article_38,14,"The forest land, range land, and grass land declined annually with rates of 48.38%, 19.58%, and 26.23%, respectively.",0.9005332,"From 1984 to 2001, [tree] savannas, bare soils and agricultural lands increased by 17.55%, 18.79% and 21778.79%, respectively, while woodland, gallery [forest], [shrub] savannas and [[water] bodies] decreased by 22.02%, 5.03%, 40.08% and 31.2%, respectively",94
Article_91_47,Article_91,47,"According to information obtained during field investigations (KII and field evidence), waterbodies increased after the construction of the Nashe Dam.",0.9005154,The man made LULC changes had a crucial contribution to the increase of actual ET and SURQ mainly by the expansion of cropland in the Niger River and Lake Chad basins.,162
Article_50_221,Article_50,221,"Net GHG emissions were reduced by an average of -9 MtCO 2 -eq yr -1 In the tropics, estimates of the pantropical climate mitigation potential of natural forest management (a light intensity management in secondary forests), across three tropical regions (Latin America, Africa, Asia), is around 0.66 GtCO 2 -eq yr -1 with Asia responding for the largest share followed by Africa and Latin America | Critical assessment and conclusion.",0.9005066,"At regional scale, the annual rate of change in [forest] land, grazing land, gallery [forest] and cropland was À0.4, À0.9, À1.6 and 3.8%, respectively",95
Article_36_62,Article_36,62,"In sub-basin 8, a similar pattern of WYLD responses were observed for the SYLD.",0.9005025,In contrast relative net gain in open water bodies was observed in the humid region during the period of 1975 2000 with a slight loss in 2000 2013. ,215
Article_80_3,Article_80,3,"The results from OMR indicated that the LULC change over NI during 1981-2006 resulted a warming of 0.03 • C, and that of NEI during this period resulted a cooling of 1.5 • C. The results from LULC changes during the said period indicated an increase of dry land/snow cover and agriculture/fallow land by ~0.1% of total area and a decrease of shrubs/small vegetation and dense forest over NI by about 0.1-0.2%.",0.9004799,The area of natural vegetation forest woodland and tree savanna that was considered degraded increased by 4.1% between the first and the second time periods i.e,230
Article_4_51,Article_4,51,"Our results showed that from 2000 to 2018, population density explained much of the LULC changes.",0.9004601,The man made LULC changes had a crucial contribution to the increase of actual ET and SURQ mainly by the expansion of cropland in the Niger River and Lake Chad basins.,162
Article_99_28,Article_99,28,"A second line of research on LULC changes has focused on understanding the impacts of land changes on environmental systems and communities In recent decades, urban agglomerations in the GCC states (e.g., Oman, UAE and Saudi Arabia) as well as cities have recorded higher rates of urban growth Regarding spatial algorithms, spatial models and advanced GIS methods have been widely employed to explain LULC patterns, distribution and directions as well as predict the amount of land use changes.",0.9004498,"Even though the geo-statistical analysis cannot prove a change in [urban] area, 62% of the experts stated that there was an increase in [urban] area (conversion of cropland to [urban], see also .",98
Article_53_42,Article_53,42,The analysis and findings of the study have important policy implications for the sustainable land-use/cover practices in the Sikkim Himalaya.,0.90044767,The transhumance shed provides a useful geographic scale between the individual village territory and the regional agro pastoral belt that allows for a more accurate assessment of the relationship between herd mobility crop damage and conflict that reflects the environmental changes taking place across dryland West Africa. ,161
Article_117_70,Article_117,70,"Losing a sense of ownership and lack of cooperation among community members can also be linked with a lack of tenure security which has a gap on as how mange and utilize the natural resources, like grass, wood, and other products from the schemes.",0.90042543,Only a small percentage of people interviewed stated that overgrazing war and conflict inappropriate irrigation and the occurrence and spread of weeds and invader plants and bush encroachment could contribute to land degradation in the study area. ,212
Article_51_44,Article_51,44,"The class occurs in areas of sugarcane cultivation and the presence of native vegetation, with vegetation cover reducing the surface runoff and increasing infiltration In 2017, ""High"" and ""Very High Potential Flow"" classes were identified in regions with high slopes ( > 30%), directing flow to areas with softer slopes with sandy soils and profiles thicker than 10 m. The combination of attributes in this region of flat relief favors the recharge of the aquifer unit (Pirambóia).",0.9004059,Field monitoring of matric potentials did not indicate downward flow at 10 m depth for the millet site this is consistent with the modeling results the transition from fallow to millet having occurred recently 5 years ago . ,186
Article_50_206,Article_50,206,"Protecting forests involves controlling the drivers of deforestation (such as commercial and subsistence agriculture, mining, urban expansion) and forest degradation (such as overharvesting including fuelwood collection, poor harvesting practices, overgrazing, pest outbreaks, and extreme wildfires), as well as by establishing well designed, managed and funded protected areas Figure Conclusions from AR5 and IPCC Special Reports (SR1.5, SROCC and SRCCL); mitigation potential, costs, and pathways.",0.9003978,Perhaps the most relevant aspect of the relationships between climate change and peasant agriculture is the realization that many small farmers cope with and even prepare for climate change minimizing crop failure through increased use of drought tolerant local varieties water harvesting mixed cropping agroforestry soil conservation practices and a series of other traditional techniques .,203
Article_95_102,Article_95,102,"Group discussions with the community and interviews with agricultural experts on how the construction of projects and weak environmental consideration caused LULCC were added as follows: ""The construction of Fincha Dam 1973, Amerti Reservoir in 1987, and Neshe Dam in 2012 displaced many households from their farmland and made the community landless.",0.9003967,The man made LULC changes had a crucial contribution to the increase of actual ET and SURQ mainly by the expansion of cropland in the Niger River and Lake Chad basins.,162
Article_50_608,Article_50,608,"Although numerous studies have estimated the value of ecosystem services for different sites, ecosystems, and regions, these studies mostly evaluate ecosystem services at a single point in time For instance, a study of climate-smart cocoa production in Ghana shows that due to lack of tenure (tree) rights, bureaucratic and legal hurdles in registering trees in cocoa farms, and other barriers small cocoa producers could not realise the project benefits (Box 7.13).",0.90039194,The transhumance shed provides a useful geographic scale between the individual village territory and the regional agro pastoral belt that allows for a more accurate assessment of the relationship between herd mobility crop damage and conflict that reflects the environmental changes taking place across dryland West Africa. ,161
Article_54_22,Article_54,22,"The collection of GCPs was aided by topographic maps and a Global Positioning System with a positional error of ±3 m. The actual classification was carried out after the training data had been established (half of the sampled data) and the classification was conducted using the Maximum Likelihood Classifier Table | LULC Classes Description: Bare Lands Represents degraded land because of soil erosion and are left without crops, exposed rocks and dried-up lake or wetland beds.",0.9003906,The area of natural vegetation forest woodland and tree savanna that was considered degraded increased by 4.1% between the first and the second time periods i.e,230
Article_14_14,Article_14,14,"In the 1 km buffer, artificial surfaces predominantly increased (113.94%), while forests and barren lands decreased dramatically Vol:.",0.900365,"In 1986, the grazing land had much higher proportion of the total regional area than other [land use] types while the size of croplands was substantially high after 16 years (Table )",17
Article_83_63,Article_83,63,"The analysis of the results also showed that most of Egyptian Delta governorates have been significantly affected by the different categories of land cover such as agriculture, urban, water bodies and sand areas.",0.90036386,The man made LULC changes had a crucial contribution to the increase of actual ET and SURQ mainly by the expansion of cropland in the Niger River and Lake Chad basins.,162
Article_31_6,Article_31,6,"The results show that the type of built-up land cover and open land continued to increase in area, while agricultural and non-agricultural areas continued to experience a decrease in area and water bodies did not experience a decrease in area.",0.9003597,A high increase occurred for farm fallow land rising from 0.022% of the protected area in 1984 to 12.59% in 2013 by which time it was the largest single cover class Fig.4,223
Article_71_103,Article_71,103,"Although there are several water points in Yangambi, some are in the middle of the forest (in the YRB), far away from houses (Figure The surveys revealed that water resource management capacity in Yangambi is generally low, except for the Isalowe watershed, which exceeds the 50% score (Figure Similarly, in terms of the water resource use component (amount of water consumed per person per day), the Isalowe watershed has the highest score.",0.9003433,"Even though the geo-statistical analysis cannot prove a change in [urban] area, 62% of the experts stated that there was an increase in [urban] area (conversion of cropland to [urban], see also .",98
Article_75_39,Article_75,39,"There are two different approaches for validation: visual and statistical Where: p a ¼ 1 | | Predicting future LC map: The extent of LC change expected to occur in the future was predicted by applying the CA algorithm based on the extracted maps of LC types for the past years | | Land cover changes impact analysis: To assess the possible impacts of the LC changes on hydrological characteristics in the HRB, some meteorological and hydrological variables were analyzed as below.",0.90033996,"Even though the geo-statistical analysis cannot prove a change in [urban] area, 62% of the experts stated that there was an increase in [urban] area (conversion of cropland to [urban], see also .",98
Article_99_93,Article_99,93,Using advanced GIS and image processing metric techniques to identify areas that are susceptible to urbanisation is invaluable for the national strategy of future urban planning.,0.9003344,The transhumance shed provides a useful geographic scale between the individual village territory and the regional agro pastoral belt that allows for a more accurate assessment of the relationship between herd mobility crop damage and conflict that reflects the environmental changes taking place across dryland West Africa. ,161
Article_46_141,Article_46,141,"Furthermore, the uncertainty is higher than a more detailed analysis might find because expertise within the FAO would likely provide the appropriate explanation for FCO for any country and time.",0.9003289,The transhumance shed provides a useful geographic scale between the individual village territory and the regional agro pastoral belt that allows for a more accurate assessment of the relationship between herd mobility crop damage and conflict that reflects the environmental changes taking place across dryland West Africa. ,161
Article_33_2423,Article_33,2423,"However, there are still important differences between them that cannot be explained solely by the normal land use dynamism of the study area, in which only small changes usually take place.",0.9003206,"Even though the geo-statistical analysis cannot prove a change in [urban] area, 62% of the experts stated that there was an increase in [urban] area (conversion of cropland to [urban], see also .",98
Article_46_55,Article_46,55,"The relationship between annual changes in land-use categories (FAOSTAT; FAO, 2021) and rates of conversion between one category and another (land-use change) becomes more complex when net changes in area are reported for more than two categories.",0.9003093,"Even though the geo-statistical analysis cannot prove a change in [urban] area, 62% of the experts stated that there was an increase in [urban] area (conversion of cropland to [urban], see also .",98
Article_94_76,Article_94,76,"This is consistent with the findings of | 338: Page 20 of 23 The expansion of agricultural and croplands is consistent with government policy encouraging more youths to engage in agriculture as a means of employment, with the aim of increasing national GDP from export earnings, food security, nutrition diversity, household income, and local economic resilience.",0.9003072,Perhaps the most relevant aspect of the relationships between climate change and peasant agriculture is the realization that many small farmers cope with and even prepare for climate change minimizing crop failure through increased use of drought tolerant local varieties water harvesting mixed cropping agroforestry soil conservation practices and a series of other traditional techniques .,203
Article_26_76,Article_26,76,"This is consistent with the findings of | 338: Page 20 of 23 The expansion of agricultural and croplands is consistent with government policy encouraging more youths to engage in agriculture as a means of employment, with the aim of increasing national GDP from export earnings, food security, nutrition diversity, household income, and local economic resilience.",0.9003072,Perhaps the most relevant aspect of the relationships between climate change and peasant agriculture is the realization that many small farmers cope with and even prepare for climate change minimizing crop failure through increased use of drought tolerant local varieties water harvesting mixed cropping agroforestry soil conservation practices and a series of other traditional techniques .,203
Article_110_58,Article_110,58,The other land cover classes however realized appreciable changes from one period to another.,0.90030676,Within a distance of 300 km patterns of transitions approached those of the entire region and involve mostly savanna and agriculture the two largest land cover categories. ,169
Article_66_9,Article_66,9,The changing land use and land cover patterns show that the coal mine areas have been increased by 15% and urban areas also increased by 60%.,0.9003031,"Even though the geo-statistical analysis cannot prove a change in [urban] area, 62% of the experts stated that there was an increase in [urban] area (conversion of cropland to [urban], see also .",98
Article_39_9,Article_39,9,The changing land use and land cover patterns show that the coal mine areas have been increased by 15% and urban areas also increased by 60%.,0.9003031,"Even though the geo-statistical analysis cannot prove a change in [urban] area, 62% of the experts stated that there was an increase in [urban] area (conversion of cropland to [urban], see also .",98
Article_89_67,Article_89,67,"The impact of land cover change on the LST has mainly been focused on the previous sections, however, there was also an impact of climate change.",0.9002969,"The population density has increased during the past decades, which has had a significant impact on the [land cover]",67
Article_1_11,Article_1,11,"Introduction: Global cities, which are the engines of economic development These studies have generated highly credible information on the state of land use changes and their drivers, which can inform better decision making for sustainable planning of cities The Kingdom of Bhutan is located in the rugged landscape of the eastern Himalayas between 88 ˚54' and 92 ˚10 The impact of LULC changes are more serious in the cities than other areas mainly due to pressures from population, developmental programs, and rate of urbanization | Methodology: | Study area: Thimphu city, the capital of Bhutan is the crucible of socio-economic, political, and environmental development in the country.",0.90029347,The transhumance shed provides a useful geographic scale between the individual village territory and the regional agro pastoral belt that allows for a more accurate assessment of the relationship between herd mobility crop damage and conflict that reflects the environmental changes taking place across dryland West Africa. ,161
Article_15_11,Article_15,11,"Introduction: Global cities, which are the engines of economic development These studies have generated highly credible information on the state of land use changes and their drivers, which can inform better decision making for sustainable planning of cities The Kingdom of Bhutan is located in the rugged landscape of the eastern Himalayas between 88 ˚54' and 92 ˚10 The impact of LULC changes are more serious in the cities than other areas mainly due to pressures from population, developmental programs, and rate of urbanization | Methodology: | Study area: Thimphu city, the capital of Bhutan is the crucible of socio-economic, political, and environmental development in the country.",0.90029347,The transhumance shed provides a useful geographic scale between the individual village territory and the regional agro pastoral belt that allows for a more accurate assessment of the relationship between herd mobility crop damage and conflict that reflects the environmental changes taking place across dryland West Africa. ,161
Article_56_59,Article_56,59,This study indicates that significant variations of LST related to the transformation of LULC in Bangui city originating from the urbanization process.,0.900284,The man made LULC changes had a crucial contribution to the increase of actual ET and SURQ mainly by the expansion of cropland in the Niger River and Lake Chad basins.,162
Article_55_59,Article_55,59,This study indicates that significant variations of LST related to the transformation of LULC in Bangui city originating from the urbanization process.,0.900284,The man made LULC changes had a crucial contribution to the increase of actual ET and SURQ mainly by the expansion of cropland in the Niger River and Lake Chad basins.,162
Article_18_68,Article_18,68,"| Conclusions: This study provides the details of urban LULC changes in Blantyre city from 1994 to 2018 characterised by an increase in built-up area and the decline of vegetation and bare land areas, respectively.",0.9002812,The man made LULC changes had a crucial contribution to the increase of actual ET and SURQ mainly by the expansion of cropland in the Niger River and Lake Chad basins.,162
Article_84_47,Article_84,47,"As such, the suggestion by It is also important to note that the effects of the changes in land cover may be beyond quantitative water flux but may also include water quality changes and resultant impacts on ecosystems and economic activities | Implications on catchment scale water resources management: The issue of plantations and water resources requires an understanding of several areas of hydrology because forest vegetation cover influences several aspects of water balance in landscapes.",0.90027225,Perhaps the most relevant aspect of the relationships between climate change and peasant agriculture is the realization that many small farmers cope with and even prepare for climate change minimizing crop failure through increased use of drought tolerant local varieties water harvesting mixed cropping agroforestry soil conservation practices and a series of other traditional techniques .,203
Article_10_82,Article_10,82,"For example, the growing season of the year 2009-2010 had improved vegetation productivity in response to above-normal rainfall recorded in previous months, which resulted in flooding events in five sub-districts in the CDB (Serowe/Palapye, Tutume, Boteti, Mahalapye and Bobirwa) Drought severity was further gauged by the frequency at the constituency level.",0.90027016,The transhumance shed provides a useful geographic scale between the individual village territory and the regional agro pastoral belt that allows for a more accurate assessment of the relationship between herd mobility crop damage and conflict that reflects the environmental changes taking place across dryland West Africa. ,161
Article_58_82,Article_58,82,"For example, the growing season of the year 2009-2010 had improved vegetation productivity in response to above-normal rainfall recorded in previous months, which resulted in flooding events in five sub-districts in the CDB (Serowe/Palapye, Tutume, Boteti, Mahalapye and Bobirwa) Drought severity was further gauged by the frequency at the constituency level.",0.90027004,The transhumance shed provides a useful geographic scale between the individual village territory and the regional agro pastoral belt that allows for a more accurate assessment of the relationship between herd mobility crop damage and conflict that reflects the environmental changes taking place across dryland West Africa. ,161
Article_95_172,Article_95,172,"As presented under the analysis of LULCC with slope (Table Urban development, scarcity of grazing mismanagement, and lack of adequate technology to improve agricultural practices and livestock also contributed to LULCC.",0.9002688,Only a small percentage of people interviewed stated that overgrazing war and conflict inappropriate irrigation and the occurrence and spread of weeds and invader plants and bush encroachment could contribute to land degradation in the study area. ,212
Article_8_48,Article_8,48,We recommend continuing similar studies in the other watersheds to discern the role of change in LULC on runoff and sediment yield using high-resolution land cover data and integrating such data with human populations and infrastructure changes such as access roads to coal mine areas.,0.90025467,The transhumance shed provides a useful geographic scale between the individual village territory and the regional agro pastoral belt that allows for a more accurate assessment of the relationship between herd mobility crop damage and conflict that reflects the environmental changes taking place across dryland West Africa. ,161
Article_30_66,Article_30,66,LULCC included an expansion of anthropogenic disturbances in the form of pipelines construction and residential areas as well as a reduction in forests and scrublands.,0.900252,The man made LULC changes had a crucial contribution to the increase of actual ET and SURQ mainly by the expansion of cropland in the Niger River and Lake Chad basins.,162
Article_114_7,Article_114,7,"Core research areas such as biodiversity, land use, and conservation exist due to the ongoing interest in the value of tropical forests and their response to climate change.",0.9002447,Perhaps the most relevant aspect of the relationships between climate change and peasant agriculture is the realization that many small farmers cope with and even prepare for climate change minimizing crop failure through increased use of drought tolerant local varieties water harvesting mixed cropping agroforestry soil conservation practices and a series of other traditional techniques .,203
Article_71_104,Article_71,104,"This advantage is probably due to the water collection infrastructure-especially the cisterns, and the high density of springs and rivers close to homes (Figure Figure responsible for drought and flooding in the region.",0.90023905,The man made LULC changes had a crucial contribution to the increase of actual ET and SURQ mainly by the expansion of cropland in the Niger River and Lake Chad basins.,162
Article_8_10,Article_8,10,It has long been considered a factor affecting the global environment Various anthropogenic activities have played an important role in landscape changes in the Appalachian Mountains region.,0.9002385,The Upper Guinean forest is a global biodiversity hotspot and has become one of the most human modified forest ecosystems in the tropics having lost over 80% of its original forest cover with the remainder distributed in a fragmented agriculture forest mosaic,148
Article_37_76,Article_37,76,"The imperviousness in the form of % ISA has been obtained for both the years, since the scale value for both the LU-LC map and imperviousness map are same; the extraction of information could be easily carried out.",0.9002352,"Even though the geo-statistical analysis cannot prove a change in [urban] area, 62% of the experts stated that there was an increase in [urban] area (conversion of cropland to [urban], see also .",98
Article_51_47,Article_51,47,"Considering land use and cover, there is a decrease of exposed soil, and increases sugarcane cultivation.",0.9002249,The man made LULC changes had a crucial contribution to the increase of actual ET and SURQ mainly by the expansion of cropland in the Niger River and Lake Chad basins.,162
Article_59_72,Article_59,72,"NMF areas, which amounted to 20,385ha (56.61%) in 2000, decreased to 17,685 ha (49.11%) in 2010, with an annual rate of 270 ha.year -1 (1.32%) (Table | LULC Change between 2000 and 2010: During the 10 years between 2000 and 2010, more forest land was cleared or changed to other land uses.",0.9002104,A high increase occurred for farm fallow land rising from 0.022% of the protected area in 1984 to 12.59% in 2013 by which time it was the largest single cover class Fig.4,223
Article_88_72,Article_88,72,"NMF areas, which amounted to 20,385ha (56.61%) in 2000, decreased to 17,685 ha (49.11%) in 2010, with an annual rate of 270 ha.year -1 (1.32%) (Table | LULC Change between 2000 and 2010: During the 10 years between 2000 and 2010, more forest land was cleared or changed to other land uses.",0.9002104,A high increase occurred for farm fallow land rising from 0.022% of the protected area in 1984 to 12.59% in 2013 by which time it was the largest single cover class Fig.4,223
Article_11_38,Article_11,38,The study presented in this paper is part of a larger study that will examine the impacts of LULC and changing vegetation patterns on LST of several other small urban agglomerations in different parts of India to conduct a comparative analysis.,0.9001818,The transhumance shed provides a useful geographic scale between the individual village territory and the regional agro pastoral belt that allows for a more accurate assessment of the relationship between herd mobility crop damage and conflict that reflects the environmental changes taking place across dryland West Africa. ,161
Article_22_46,Article_22,46,"Forests, especially stone pine trees (Pinus pinea) and Turkish pine trees (Pinus buritia), are created to prevent sand dunes in the eastern and western parts of the study region and cover a large area | Determination of the land use and land cover of Belek Tourism Center from past to present: | Data acqusition: Data used in this study were acquired through various resources.",0.9001616,"#text': 'After the droughts in the 1970s and 1980s, the observed loss of woody vegetation cover was often considered as irreversible [desertification] and large parts of the Sahel were designated as degraded land (e.g",0
Article_63_8,Article_63,8,"e study concludes that if these trends of cultivation and settlement land expansion allowed continuing, there will be no dense forest vegetation will remain.",0.900153,Thus farmland persists and increases each year at the expense of forest woodland and tree savanna . ,229
Article_101_51,Article_101,51,"By stratified random sampling, we distributed these points over the study area Figure | Change Detection: There are a variety of approaches for detecting LULC changes using different satellite image data | Conclusions: The climate around the globe has been modified by human activities through the LULC changes.",0.90012467,"Even though the geo-statistical analysis cannot prove a change in [urban] area, 62% of the experts stated that there was an increase in [urban] area (conversion of cropland to [urban], see also .",98
Article_88_55,Article_88,55,"Attempts to further study these outcomes can give insight to the land use behavior, pattern, and rate at which the changes occur in the study area in particular and in the region of Al-Jabal Al-Akhdar in general.",0.90012336,The transhumance shed provides a useful geographic scale between the individual village territory and the regional agro pastoral belt that allows for a more accurate assessment of the relationship between herd mobility crop damage and conflict that reflects the environmental changes taking place across dryland West Africa. ,161
Article_59_55,Article_59,55,"Attempts to further study these outcomes can give insight to the land use behavior, pattern, and rate at which the changes occur in the study area in particular and in the region of Al-Jabal Al-Akhdar in general.",0.90012336,The transhumance shed provides a useful geographic scale between the individual village territory and the regional agro pastoral belt that allows for a more accurate assessment of the relationship between herd mobility crop damage and conflict that reflects the environmental changes taking place across dryland West Africa. ,161
Article_46_136,Article_46,136,"If all conversions of tropical forests to other land were assumed to be for shifting cultivation, the area was 450 × 10 6 ha in 2020, up from 239×10 6 ha in 1850 according to our assumptions.",0.9001096,"About 26 and 31% of the total area of natural vegetation ([forest], woodland and tree [savanna]) will be converted to farmland and degraded [savanna] by 2050 if we assume the dynamics recorded from 1975 to 1990 and 1990-2010, respectively",8
Article_1_54,Article_1,54,"These developments could jeopardize ecosystem health, human well-being, and food security | Prediction of land use land cover change: Results of LULC prediction using CA-Markov analysis are shown in Table | Conclusion: This study represents a first ever attempt to simulate the process of land use dynamics and the effects of physical, demographic, and socioeconomic driving forces on LULC in Bhutan's capital city of Thimphu using remote sensing and GIS technology.",0.90009916,The transhumance shed provides a useful geographic scale between the individual village territory and the regional agro pastoral belt that allows for a more accurate assessment of the relationship between herd mobility crop damage and conflict that reflects the environmental changes taking place across dryland West Africa. ,161
Article_15_54,Article_15,54,"These developments could jeopardize ecosystem health, human well-being, and food security | Prediction of land use land cover change: Results of LULC prediction using CA-Markov analysis are shown in Table | Conclusion: This study represents a first ever attempt to simulate the process of land use dynamics and the effects of physical, demographic, and socioeconomic driving forces on LULC in Bhutan's capital city of Thimphu using remote sensing and GIS technology.",0.90009916,The transhumance shed provides a useful geographic scale between the individual village territory and the regional agro pastoral belt that allows for a more accurate assessment of the relationship between herd mobility crop damage and conflict that reflects the environmental changes taking place across dryland West Africa. ,161
Article_111_41,Article_111,41,"In contrast, baseflow, lateral flow, percolation and ET are negatively related to change in cultivated and urban areas.",0.90007377,The man made LULC changes had a crucial contribution to the increase of actual ET and SURQ mainly by the expansion of cropland in the Niger River and Lake Chad basins.,162
Article_50_22,Article_50,22,"This difference, which has been considered in the literature, mainly reflects differences in how anthropogenic forest sinks and areas of managed land are defined.",0.9000507,"Even though the geo-statistical analysis cannot prove a change in [urban] area, 62% of the experts stated that there was an increase in [urban] area (conversion of cropland to [urban], see also .",98
Article_10_108,Article_10,108,"Botswana requires both proactive and reactive approaches for drought management, for which remote sensing-based assessment and monitoring foster the implementation of drought early warning systems.",0.9000483,Perhaps the most relevant aspect of the relationships between climate change and peasant agriculture is the realization that many small farmers cope with and even prepare for climate change minimizing crop failure through increased use of drought tolerant local varieties water harvesting mixed cropping agroforestry soil conservation practices and a series of other traditional techniques .,203
Article_58_108,Article_58,108,"Botswana requires both proactive and reactive approaches for drought management, for which remote sensing-based assessment and monitoring foster the implementation of drought early warning systems.",0.9000483,Perhaps the most relevant aspect of the relationships between climate change and peasant agriculture is the realization that many small farmers cope with and even prepare for climate change minimizing crop failure through increased use of drought tolerant local varieties water harvesting mixed cropping agroforestry soil conservation practices and a series of other traditional techniques .,203
Article_95_174,Article_95,174,The scarcity of land and the need to farm more coupled with resettlement have reduced grazing lands.,0.9000283,During this time the land required for [agriculture] increased significantly so that large areas of natural bushland were deforested for [cultivation] purposes,81
Article_20_70,Article_20,70,"Soil erosion, desertification, and other soil degradation associated with intensive agriculture productivity reduce land resource quality and hamper food productivity.",0.90002584,Anthropogenic activities such as agricultural reclamation and overgrazing may be primary driver of these deepening desertification patterns in these regions . ,183
Article_44_70,Article_44,70,"Soil erosion, desertification, and other soil degradation associated with intensive agriculture productivity reduce land resource quality and hamper food productivity.",0.90002584,Anthropogenic activities such as agricultural reclamation and overgrazing may be primary driver of these deepening desertification patterns in these regions . ,183
Article_45_17,Article_45,17,"The final question is to evaluate the influence of LULC change on the EQ of a region by constructing an EQI involving the LULC classes, biophysical indicators, and socio-economic indicators.",0.9000131,"Even though the geo-statistical analysis cannot prove a change in [urban] area, 62% of the experts stated that there was an increase in [urban] area (conversion of cropland to [urban], see also .",98
Article_51_48,Article_51,48,Another notable change was the change of sugarcane for pasture in the northern and central portions of the sub-basin.,0.9000084,The man made LULC changes had a crucial contribution to the increase of actual ET and SURQ mainly by the expansion of cropland in the Niger River and Lake Chad basins.,162
