article_id,sentence,relation_type,matched_text_by_pattern,entities_in_match
Article_2,"It is also defined as urban expansion, as the process of concentrating the population into cities, or as the rapid formation of urban population points based on production and life development Scientists also examine and observe urbanization from many different angles | Land use change in the World: a literature review: Land area of the world is estimated at 13 billion hectares, of which agricultural land accounts for 37.6%, equivalent to 4.9 billion hectares Built-up land occupied a relatively small area of about 1-3% in 2005, but it is expected to increase to about 260 to 420 million hectares (about 4-5%) by 2050 .",CHANGE_HAS_MAGNITUDE,increase to about,"[{'text': 'increase', 'label': 'CHANGE'}]"
Article_2,"By 2019, the number of urban areas in Vietnam had increased to 846 .",CHANGE_HAS_MAGNITUDE,increased to 846,"[{'text': 'increased', 'label': 'CHANGE'}, {'text': '846', 'label': 'CARDINAL'}]"
Article_2,"The percentage of agricultural and non-agricultural land in these regions' provinces has mostly increased by over 7%, while unused land decreased by over 100%.",CHANGE_HAS_MAGNITUDE,increased by over,"[{'text': 'increased', 'label': 'CHANGE'}]"
Article_2,"The percentage of agricultural and non-agricultural land in these regions' provinces has mostly increased by over 7%, while unused land decreased by over 100%.",CHANGE_HAS_MAGNITUDE,decreased by over,"[{'text': 'decreased', 'label': 'CHANGE'}]"
Article_2,"However, the conversion of land from agriculture to urban areas is concentrated in two regions: the Southeast and the Red River Delta.",LULC_TRANSFORMATION,agriculture to urban,"[{'text': 'agriculture', 'label': 'LULC'}, {'text': 'urban', 'label': 'LULC'}]"
Article_4,"The water body area did not change much, and the area of unused land also increased, which was mainly caused by grassland and water body shrinkage.",LULC_TRANSFORMATION,water body,"[{'text': 'water body', 'label': 'LULC'}]"
Article_4,"The water body area did not change much, and the area of unused land also increased, which was mainly caused by grassland and water body shrinkage.",LULC_TRANSFORMATION,water body,"[{'text': 'water body', 'label': 'LULC'}]"
Article_4,"The water body area did not change much, and the area of unused land also increased, which was mainly caused by grassland and water body shrinkage.",LULC_TRANSFORMATION,water body,"[{'text': 'water body', 'label': 'LULC'}]"
Article_4,"The water body area did not change much, and the area of unused land also increased, which was mainly caused by grassland and water body shrinkage.",LULC_TRANSFORMATION,water body,"[{'text': 'water body', 'label': 'LULC'}]"
Article_7,"Overall, in the 2018-2040 time period, this trend will negatively impact RA and DD, leading to a change of -3.88% yr -1 (R 2 = 0.922) in DCEN, which is clearly evident in different time intervals.",CHANGE_HAS_MAGNITUDE,change of -3.88,"[{'text': 'change', 'label': 'CHANGE'}]"
Article_7,"From 2007 to 2018, it showed a -4.67% yr -1 decrease, whereas in the 2018-2025 and 2025-2030 periods, it decreased -12.69% yr -1 and increased 4.78% yr -1 , respectively.",CHANGE_HAS_MAGNITUDE,increased 4.78,"[{'text': 'increased', 'label': 'CHANGE'}]"
Article_7,"In comparison to 2018, the FPLR areas of the very high risk category will grow approximately 2.5 times in 2025-2040.",CHANGE_HAS_MAGNITUDE,grow approximately,"[{'text': 'grow', 'label': 'CHANGE'}]"
Article_10,"Similarly considered as degrading land transitions are those involving the conversion of grasslands into croplands, artificial surface areas and otherlands.",LULC_TRANSFORMATION,grasslands into croplands,"[{'text': 'grasslands', 'label': 'LULC'}, {'text': 'croplands', 'label': 'LULC'}]"
Article_11,"Additionally during this period both the cities have also experienced an increase in its built-up area and a consistent reduction in water, vegetation and soil, indicating a rapid expansion of urban areas at the cost of its vegetation, soil and water bodies.",LULC_TRANSFORMATION,water bodies,"[{'text': 'water bodies', 'label': 'LULC'}]"
Article_11,"In case of both of the cities, growth along the water body was noticeable.",LULC_TRANSFORMATION,water body,"[{'text': 'water body', 'label': 'LULC'}]"
Article_12,"As can be seen in Table The result of this study is in agreement with the study of Most croplands were situated in relatively flat areas in 1957, however, these areas were affected by the construction of the Fincha dam in 1973 BL-bare land, CL-cultivated land, FL-forestland, SA-settlement area, WB-water body, WL-wetland.",LULC_TRANSFORMATION,water body,"[{'text': 'water body', 'label': 'LULC'}]"
Article_12,"The dominant contributors to the decline of forest cover were the conversions of forest land to cultivated land 3608.44 ha (41.8 %), wetlands 965.52 ha (11.18 %) and settlement areas 717.72 ha (8.3 %) as shown in (Table While some parts of the original cultivated land was were lost to other LULC classes, such as settlement area, 1983.87 ha(10.66 %) and it has also expanded, mainly due to area gains from wetlands,5445.92 ha (54.9 %), forest land, 3608.44 ha (41.8 %) and bare land, 2069.82 ha (72 %), as shown in (Table | Analysis of rate and patterns of LULC dynamics 1973-2019: During the 1973-2019 years periods, three land use types had shown an increasing trend; cultivated land (48.83 %), settlement areas (38.8 %) and water bodies (164 %).",LULC_HAS_AREA,wetlands 965.52,"[{'text': 'wetlands', 'label': 'LULC'}]"
Article_12,"The dominant contributors to the decline of forest cover were the conversions of forest land to cultivated land 3608.44 ha (41.8 %), wetlands 965.52 ha (11.18 %) and settlement areas 717.72 ha (8.3 %) as shown in (Table While some parts of the original cultivated land was were lost to other LULC classes, such as settlement area, 1983.87 ha(10.66 %) and it has also expanded, mainly due to area gains from wetlands,5445.92 ha (54.9 %), forest land, 3608.44 ha (41.8 %) and bare land, 2069.82 ha (72 %), as shown in (Table | Analysis of rate and patterns of LULC dynamics 1973-2019: During the 1973-2019 years periods, three land use types had shown an increasing trend; cultivated land (48.83 %), settlement areas (38.8 %) and water bodies (164 %).",LULC_TRANSFORMATION,water bodies,"[{'text': 'water bodies', 'label': 'LULC'}]"
Article_12,"During this period, forest land 2985.27ha (34.6 %), bare land 2320.76 ha (80.8 %) and wetland 7919.26 ha (395.9 %), was lost in the study area.",LULC_HAS_AREA,wetland 7919.26,"[{'text': 'wetland', 'label': 'LULC'}]"
Article_12,World Commission on Environment and Development points out that people who are poor and hungry devastate their immediate environment in order to survive Socio-cultural factors were found to be an important underlying driving force of LULC change by 85.1 % of respondents.,CHANGE_HAS_MAGNITUDE,change by 85.1,"[{'text': 'change', 'label': 'CHANGE'}]"
Article_14,"The rise in the area of artificial surfaces was especially noticeable within the 1 km buffer zone: construction activities converted 36.1% of agricultural fields, 54.1% of forests, and 23.2% of barren lands into artificial surfaces.",CHANGE_HAS_MAGNITUDE,converted 36.1,"[{'text': 'converted', 'label': 'CHANGE'}]"
Article_14,The filling activities on the seashore resulted in a loss of water bodies of up to 26.5%.,LULC_TRANSFORMATION,water bodies,"[{'text': 'water bodies', 'label': 'LULC'}]"
Article_16,"From these findings, change detection analysis shows that the area used for agricultural land, barren land, forest, built-up areas, and waterbodies has increased by 5.17%, 3.39%, 0.84%, and 0.26%, respectively, between 1996 and 2019.",CHANGE_HAS_MAGNITUDE,increased by 5.17,"[{'text': 'increased', 'label': 'CHANGE'}]"
Article_16,The forest area has decreased by 9.67% at the same time.,CHANGE_HAS_MAGNITUDE,decreased by 9.67,"[{'text': 'decreased', 'label': 'CHANGE'}]"
Article_16,"From these findings, change detection analysis shows that the area used for agricultural land, barren land, forest, built-up areas, and waterbodies has increased by 5.17 %, 3.39 %, 0.84 %, and 0.26 %, respectively, between 1996 and 2019.",CHANGE_HAS_MAGNITUDE,increased by 5.17,"[{'text': 'increased', 'label': 'CHANGE'}]"
Article_16,The forest area has decreased by 9.67 % at the same time.,CHANGE_HAS_MAGNITUDE,decreased by 9.67,"[{'text': 'decreased', 'label': 'CHANGE'}]"
Article_19,"Pasture expanded by 46% from 1985 to 2017, and agriculture by 172%, mostly replacing old pasture fields.",CHANGE_HAS_MAGNITUDE,expanded by 46,"[{'text': 'expanded', 'label': 'CHANGE'}]"
Article_19,| Mangrove: Dense and evergreen forest formation often flooded by tide and associated with the mangrove coastal ecosystem.,LULC_TRANSFORMATION,evergreen forest,"[{'text': 'evergreen forest', 'label': 'LULC'}]"
Article_19,"Other Non-Forest Formation Natural grasslands, Savanna, Park Savanna, Steppe Savanna, Woody-Grassland Savanna, ""Campinarana"" in the Amazon biome.",LULC_TRANSFORMATION,Grassland Savanna,"[{'text': 'Grassland', 'label': 'LULC'}, {'text': 'Savanna', 'label': 'LULC'}]"
Article_19,"The minority land cover classes in terms of extent were non-forest formation (63.4 Mha, 7.48%), followed by surface water with 12.5 Mha (1.47%) and non-vegetated area (2.17 Mha, 0.25%) (Table At the country level, the water class showed the lowest annual average percent change (0.17% per year; s ± 7.12%) with a more pronounced trend towards reducing surface water between 2010 and 2017 in the Caatinga and Cerrado biomes (Figure Non-vegetated area was the LULC class with the smallest extent, but showed a rapid increase in area from 1985 to 2017 with an average expansion rate of 1.72% per year (s ± 10.2%) in the whole country (Figure The farming class also expanded between 1985 and 2017 at rate of 1.7% per year (s ± 3.8%) (Figure The non-forested formation class showed an annual change of -0.34% per year (s ± 2.8%) between 1985 and 2017.",CHANGE_HAS_MAGNITUDE,change of -0.34,"[{'text': 'change', 'label': 'CHANGE'}]"
Article_19,"Overall, the pasture area increased by 45.4 Mha in Brazil from 1985 to 2017 (Table River, lakes and ocean (RLO), as well as urban infrastructure LULC classes had an increase in area between 1985 and 2017 of 1.0 Mha each (Table | LULC Biome Transitions: We estimated 63.5% of the Brazilian territory did not undergo change in its original land cover class from 1985 to 2017, totaling 540.7 Mha (Table The vegetation loss totaled 102.4 Mha, representing 33% of the total area that underwent LULC change between 1985 and 2017 (i.e., 310.8 Mha; Table Shifting land-use was responsible for 31.6% of the total LULC change between 1985 and 2017 (Table Remote Sens.",CHANGE_HAS_MAGNITUDE,increased by 45.4,"[{'text': 'increased', 'label': 'CHANGE'}, {'text': '45.4', 'label': 'CARDINAL'}]"
Article_19,"Pasture expanded by 46% in the country, mainly in the Amazon and Pantanal biomes, while agriculture increased by 172%, mostly in the Atlantic Forest replacing old pastures and in the Cerrado biomes converting savanna and grasslands formations.",CHANGE_HAS_MAGNITUDE,expanded by 46,"[{'text': 'expanded', 'label': 'CHANGE'}]"
Article_19,"Pasture expanded by 46% in the country, mainly in the Amazon and Pantanal biomes, while agriculture increased by 172%, mostly in the Atlantic Forest replacing old pastures and in the Cerrado biomes converting savanna and grasslands formations.",CHANGE_HAS_MAGNITUDE,increased by 172,"[{'text': 'increased', 'label': 'CHANGE'}]"
Article_20,Agriculture lands and water bodies were dynamically transformed into impervious infrastructures in order to meet the demands of a rapidly expanding population.,LULC_TRANSFORMATION,water bodies,"[{'text': 'water bodies', 'label': 'LULC'}]"
Article_20,"Hence, a significant decrease in agricultural land (-1.50 % and -5.93 %) and water bodies (-0.47 % and -2.24 %) were also identified in 2029 and 2039, respectively.",LULC_TRANSFORMATION,water bodies,"[{'text': 'water bodies', 'label': 'LULC'}]"
Article_20,"The total area of agricultural lands was decreased by 8.27 % from 1999 to 2019, while the built-up area was increased by 7.81 %.",CHANGE_HAS_MAGNITUDE,decreased by 8.27,"[{'text': 'decreased', 'label': 'CHANGE'}]"
Article_20,"The total area of agricultural lands was decreased by 8.27 % from 1999 to 2019, while the built-up area was increased by 7.81 %.",CHANGE_HAS_MAGNITUDE,increased by 7.81,"[{'text': 'increased', 'label': 'CHANGE'}]"
Article_20,"Besides, negative impacts of seasonal temperature rise include a decline in the number and quality of crops as a consequence of the low growth cycle for high-temperature rises, decrease in the sugar content and fruit store stability, poor coloring, rising weeds, and harmful insects in crops and decreasing soil productivity (Figure According to the Bangladesh Agricultural Development Corporation, ""Boro rice"" production will significantly be decreased from 13.5 % to 2.6 % in upcoming years, with an increase of 2 C mean temperature in the study region.",CHANGE_HAS_MAGNITUDE,increase of 2,"[{'text': 'increase', 'label': 'CHANGE'}, {'text': '2', 'label': 'CARDINAL'}]"
Article_20,The LULC analysis demonstrates a significant increase in the built-up area with a net increase of þ7.81 % from 1999 to 2019.,CHANGE_HAS_MAGNITUDE,increase of þ7.81,"[{'text': 'increase', 'label': 'CHANGE'}]"
Article_20,"Meanwhile, agricultural land and water bodies were decreased by -8.27 % and -4.75 % from 1999 to 2019.",LULC_TRANSFORMATION,water bodies,"[{'text': 'water bodies', 'label': 'LULC'}]"
Article_20,"Meanwhile, agricultural land and water bodies were decreased by -8.27 % and -4.75 % from 1999 to 2019.",CHANGE_HAS_MAGNITUDE,decreased by -8.27,"[{'text': 'decreased', 'label': 'CHANGE'}]"
Article_21,"Agricultural and settlements have grown significant expansion in the study watershed, increasing by 24.49% and 54.78%, respectively during this period .",CHANGE_HAS_MAGNITUDE,increasing by 24.49,"[{'text': 'increasing', 'label': 'CHANGE'}]"
Article_22,"According to the results obtained through a 36-year research, the rates of settlement, forest, and water body areas have increased by 11.91%, 13.67%, and 0.82%, respectively whereas the rates of barren land and agricultural areas have reduced by 22.25% and 4.15%, respectively.",LULC_TRANSFORMATION,water body,"[{'text': 'water body', 'label': 'LULC'}]"
Article_22,"According to the results obtained through a 36-year research, the rates of settlement, forest, and water body areas have increased by 11.91%, 13.67%, and 0.82%, respectively whereas the rates of barren land and agricultural areas have reduced by 22.25% and 4.15%, respectively.",CHANGE_HAS_MAGNITUDE,increased by 11.91,"[{'text': 'increased', 'label': 'CHANGE'}]"
Article_22,The land use map modeled for 2040 predicts the settlement areas to expand by 5.46% and the agricultural areas to shrink by 4.21% by comparison with 2021.,CHANGE_HAS_MAGNITUDE,expand by 5.46,"[{'text': 'expand', 'label': 'CHANGE'}]"
Article_22,"An expansion was noted in forests by 13.67%, in built-up areas by 11.91%, and in water body areas by 0.82% during this 36-year period.",LULC_TRANSFORMATION,water body,"[{'text': 'water body', 'label': 'LULC'}]"
Article_22,"Figure The statistics for 2040 year predict that of the total area, 30.11% will be agricultural area, 25.25% water body area, 24.78% forest, 19.18% built-up area, and 0.68% barren area.",LULC_TRANSFORMATION,water body,"[{'text': 'water body', 'label': 'LULC'}]"
Article_22,"Within the period of 2021 and 2040, it is expected that built-up areas and forests will expand by 5.46% and 1.28%, whereas agricultural areas and barren areas will shrink by 4.21% and 2.56%, respectively.",CHANGE_HAS_MAGNITUDE,expand by 5.46,"[{'text': 'expand', 'label': 'CHANGE'}]"
Article_22,The future changes in the water body areas (0.03%) are predicted to be insigni cant.,LULC_TRANSFORMATION,water body,"[{'text': 'water body', 'label': 'LULC'}]"
Article_22,This partial expansion in the water body areas was due to the construction of arti cial ponds with landscape in golf courses.,LULC_TRANSFORMATION,water body,"[{'text': 'water body', 'label': 'LULC'}]"
Article_23,"The LULC of Sharqiyah is divided into four classes (vegetation, builtup, bare land, and water bodies) based on Landsat pictures for an increase in the built-up area; furthermore, there is a decline in the vegetation cover.",LULC_TRANSFORMATION,water bodies,"[{'text': 'water bodies', 'label': 'LULC'}]"
Article_23,"In contrast, vegetation reduced substantially from 66.15 % to 53.39 %, and bare land decreased by 5.63 %.",CHANGE_HAS_MAGNITUDE,decreased by 5.63,"[{'text': 'decreased', 'label': 'CHANGE'}]"
Article_24,"After 1998, the urban settlement area in Samsun increased by 96.32% and grew to approximately 32 km², and this growth generally developed towards agricultural areas.",CHANGE_HAS_MAGNITUDE,increased by 96.32,"[{'text': 'increased', 'label': 'CHANGE'}]"
Article_24,The decrease in green areas shows the transformation into bare soil areas.,LULC_TRANSFORMATION,bare soil,"[{'text': 'bare soil', 'label': 'LULC'}]"
Article_26,"Other cultivated areas of cropland, built-up, oil palm, and banana plantation covers increased by 21,360 ha (10.5%), 3152 ha (1.6%), 5721 ha (2.8%), and 1823 ha (0.9%), while dense forest, rubber and tea plantation covers decreased by -44,945 ha (-22.1%), -15,557 ha (-7.7%), and -110 ha (-0.1%), respectively, from 1986 to 2018.",CHANGE_HAS_MAGNITUDE,"increased by 21,360","[{'text': 'increased', 'label': 'CHANGE'}]"
Article_26,"Other cultivated areas of cropland, built-up, oil palm, and banana plantation covers increased by 21,360 ha (10.5%), 3152 ha (1.6%), 5721 ha (2.8%), and 1823 ha (0.9%), while dense forest, rubber and tea plantation covers decreased by -44,945 ha (-22.1%), -15,557 ha (-7.7%), and -110 ha (-0.1%), respectively, from 1986 to 2018.",CHANGE_HAS_MAGNITUDE,"decreased by -44,945","[{'text': 'decreased', 'label': 'CHANGE'}]"
Article_26,"Beyond 2000, much of the expansion in built-up areas and other cultivated areas of cropland occurred more in non-forest than forest areas in Buea and Limbe subdivisions, leading to a decrease in the area cover of agro-industrial plantations.",LULC_TRANSFORMATION,forest than forest,"[{'text': 'forest', 'label': 'LULC'}, {'text': 'forest', 'label': 'LULC'}]"
Article_27,"The outcomes revealed that most urbanization occurred in the outskirts of the cities, where previously there were bare soil lands.",LULC_TRANSFORMATION,bare soil,"[{'text': 'bare soil', 'label': 'LULC'}]"
Article_27,The results showed that urban areas increased by approximately 628% between 1990 and 2022.,CHANGE_HAS_MAGNITUDE,increased by approximately,"[{'text': 'increased', 'label': 'CHANGE'}]"
Article_27,The results showed that there had been a significant increase in urbanization and a decrease in bare soil and green spaces during this period.,LULC_TRANSFORMATION,bare soil,"[{'text': 'bare soil', 'label': 'LULC'}]"
Article_27,"Most of the urbanization occurred in the outskirts of the cities, where previously there was bare soil.",LULC_TRANSFORMATION,bare soil,"[{'text': 'bare soil', 'label': 'LULC'}]"
Article_28,"LU/LC analysis shows that there was a drastic decrease of grassland by 15.64% and shrubland by 9.56% while an increase of agricultural land and settlement by 18.01% and 13.01%, respectively, for 30 years.",CHANGE_HAS_MAGNITUDE,decrease of grassland by 15.64,"[{'text': 'decrease', 'label': 'CHANGE'}, {'text': 'grassland', 'label': 'LULC'}]"
Article_28,Agricultural land increased by 18.01% during the study period.,CHANGE_HAS_MAGNITUDE,increased by 18.01,"[{'text': 'increased', 'label': 'CHANGE'}]"
Article_28,"is is due to the increase of population growth that causes the increase in demand for cultivation land for different agricultural products like cereal crops, field crops, industrial crops, whereas the forest area was diminished.",LULC_TRANSFORMATION,cereal crops,"[{'text': 'cereal', 'label': 'LULC'}, {'text': 'crops', 'label': 'LULC'}]"
Article_30,Analysis reveals that forests have undergone continuous change and have witnessed a dramatic decline leading to the loss of 16.9 hectares of (-2.45% net decline) forest during this two-year period.,CHANGE_HAS_MAGNITUDE,loss of 16.9,"[{'text': 'loss', 'label': 'CHANGE'}]"
Article_31,"The results show that the type of built-up land cover and open land continued to increase in area, while agricultural and non-agricultural areas continued to experience a decrease in area and water bodies did not experience a decrease in area.",LULC_TRANSFORMATION,water bodies,"[{'text': 'water bodies', 'label': 'LULC'}]"
Article_33,"Areas without a specific cover, such as areas of bare rock or bare soil, are also regarded as land covers.",LULC_TRANSFORMATION,bare soil,"[{'text': 'bare soil', 'label': 'LULC'}]"
Article_33,"For instance, a given forest category could show an absolute change of -2 ha, which could be erroneously interpreted as very little change, but in fact is the result of two opposing processes: the deforestation of 202 ha compensated by the reforestation of 200 ha.",CHANGE_HAS_MAGNITUDE,change of -2,"[{'text': 'change', 'label': 'CHANGE'}]"
Article_33,"For instance, a given forest category could show an absolute change of -2 ha, which could be erroneously interpreted as very little change, but in fact is the result of two opposing processes: the deforestation of 202 ha compensated by the reforestation of 200 ha.",CHANGE_HAS_MAGNITUDE,result of two,"[{'text': 'result', 'label': 'CHANGE'}, {'text': 'two', 'label': 'CARDINAL'}]"
Article_33,The built-up area increased by over 50%.,CHANGE_HAS_MAGNITUDE,increased by over,"[{'text': 'increased', 'label': 'CHANGE'}]"
Article_33,"Over the period 2000-2018, the area covered by these categories increased by around 2.5% a year.",CHANGE_HAS_MAGNITUDE,increased by around,"[{'text': 'increased', 'label': 'CHANGE'}]"
Article_36,"However, the expansion of the urban class is not substantial with respect to the total area of the catchment, i.e., an increase of 1.5% (50.2 km 2 ).",CHANGE_HAS_MAGNITUDE,increase of 1.5,"[{'text': 'increase', 'label': 'CHANGE'}]"
Article_36,"The estimated ET, WYLD, and SURQ in the dynamic land use model increased by 0.9%, 1%, and 2.8%, respectively.",CHANGE_HAS_MAGNITUDE,increased by 0.9,"[{'text': 'increased', 'label': 'CHANGE'}]"
Article_36,A possible reason for the increase in ET is the conversion of forest to irrigated paddy fields.,LULC_TRANSFORMATION,paddy fields,"[{'text': 'paddy fields', 'label': 'LULC'}]"
Article_36,"Also, a positive impact on SURQ and WYLD can be observed as almost 80% of the irrigation water for the expanded rice fields are taken from outside the catchment (Sefidrood river).",LULC_TRANSFORMATION,rice fields,"[{'text': 'rice fields', 'label': 'LULC'}]"
Article_38,"The agricultural land in 1990 was 41,587.21 ha which increased to 57,868.95 ha in 2019 with an average growth rate of 39.15%.",CHANGE_HAS_MAGNITUDE,"increased to 57,868.95","[{'text': 'increased', 'label': 'CHANGE'}]"
Article_38,"The predicted LULC map shows that the forest cover will further degrade from 16.94% in 2019 to 8.07% in 2050, while agricultural land would be expanded to 69,021.20 ha and 69,264.44 ha in 2035 and 2050 from 57,868.95 ha in 2019.",CHANGE_HAS_MAGNITUDE,"expanded to 69,021.20","[{'text': 'expanded', 'label': 'CHANGE'}]"
Article_38,"| Forest Land: Areas covered with dense trees (deciduous forests, evergreen forests, mixed forests).",LULC_TRANSFORMATION,evergreen forests,"[{'text': 'evergreen forests', 'label': 'LULC'}]"
Article_38,"The predicted results of the year 2035 and 2050 show an increase in agriculture, water body and urban land.",LULC_TRANSFORMATION,water body,"[{'text': 'water body', 'label': 'LULC'}]"
Article_39,The changing land use and land cover patterns show that the coal mine areas have been increased by 15% and urban areas also increased by 60%.,CHANGE_HAS_MAGNITUDE,increased by 15,"[{'text': 'increased', 'label': 'CHANGE'}]"
Article_39,The changing land use and land cover patterns show that the coal mine areas have been increased by 15% and urban areas also increased by 60%.,CHANGE_HAS_MAGNITUDE,increased by 60,"[{'text': 'increased', 'label': 'CHANGE'}]"
Article_39,"settlement, water bodies, coal mines, agricultural land, fallow land, industry, vegetation, and wasteland.",LULC_TRANSFORMATION,water bodies,"[{'text': 'water bodies', 'label': 'LULC'}]"
Article_39,"The changing trend of ground surface temperature depicts that maximum and minimum temperature during the summer season has been increased about 0.15 °C and Moreover, the unused fallow land should be converted into vegetation land so that increasing surface temperature will be under control.",CHANGE_HAS_MAGNITUDE,increased about,"[{'text': 'increased', 'label': 'CHANGE'}]"
Article_41,"The simulation illustrates that the 2025 projected map indicates the trend observed from 2009 to 2018, revealing that the natural forest area will continue to decrease by more than 23 thousand ha.",CHANGE_HAS_MAGNITUDE,decrease by more,"[{'text': 'decrease', 'label': 'CHANGE'}]"
Article_41,"By contrast, rubber, residential area, and agricultural land are predicted to increase by approximately 460 ha, 3000 ha, and 20,000 ha, respectively.",CHANGE_HAS_MAGNITUDE,increase by approximately,"[{'text': 'increase', 'label': 'CHANGE'}]"
Article_43,"From the above results, the following conclusions have been drawn: (1) The total ESV during the study period was reduced from USD 7.1557 million in 2010 to USD 6.5941 million in 2020, a reduction of -8.51%.",CHANGE_HAS_MAGNITUDE,reduction of -8.51,"[{'text': 'reduction', 'label': 'CHANGE'}]"
Article_44,Agriculture lands and water bodies were dynamically transformed into impervious infrastructures in order to meet the demands of a rapidly expanding population.,LULC_TRANSFORMATION,water bodies,"[{'text': 'water bodies', 'label': 'LULC'}]"
Article_44,"Hence, a significant decrease in agricultural land (-1.50 % and -5.93 %) and water bodies (-0.47 % and -2.24 %) were also identified in 2029 and 2039, respectively.",LULC_TRANSFORMATION,water bodies,"[{'text': 'water bodies', 'label': 'LULC'}]"
Article_44,"The total area of agricultural lands was decreased by 8.27 % from 1999 to 2019, while the built-up area was increased by 7.81 %.",CHANGE_HAS_MAGNITUDE,decreased by 8.27,"[{'text': 'decreased', 'label': 'CHANGE'}]"
Article_44,"The total area of agricultural lands was decreased by 8.27 % from 1999 to 2019, while the built-up area was increased by 7.81 %.",CHANGE_HAS_MAGNITUDE,increased by 7.81,"[{'text': 'increased', 'label': 'CHANGE'}]"
Article_44,"Besides, negative impacts of seasonal temperature rise include a decline in the number and quality of crops as a consequence of the low growth cycle for high-temperature rises, decrease in the sugar content and fruit store stability, poor coloring, rising weeds, and harmful insects in crops and decreasing soil productivity (Figure According to the Bangladesh Agricultural Development Corporation, ""Boro rice"" production will significantly be decreased from 13.5 % to 2.6 % in upcoming years, with an increase of 2 C mean temperature in the study region.",CHANGE_HAS_MAGNITUDE,increase of 2,"[{'text': 'increase', 'label': 'CHANGE'}, {'text': '2', 'label': 'CARDINAL'}]"
Article_44,The LULC analysis demonstrates a significant increase in the built-up area with a net increase of þ7.81 % from 1999 to 2019.,CHANGE_HAS_MAGNITUDE,increase of þ7.81,"[{'text': 'increase', 'label': 'CHANGE'}]"
Article_44,"Meanwhile, agricultural land and water bodies were decreased by -8.27 % and -4.75 % from 1999 to 2019.",LULC_TRANSFORMATION,water bodies,"[{'text': 'water bodies', 'label': 'LULC'}]"
Article_44,"Meanwhile, agricultural land and water bodies were decreased by -8.27 % and -4.75 % from 1999 to 2019.",CHANGE_HAS_MAGNITUDE,decreased by -8.27,"[{'text': 'decreased', 'label': 'CHANGE'}]"
Article_46,"For example, if forest area decreased by 1 ha and crop area increased by 1 ha, then we assigned 1 ha as converted from forest to crop.",LULC_HAS_AREA,forest area,"[{'text': 'forest', 'label': 'LULC'}]"
Article_46,"For example, if forest area decreased by 1 ha and crop area increased by 1 ha, then we assigned 1 ha as converted from forest to crop.",LULC_HAS_AREA,forest area decreased,"[{'text': 'forest', 'label': 'LULC'}]"
Article_46,"For example, if forest area decreased by 1 ha and crop area increased by 1 ha, then we assigned 1 ha as converted from forest to crop.",LULC_HAS_AREA,crop area,"[{'text': 'crop', 'label': 'LULC'}]"
Article_46,"For example, if forest area decreased by 1 ha and crop area increased by 1 ha, then we assigned 1 ha as converted from forest to crop.",LULC_HAS_AREA,crop area increased,"[{'text': 'crop', 'label': 'LULC'}]"
Article_46,"For example, if forest area decreased by 1 ha and crop area increased by 1 ha, then we assigned 1 ha as converted from forest to crop.",LULC_TRANSFORMATION,forest to crop,"[{'text': 'forest', 'label': 'LULC'}, {'text': 'crop', 'label': 'LULC'}]"
Article_46,"It is possible, however, that 2 ha was deforested and 1 ha was converted from crop to forest, thus yielding the same net change: 1 ha from forest to cropland.",LULC_TRANSFORMATION,crop to forest,"[{'text': 'crop', 'label': 'LULC'}, {'text': 'forest', 'label': 'LULC'}]"
Article_46,"For example, if both forest and other land each decreased by 1 ha while cropland and pasture each increased by 1 ha, it was unclear how much forest area was converted to crop as opposed to pasture and how much other land was converted to either.",CHANGE_HAS_MAGNITUDE,decreased by 1,"[{'text': 'decreased', 'label': 'CHANGE'}]"
Article_46,"For example, if both forest and other land each decreased by 1 ha while cropland and pasture each increased by 1 ha, it was unclear how much forest area was converted to crop as opposed to pasture and how much other land was converted to either.",CHANGE_HAS_MAGNITUDE,increased by 1,"[{'text': 'increased', 'label': 'CHANGE'}]"
Article_46,"First, we compared each country's area of other land in 1980 (based on our extrapola-tion of FAOSTAT data) with that country's area of forest fallow (shifting cultivation) in 1980 as reported by FAO/UNEP Annual increases (or decreases) in shifting cultivation were based on FCO between 1990 and 2020 and were estimated to remain a constant fraction of other land for prior years (1700 to 1980).",LULC_TRANSFORMATION,forest fallow,"[{'text': 'forest', 'label': 'LULC'}, {'text': 'fallow', 'label': 'LULC'}]"
Article_46,"For example, the degradation interpretation applies to more than the conversion of forest to croplands and the simultaneous abandonment of croplands.",LULC_TRANSFORMATION,forest to croplands,"[{'text': 'forest', 'label': 'LULC'}, {'text': 'croplands', 'label': 'LULC'}]"
Article_47,"Compared to 2013, there was an average reduction of 2%, equivalent to 9123.65 ha of native forest (Caatinga), while in 2019, the reduction was only 0.45% (Table In 2013, the areas occupied with pasture represented 11.7%, agriculture 7.0%, and the mosaic of agriculture and pasture 8.64%, while areas with urban infrastructure and water bodies presented an occupation of 1.06 and 1.40%, respectively (Figure Drought is costly to Brazil, for it causes strong impacts on agriculture and cattle ranching.",CHANGE_HAS_MAGNITUDE,reduction of 2,"[{'text': 'reduction', 'label': 'CHANGE'}]"
Article_47,"Compared to 2013, there was an average reduction of 2%, equivalent to 9123.65 ha of native forest (Caatinga), while in 2019, the reduction was only 0.45% (Table In 2013, the areas occupied with pasture represented 11.7%, agriculture 7.0%, and the mosaic of agriculture and pasture 8.64%, while areas with urban infrastructure and water bodies presented an occupation of 1.06 and 1.40%, respectively (Figure Drought is costly to Brazil, for it causes strong impacts on agriculture and cattle ranching.",LULC_TRANSFORMATION,water bodies,"[{'text': 'water bodies', 'label': 'LULC'}]"
Article_48,"Settlement increased by 25.93% whereas water, vegetation, and bare land reduced by 0.08%, 16.00%, and 9.86% respectively.",CHANGE_HAS_MAGNITUDE,increased by 25.93,"[{'text': 'increased', 'label': 'CHANGE'}]"
Article_48,"Between 1991 and 2002, water decreased by 0.03 km 2 , vegetation decreased by 1.39 km 2 , settlement increased by 2.95 km 2 and bare land decreased by 2.38 km 2 ( Fig.",CHANGE_HAS_MAGNITUDE,decreased by 0.03,"[{'text': 'decreased', 'label': 'CHANGE'}]"
Article_48,"Between 1991 and 2002, water decreased by 0.03 km 2 , vegetation decreased by 1.39 km 2 , settlement increased by 2.95 km 2 and bare land decreased by 2.38 km 2 ( Fig.",CHANGE_HAS_MAGNITUDE,decreased by 1.39,"[{'text': 'decreased', 'label': 'CHANGE'}]"
Article_48,"Between 1991 and 2002, water decreased by 0.03 km 2 , vegetation decreased by 1.39 km 2 , settlement increased by 2.95 km 2 and bare land decreased by 2.38 km 2 ( Fig.",CHANGE_HAS_MAGNITUDE,increased by 2.95,"[{'text': 'increased', 'label': 'CHANGE'}]"
Article_48,"Between 1991 and 2002, water decreased by 0.03 km 2 , vegetation decreased by 1.39 km 2 , settlement increased by 2.95 km 2 and bare land decreased by 2.38 km 2 ( Fig.",CHANGE_HAS_MAGNITUDE,decreased by 2.38,"[{'text': 'decreased', 'label': 'CHANGE'}]"
Article_50,"The area of other wooded land decreased by | Conversion of Natural Ecosystems to Agriculture: Previous IPCC reports identify land-use change as an important driver of emissions and agriculture as a key driver of land-use change, causing both deforestation and wetland drainage (P. | Infrastructure Development and Urbanisation: Although built-up areas (defined as cities, towns, villages and human infrastructure) occupy a relatively small fraction of land (around 1% of global land), since 1975 urban clusters (i.e., urban centres as well as surrounding suburbs) have expanded approximately 2.5 times (UNEP 2019; Chapter 8, this report).",CHANGE_HAS_MAGNITUDE,expanded approximately,"[{'text': 'expanded', 'label': 'CHANGE'}]"
Article_50,"If current population densities within cities remain stable, the extent of built-up areas in developed countries is expected to increase by 30% and triple in developing countries between 2000 and 2050 Urban expansion leads to landscape fragmentation and urban sprawl with effects on forest resources and land use | Box 7.1 | Case Study: Reducing the Impacts of Roads on Deforestation Summary: Rapidly expanding roads, particularly in tropical regions, are linked to forest loss, degradation, and fragmentation because the land becomes more generally accessible.",CHANGE_HAS_MAGNITUDE,increase by 30,"[{'text': 'increase', 'label': 'CHANGE'}]"
Article_50,"In 2012, deforestation rates decreased to 4,571 km 2 yr -1 .",CHANGE_HAS_MAGNITUDE,"decreased to 4,571","[{'text': 'decreased', 'label': 'CHANGE'}]"
Article_50,"Population growth, economic development, urbanisation, technology, climate change, global trade and consumption, policy and governance are key drivers of global environmental change over recent decades The increasing trend in aquaculture production especially in South and South-East Asia through intensive methods affects existing food production and ecosystems by diverting rice fields or mangroves Currently, land degradation is estimated to have reduced productivity in 23% of the global terrestrial area, and between USD235 billion and USD577 billion in annual global crop output is at risk because of pollinator loss (IPBES 2019a).",LULC_TRANSFORMATION,rice fields,"[{'text': 'rice fields', 'label': 'LULC'}]"
Article_51,"Exposed soil in 2001 includes fallow areas, which in the year 2017 were occupied by sugar cane cultivation, citriculture, forestry and pasture, which resulted in a reduction of 77.64% in this class.",CHANGE_HAS_MAGNITUDE,reduction of 77.64,"[{'text': 'reduction', 'label': 'CHANGE'}]"
Article_51,"The urbanized areas of the RCW increased by 48.94% considering the studied period, generating a significant increase in the waterproofed areas in the basin.",CHANGE_HAS_MAGNITUDE,increased by 48.94,"[{'text': 'increased', 'label': 'CHANGE'}]"
Article_52,"In the year 2020, the global forest area was 40.2 million km 2 , which makes up 31% of the analyzed land area (land area within the Landsat ARD product extent excluding inland water).",LULC_HAS_AREA,forest area,"[{'text': 'forest', 'label': 'LULC'}]"
Article_52,"In the year 2020, the global forest area was 40.2 million km 2 , which makes up 31% of the analyzed land area (land area within the Landsat ARD product extent excluding inland water).",LULC_HAS_AREA,forest area was,"[{'text': 'forest', 'label': 'LULC'}]"
Article_52,"| Cropland Dynamics: Global cropland area increased by 11.5% between the 2000-2003 interval and the 2016-2019 interval (Table The largest net cropland area increase was in Africa (by 0.5 million km 2 ), followed by Asia and South America.",CHANGE_HAS_MAGNITUDE,increased by 11.5,"[{'text': 'increased', 'label': 'CHANGE'}]"
Article_52,"During the last 20 years, the gross global cropland area expansion (2.3 million km 2 ) was twice higher than the cropland area reduction (1.1 million km 2 ).",LULC_HAS_AREA,cropland area,"[{'text': 'cropland', 'label': 'LULC'}]"
Article_52,"During the last 20 years, the gross global cropland area expansion (2.3 million km 2 ) was twice higher than the cropland area reduction (1.1 million km 2 ).",LULC_HAS_AREA,cropland area expansion,"[{'text': 'cropland', 'label': 'LULC'}]"
Article_52,"During the last 20 years, the gross global cropland area expansion (2.3 million km 2 ) was twice higher than the cropland area reduction (1.1 million km 2 ).",LULC_HAS_AREA,cropland area,"[{'text': 'cropland', 'label': 'LULC'}]"
Article_52,"During the last 20 years, the gross global cropland area expansion (2.3 million km 2 ) was twice higher than the cropland area reduction (1.1 million km 2 ).",LULC_HAS_AREA,cropland area reduction,"[{'text': 'cropland', 'label': 'LULC'}]"
Article_52,Our bitemporal maps show that the area of perennial snow and ice within the analyzed part of the globe decreased by 11.5%.,CHANGE_HAS_MAGNITUDE,decreased by 11.5,"[{'text': 'decreased', 'label': 'CHANGE'}]"
Article_52,The changes in land management priorities resulted in cropland conversion to settlements (section 3.1.2) and flooding forests and croplands by water reservoirs.,LULC_TRANSFORMATION,croplands by water,"[{'text': 'croplands', 'label': 'LULC'}, {'text': 'water', 'label': 'LULC'}]"
Article_53,"The area covered by water bodies was less than 1% (0.01 km 2 ) of the total geographical area for the year 1988-1996 (Table Results from the classified image of 2008 illustrate that more than 50% of the area was covered by dense forest, whereas open forest share was 30%.",LULC_TRANSFORMATION,water bodies,"[{'text': 'water bodies', 'label': 'LULC'}]"
Article_53,Agricultural land occupied 12.75%; built-up area covered 3.60% while barren land and water bodies collectively covered 2.66% area.,LULC_TRANSFORMATION,water bodies,"[{'text': 'water bodies', 'label': 'LULC'}]"
Article_53,"Due to massive afforestation programme, declaration of Sikkim as organic state (2005), stringent law enforcement in forestry sector and sustainable agroforestry systems the area under dense forest has increased by 16.4% (41.76 km 2 ) between 1988 and 2017.",CHANGE_HAS_MAGNITUDE,increased by 16.4,"[{'text': 'increased', 'label': 'CHANGE'}]"
Article_55,The result of this study indicates that there was a significant change in LULC between 1986 and 2017 particularly expanded in vegetation and built-up areas and declined in bare soil.,LULC_TRANSFORMATION,bare soil,"[{'text': 'bare soil', 'label': 'LULC'}]"
Article_55,"For instance, built-up increased by + 130.29 % with a rate of 137.06; and vegetation increased by 8.44% or a rate of 17.2.",CHANGE_HAS_MAGNITUDE,increased by +,"[{'text': 'increased', 'label': 'CHANGE'}]"
Article_55,"For instance, built-up increased by + 130.29 % with a rate of 137.06; and vegetation increased by 8.44% or a rate of 17.2.",CHANGE_HAS_MAGNITUDE,increased by 8.44,"[{'text': 'increased', 'label': 'CHANGE'}]"
Article_55,Whereas bare soil was sharply declined by -35.33% for a rate of -155.83.,LULC_TRANSFORMATION,bare soil,"[{'text': 'bare soil', 'label': 'LULC'}]"
Article_55,"Besides, the mean LST of bare soil raised from 26.51 °C to 27.33 °C in 1986 and 2017 respectively.",LULC_TRANSFORMATION,bare soil,"[{'text': 'bare soil', 'label': 'LULC'}]"
Article_55,The result of the study indicates that built-up areas were expanded from 1986 to 2017 whereas bare soil declined.,LULC_TRANSFORMATION,bare soil,"[{'text': 'bare soil', 'label': 'LULC'}]"
Article_56,The result of this study indicates that there was a significant change in LULC between 1986 and 2017 particularly expanded in vegetation and built-up areas and declined in bare soil.,LULC_TRANSFORMATION,bare soil,"[{'text': 'bare soil', 'label': 'LULC'}]"
Article_56,"For instance, built-up increased by + 130.29 % with a rate of 137.06; and vegetation increased by 8.44% or a rate of 17.2.",CHANGE_HAS_MAGNITUDE,increased by +,"[{'text': 'increased', 'label': 'CHANGE'}]"
Article_56,"For instance, built-up increased by + 130.29 % with a rate of 137.06; and vegetation increased by 8.44% or a rate of 17.2.",CHANGE_HAS_MAGNITUDE,increased by 8.44,"[{'text': 'increased', 'label': 'CHANGE'}]"
Article_56,Whereas bare soil was sharply declined by -35.33% for a rate of -155.83.,LULC_TRANSFORMATION,bare soil,"[{'text': 'bare soil', 'label': 'LULC'}]"
Article_56,"Besides, the mean LST of bare soil raised from 26.51 °C to 27.33 °C in 1986 and 2017 respectively.",LULC_TRANSFORMATION,bare soil,"[{'text': 'bare soil', 'label': 'LULC'}]"
Article_56,The result of the study indicates that built-up areas were expanded from 1986 to 2017 whereas bare soil declined.,LULC_TRANSFORMATION,bare soil,"[{'text': 'bare soil', 'label': 'LULC'}]"
Article_57,"The study indicates that the built-up area will increase by 8.37 km 2 by 2040, resulting in a reduction of 7.08 km 2 and 1.16 km 2 in protected and agricultural areas, respectively.",CHANGE_HAS_MAGNITUDE,reduction of 7.08,"[{'text': 'reduction', 'label': 'CHANGE'}]"
Article_57,The study predicts that the built-up areas will increase by 17.84% in the year 2025 and 19.69% by the year 2040.,CHANGE_HAS_MAGNITUDE,increase by 17.84,"[{'text': 'increase', 'label': 'CHANGE'}]"
Article_57,"The protected areas will decrease by 14.75% and 16.66%, agricultural areas by 2.81% and 2.72%, and barren land by 0.29% and 0.31% for the years 2025 and 2040, respectively.",CHANGE_HAS_MAGNITUDE,decrease by 14.75,"[{'text': 'decrease', 'label': 'CHANGE'}]"
Article_58,"Similarly considered as degrading land transitions are those involving the conversion of grasslands into croplands, artificial surface areas and otherlands.",LULC_TRANSFORMATION,grasslands into croplands,"[{'text': 'grasslands', 'label': 'LULC'}, {'text': 'croplands', 'label': 'LULC'}]"
Article_59,"Orchards and rain-fed agriculture lands gained 4095 ha, which matches 55% of initial area, whereas the land under irrigated crops increased by 2266 ha, about 85% of the original area.",CHANGE_HAS_MAGNITUDE,gained 4095,"[{'text': 'gained', 'label': 'CHANGE'}]"
Article_59,"Orchards and rain-fed agriculture lands gained 4095 ha, which matches 55% of initial area, whereas the land under irrigated crops increased by 2266 ha, about 85% of the original area.",CHANGE_HAS_MAGNITUDE,increased by 2266,"[{'text': 'increased', 'label': 'CHANGE'}]"
Article_59,Results indicate an unstable trend of bare and low vegetation lands which generally increased by about 50%.,CHANGE_HAS_MAGNITUDE,increased by about,"[{'text': 'increased', 'label': 'CHANGE'}]"
Article_59,"During the 15-year time frame from 1985 to 2000, the area covered by NMF declined by 2724 ha, viz.",CHANGE_HAS_MAGNITUDE,declined by 2724,"[{'text': 'declined', 'label': 'CHANGE'}]"
Article_59,"On the other hand, forests in Libya, like others in the Mediterranean region, which is one of the most affected regions by forest fires, have suffered excessive degradation by fires which are mainly due to manmade activities The area of agricultural land in 2000, in comparison to 1985, increased by 2050 ha, where the area of OR increased from 7426 ha (20.62%) to 8659 ha (24.05%) with an annual rate of 82 ha.year -1 , while the area of IC increased from 2679 ha (7.44%) to 3496 (9.71%) with an annual rate of 55 ha.year -1 (Table Libya has given the agricultural sector the largest share of the allocation of its transformation agenda through developmental projects during the 1970s and 1980s such as vertical and horizontal expansion in crop and fodder production.",CHANGE_HAS_MAGNITUDE,increased by 2050,"[{'text': 'increased', 'label': 'CHANGE'}]"
Article_59,"New farms were established in the Al-Jabal Al-Akhdar region to produce fruit and grain crops to attain self-sufficiency in food production; however, substantial areas of natural cover have been left without change for conservation purposes or to be used for natural grazing, particularly on hilly sites.",LULC_TRANSFORMATION,grain crops,"[{'text': 'grain', 'label': 'LULC'}, {'text': 'crops', 'label': 'LULC'}]"
Article_59,The local people later exploited these marginal unused areas for establishing more private fields to produce cereal crops as well as fruits and irrigated vegetables in order to capitalize on the increasingly lucrative market.,LULC_TRANSFORMATION,cereal crops,"[{'text': 'cereal', 'label': 'LULC'}, {'text': 'crops', 'label': 'LULC'}]"
Article_59,The results shown in Table produce cereal crops as well as fruits and irrigated vegetables in order to capitalize on the increasingly lucrative market.,LULC_TRANSFORMATION,cereal crops,"[{'text': 'cereal', 'label': 'LULC'}, {'text': 'crops', 'label': 'LULC'}]"
Article_59,"NMF areas, which amounted to 20,385ha (56.61%) in 2000, decreased to 17,685 ha (49.11%) in 2010, with an annual rate of 270 ha.year -1 (1.32%) (Table | LULC Change between 2000 and 2010: During the 10 years between 2000 and 2010, more forest land was cleared or changed to other land uses.",CHANGE_HAS_MAGNITUDE,"decreased to 17,685","[{'text': 'decreased', 'label': 'CHANGE'}]"
Article_59,"The supervised classification analysis indicated an increase in the area of agricultural land in the study area during the third period (2010-2017), which was estimated at 1883 ha, where the area of agricultural land use increased from 14,583 ha (40.50% of total area) in 2010 to 15,466 ha (44.72% of total area) in 2017 (Table The results shown in Table During the third period, UB extended from 6.75% to 10.70% of the total land use and had an annual rate of increase of 8.36%, which was much higher compared to the previous periods.",CHANGE_HAS_MAGNITUDE,increase of 8.36,"[{'text': 'increase', 'label': 'CHANGE'}]"
Article_59,"The UB area increased from 2430 ha in 2010 to 3852 ha in 2017, achieving a total increase of 1422 ha and representing about 58.52% of the initial area.",CHANGE_HAS_MAGNITUDE,increase of 1422,"[{'text': 'increase', 'label': 'CHANGE'}]"
Article_59,"Land under the OR class increased by about 55% and achieved a greater rate of increase during the third period, whereas the land under the IC class increased by about 85% with a higher rate of increase achieved between 2000 and 2010, and the lowest rate was recorded during the third period from 2010 to 2017.",CHANGE_HAS_MAGNITUDE,increased by about,"[{'text': 'increased', 'label': 'CHANGE'}]"
Article_59,"Land under the OR class increased by about 55% and achieved a greater rate of increase during the third period, whereas the land under the IC class increased by about 85% with a higher rate of increase achieved between 2000 and 2010, and the lowest rate was recorded during the third period from 2010 to 2017.",CHANGE_HAS_MAGNITUDE,increased by about,"[{'text': 'increased', 'label': 'CHANGE'}]"
Article_61,"Average patch size dropped 83% from approximately 99,000-16,000 km 2 and the area occupied by the largest patch decreased 83% from ~ 4 million km 2 (45% of area) to 54,000 km 2 (~ 7.5% of area).",CHANGE_HAS_MAGNITUDE,decreased 83,"[{'text': 'decreased', 'label': 'CHANGE'}]"
Article_63,"Over the last 33 years, cultivation and settlement land expanded by 15.7% and 0.34%, whereas dense forest, light vegetation, and grazing land declined by 9.2%, 4.97%, and 1.85%, respectively.",CHANGE_HAS_MAGNITUDE,expanded by 15.7,"[{'text': 'expanded', 'label': 'CHANGE'}]"
Article_63,"Over the last 33 years, cultivation and settlement land expanded by 15.7% and 0.34%, whereas dense forest, light vegetation, and grazing land declined by 9.2%, 4.97%, and 1.85%, respectively.",CHANGE_HAS_MAGNITUDE,declined by 9.2,"[{'text': 'declined', 'label': 'CHANGE'}]"
Article_63,"For example, there were about 1870 housing units in 1986 )is figure grew to 4,058 homes in 2009 | Population Pressure.",CHANGE_HAS_MAGNITUDE,"grew to 4,058","[{'text': 'grew', 'label': 'CHANGE'}, {'text': '4,058', 'label': 'CARDINAL'}]"
Article_65,"For instance, Croplands continuously declined in area until 2005 when Grassland transitioned to Cropland and Forest, increasing Cropland extent mainly in Queensland and Victoria.",LULC_CONVERSION,Grassland transitioned to Cropland,"[{'text': 'Grassland', 'label': 'LULC'}, {'text': 'transitioned', 'label': 'CHANGE'}, {'text': 'Cropland', 'label': 'LULC'}]"
Article_65,"For instance, Croplands continuously declined in area until 2005 when Grassland transitioned to Cropland and Forest, increasing Cropland extent mainly in Queensland and Victoria.",LULC_TRANSFORMATION,Grassland transitioned to Cropland,"[{'text': 'Grassland', 'label': 'LULC'}, {'text': 'transitioned', 'label': 'CHANGE'}, {'text': 'Cropland', 'label': 'LULC'}]"
Article_65,"Increases in population and population density, access to markets, and climate conditions are likely to have influenced these cropland dynamics Our definition of Grassland included pastures (managed and unmanaged), chenopods, tussock grasses, and hummock grasses covering around 66% of the Australian land mass and making this class the dominant land-cover class in the country.",LULC_TRANSFORMATION,Grassland included pastures,"[{'text': 'Grassland', 'label': 'LULC'}, {'text': 'pastures', 'label': 'LULC'}]"
Article_65,"Increases in population coupled with low population densities, growth in GDP and incentives for infrastructure construction have all influenced the magnitude and direction of urban growth Water presented 5.8% (± 1.4%) increase in area from 1985 to 2015.",LULC_TRANSFORMATION,urban growth Water,"[{'text': 'urban', 'label': 'LULC'}, {'text': 'growth', 'label': 'CHANGE'}, {'text': 'Water', 'label': 'LULC'}]"
Article_66,The changing land use and land cover patterns show that the coal mine areas have been increased by 15% and urban areas also increased by 60%.,CHANGE_HAS_MAGNITUDE,increased by 15,"[{'text': 'increased', 'label': 'CHANGE'}]"
Article_66,The changing land use and land cover patterns show that the coal mine areas have been increased by 15% and urban areas also increased by 60%.,CHANGE_HAS_MAGNITUDE,increased by 60,"[{'text': 'increased', 'label': 'CHANGE'}]"
Article_66,"settlement, water bodies, coal mines, agricultural land, fallow land, industry, vegetation, and wasteland.",LULC_TRANSFORMATION,water bodies,"[{'text': 'water bodies', 'label': 'LULC'}]"
Article_66,"The changing trend of ground surface temperature depicts that maximum and minimum temperature during the summer season has been increased about 0.15 °C and Moreover, the unused fallow land should be converted into vegetation land so that increasing surface temperature will be under control.",CHANGE_HAS_MAGNITUDE,increased about,"[{'text': 'increased', 'label': 'CHANGE'}]"
Article_67,"The winter LST in the study area increased by approximately 3.5 °C, which may be related to the decrease in the area of Dongting Lake water bodies, water fields and reed flats after the Three Gorges Reservoir was impounded.",CHANGE_HAS_MAGNITUDE,increased by approximately,"[{'text': 'increased', 'label': 'CHANGE'}]"
Article_67,"The winter LST in the study area increased by approximately 3.5 °C, which may be related to the decrease in the area of Dongting Lake water bodies, water fields and reed flats after the Three Gorges Reservoir was impounded.",LULC_TRANSFORMATION,water bodies,"[{'text': 'water bodies', 'label': 'LULC'}]"
Article_67,"(1) The LULC type in the Dongting Lake area has changed significantly, with the area of water body and paddy field declining continuously and the area of built-up land and dryland increasing gradually; these results indicate that the changes in the LULC type in the area are related to the water impoundment of the Three Gorges Dam and the ecological management policies.",LULC_TRANSFORMATION,water body,"[{'text': 'water body', 'label': 'LULC'}]"
Article_67,"(1) The LULC type in the Dongting Lake area has changed significantly, with the area of water body and paddy field declining continuously and the area of built-up land and dryland increasing gradually; these results indicate that the changes in the LULC type in the area are related to the water impoundment of the Three Gorges Dam and the ecological management policies.",LULC_TRANSFORMATION,paddy field,"[{'text': 'paddy field', 'label': 'LULC'}]"
Article_68,"The major changes include loss of 19.72 km 2 of vegetation cover in various forest types due to increasing biotic interference and over grazing, conversion of 14.77 km 2 of Dense Sal mixed forest to open mixed forest and cultivable land, and 5.0 km 2 teak plantation and Bamboo brakes to agricultural land.",CHANGE_HAS_MAGNITUDE,loss of 19.72,"[{'text': 'loss', 'label': 'CHANGE'}]"
Article_68,"(0.30%), Water bodies was about 6.45 km 2 (1.03%), Agriculture 18.6 km 2 (2.96%), Bamboo Brakes 32.89 km 2 (5.24%), Teak forest area covered 41.15 km 2 (6.56%), Open mixed forest was 92.8 km 2 (14.8%) while, Dense mixed forest and Sal mixed forest had maximum part of the watershed and occupied about 246.5 km 2 (39.32%), and 186.49 km 2 (29.49%) area, respectively.",LULC_TRANSFORMATION,Water bodies,"[{'text': 'Water bodies', 'label': 'LULC'}]"
Article_68,"(0.30%), Water bodies was about 6.45 km 2 (1.03%), Agriculture 18.6 km 2 (2.96%), Bamboo Brakes 32.89 km 2 (5.24%), Teak forest area covered 41.15 km 2 (6.56%), Open mixed forest was 92.8 km 2 (14.8%) while, Dense mixed forest and Sal mixed forest had maximum part of the watershed and occupied about 246.5 km 2 (39.32%), and 186.49 km 2 (29.49%) area, respectively.",LULC_HAS_AREA,Agriculture 18.6,"[{'text': 'Agriculture', 'label': 'LULC'}]"
Article_68,"(0.30%), Water bodies was about 6.45 km 2 (1.03%), Agriculture 18.6 km 2 (2.96%), Bamboo Brakes 32.89 km 2 (5.24%), Teak forest area covered 41.15 km 2 (6.56%), Open mixed forest was 92.8 km 2 (14.8%) while, Dense mixed forest and Sal mixed forest had maximum part of the watershed and occupied about 246.5 km 2 (39.32%), and 186.49 km 2 (29.49%) area, respectively.",LULC_HAS_AREA,forest area,"[{'text': 'forest', 'label': 'LULC'}]"
Article_68,"(0.30%), Water bodies was about 6.45 km 2 (1.03%), Agriculture 18.6 km 2 (2.96%), Bamboo Brakes 32.89 km 2 (5.24%), Teak forest area covered 41.15 km 2 (6.56%), Open mixed forest was 92.8 km 2 (14.8%) while, Dense mixed forest and Sal mixed forest had maximum part of the watershed and occupied about 246.5 km 2 (39.32%), and 186.49 km 2 (29.49%) area, respectively.",LULC_HAS_AREA,forest area covered,"[{'text': 'forest', 'label': 'LULC'}]"
Article_68,"Interestingly, in 2018 map water bodies was less than 1% (5.29 km 2 ) of the total geographical area, 4.87% area was covered by Bamboo Brakes, and Teak forest area was covered 38.54 km 2 (6.14%) which is reduction in the area with respect to 2008.",LULC_TRANSFORMATION,water bodies,"[{'text': 'water bodies', 'label': 'LULC'}]"
Article_68,"Interestingly, in 2018 map water bodies was less than 1% (5.29 km 2 ) of the total geographical area, 4.87% area was covered by Bamboo Brakes, and Teak forest area was covered 38.54 km 2 (6.14%) which is reduction in the area with respect to 2008.",LULC_HAS_AREA,forest area,"[{'text': 'forest', 'label': 'LULC'}]"
Article_68,"Interestingly, in 2018 map water bodies was less than 1% (5.29 km 2 ) of the total geographical area, 4.87% area was covered by Bamboo Brakes, and Teak forest area was covered 38.54 km 2 (6.14%) which is reduction in the area with respect to 2008.",LULC_HAS_AREA,forest area was,"[{'text': 'forest', 'label': 'LULC'}]"
Article_68,The results of change detection as per Normalized difference moisture index (NDMI) revealed in the study area decreased by almost 1.42% ( Table | Conclusion: AABR has vast forest area with high anthropogenic pressure for resource utilization by tribes and other forest dwelling communities.,CHANGE_HAS_MAGNITUDE,decreased by almost,"[{'text': 'decreased', 'label': 'CHANGE'}]"
Article_69,The cultivated land with DI ranging from 80 to 100 decreased by 1915.21 km 2 .,CHANGE_HAS_MAGNITUDE,decreased by 1915.21,"[{'text': 'decreased', 'label': 'CHANGE'}]"
Article_69,"The construction land with DI ranging from 50 to 100 reached 593.24 km 2 , with the areal proportion increasing to 2.05%.",CHANGE_HAS_MAGNITUDE,increasing to 2.05,"[{'text': 'increasing', 'label': 'CHANGE'}]"
Article_69,"The cultivated land with a high DI (80 < DI ≤ 100) decreased by 8166.05 km 2 , and the areal proportion decreased from 67.13% to 38.96%.",CHANGE_HAS_MAGNITUDE,decreased by 8166.05,"[{'text': 'decreased', 'label': 'CHANGE'}]"
Article_69,"The construction land with DI ranging from 50 to 100 increased from 287.24 km 2 to 2494.91 km 2 , and the areal proportion increased to 8.61%.",CHANGE_HAS_MAGNITUDE,increased to 8.61,"[{'text': 'increased', 'label': 'CHANGE'}]"
Article_69,"Among them, the grassland would have the largest increase mainly at the expense of cultivated land, which would sharply increase by 1247.61 km 2 , especially in Juye County, Zoucheng City, Sishui and Ningyang Counties.",CHANGE_HAS_MAGNITUDE,increase by 1247.61,"[{'text': 'increase', 'label': 'CHANGE'}]"
Article_70,"A significant forest cover loss of around 1117.17 ha (16%) was recorded in the FKWS impact area between 1994 and 2021, with the hugest proportion of 867.78 ha (12.24%) deforested in the first period (1994)(1995)(1996)(1997)(1998)(1999)(2000)(2001).",CHANGE_HAS_MAGNITUDE,loss of around,"[{'text': 'loss', 'label': 'CHANGE'}]"
Article_70,"Agricultural land also declined by 593.73 ha (8.37%) within the entire period, despite its initial increase of 392.04 ha (5.53%) between 2001 and 2010, being the primary driver of earlier deforestation.",CHANGE_HAS_MAGNITUDE,declined by 593.73,"[{'text': 'declined', 'label': 'CHANGE'}]"
Article_70,"Agricultural land also declined by 593.73 ha (8.37%) within the entire period, despite its initial increase of 392.04 ha (5.53%) between 2001 and 2010, being the primary driver of earlier deforestation.",CHANGE_HAS_MAGNITUDE,increase of 392.04,"[{'text': 'increase', 'label': 'CHANGE'}]"
Article_70,"However, in the recent decade (2010)(2011)(2012)(2013)(2014)(2015)(2016)(2017)(2018)(2019)(2020)(2021), settlement expansion of 963.90 ha (13.59%) due to massive human migration in the area contributed to the most remarkable overall land cover change of 1731.51 ha (24.42%).",CHANGE_HAS_MAGNITUDE,expansion of 963.90,"[{'text': 'expansion', 'label': 'CHANGE'}]"
Article_70,"However, in the recent decade (2010)(2011)(2012)(2013)(2014)(2015)(2016)(2017)(2018)(2019)(2020)(2021), settlement expansion of 963.90 ha (13.59%) due to massive human migration in the area contributed to the most remarkable overall land cover change of 1731.51 ha (24.42%).",CHANGE_HAS_MAGNITUDE,change of 1731.51,"[{'text': 'change', 'label': 'CHANGE'}]"
Article_70,"Of these changes, the hugest forest change was recorded within the earliest seven (7) years evaluated In the recent decade, although the direct conversion of forest for agriculture in the protected area was no longer prominent, there has been continual cultivation of a large expanse of bare land.",LULC_TRANSFORMATION,forest for agriculture,"[{'text': 'forest', 'label': 'LULC'}, {'text': 'agriculture', 'label': 'LULC'}]"
Article_71,"This means that as the PD of CL, ED of bare soil and residential and MPA of GL increase, the proportion of DF patches tends to decrease in the watersheds.",LULC_TRANSFORMATION,bare soil,"[{'text': 'bare soil', 'label': 'LULC'}]"
Article_72,The total carbon stock of vegetation affected by land cover change decreased by 463.96 × 10 4 t and 193.50 × 10 4 t in 2000-2010 and 2010-2020 respectively.,CHANGE_HAS_MAGNITUDE,decreased by 463.96,"[{'text': 'decreased', 'label': 'CHANGE'}, {'text': '463.96', 'label': 'CARDINAL'}]"
Article_72,"Jining City covers Weishan Lake, the largest freshwater lake in northern China, and the construction of water storage facilities such as dams and river embankments, as well as river ditches on agricultural land and aquaculture ponds, has led to large changes in the area of water bodies in Jining City The change in water bodies and wetland conversion is mainly distributed in Dongying City.",LULC_TRANSFORMATION,water bodies,"[{'text': 'water bodies', 'label': 'LULC'}]"
Article_72,"Jining City covers Weishan Lake, the largest freshwater lake in northern China, and the construction of water storage facilities such as dams and river embankments, as well as river ditches on agricultural land and aquaculture ponds, has led to large changes in the area of water bodies in Jining City The change in water bodies and wetland conversion is mainly distributed in Dongying City.",LULC_TRANSFORMATION,water bodies,"[{'text': 'water bodies', 'label': 'LULC'}]"
Article_72,"Jining City is an area where the conversion of water bodies and cultivated land is more apparent, related to the construction of water storage facilities, river ditches and aquaculture ponds, and also linked to the results of remote sensing image interpretation.",LULC_TRANSFORMATION,water bodies,"[{'text': 'water bodies', 'label': 'LULC'}]"
Article_72,The conversion of water bodies and wetland in Dongying City is related to policy factors.,LULC_TRANSFORMATION,water bodies,"[{'text': 'water bodies', 'label': 'LULC'}]"
Article_75,"The analysis indicates that over the past 32 years, bare land, saline land, agricultural, industrial, and residential areas have increased by about 8, 6.2, 2.7, 0.63, and 0.48%, respectively; while rangeland area was decreased by 18%.",CHANGE_HAS_MAGNITUDE,decreased by 18,"[{'text': 'decreased', 'label': 'CHANGE'}]"
Article_75,"Results also indicate that given the predicted LC for year 2040 in comparison with the reference year (2017), saline land, agricultural, industrial, and residential areas will be likely to continue to increase by about 3, 1.5, 0.7, and 0.8%, respectively, whereas bare land and rangeland will most likely decrease by about 4.55 and 1.45%, respectively.",CHANGE_HAS_MAGNITUDE,decrease by about,"[{'text': 'decrease', 'label': 'CHANGE'}]"
Article_76,The water bodies were found the lowest changes (57 ha) and vegetation cover got the largest proportion in all the years.,LULC_TRANSFORMATION,water bodies,"[{'text': 'water bodies', 'label': 'LULC'}]"
Article_76,"Due to political and socio-economic considerations, the land cover classification revealed that built-up areas and water bodies increased by 8.7 and 0.6%, respectively, over the study period .",LULC_TRANSFORMATION,water bodies,"[{'text': 'water bodies', 'label': 'LULC'}]"
Article_76,"Due to political and socio-economic considerations, the land cover classification revealed that built-up areas and water bodies increased by 8.7 and 0.6%, respectively, over the study period .",CHANGE_HAS_MAGNITUDE,increased by 8.7,"[{'text': 'increased', 'label': 'CHANGE'}, {'text': '8.7', 'label': 'CARDINAL'}]"
Article_77,There was a similar decline of 15.19% in bamboo forest cover.,CHANGE_HAS_MAGNITUDE,decline of 15.19,"[{'text': 'decline', 'label': 'CHANGE'}]"
Article_77,"There was a decline of 18.09% in fallow land, 11.16% in natural forest, 10.9% in grasslands and a 0.89% decline in bamboo.",CHANGE_HAS_MAGNITUDE,decline of 18.09,"[{'text': 'decline', 'label': 'CHANGE'}]"
Article_77,The area under mixed farming expanded by 17.48% over the same period (Figure | F I G U R E 3 Land use land cover changes in Mt.,CHANGE_HAS_MAGNITUDE,expanded by 17.48,"[{'text': 'expanded', 'label': 'CHANGE'}]"
Article_77,"Elgon forest and adjacent regions (1986): Between 1977 and 2019, the size of land under natural forest also declined by 18%, bamboo forests declined by 15.19%, while grasslands declined by 13% (Figure | | DISCUSS ION: Results of this analysis on trends of land use/land cover changes between 1973 and 2019 clearly show that there were notable changes Fallow Land Planted Forest Tea with an annual average decline of 1.24%.",CHANGE_HAS_MAGNITUDE,declined by 18,"[{'text': 'declined', 'label': 'CHANGE'}]"
Article_77,"Elgon forest and adjacent regions (1986): Between 1977 and 2019, the size of land under natural forest also declined by 18%, bamboo forests declined by 15.19%, while grasslands declined by 13% (Figure | | DISCUSS ION: Results of this analysis on trends of land use/land cover changes between 1973 and 2019 clearly show that there were notable changes Fallow Land Planted Forest Tea with an annual average decline of 1.24%.",CHANGE_HAS_MAGNITUDE,declined by 15.19,"[{'text': 'declined', 'label': 'CHANGE'}]"
Article_77,"Elgon forest and adjacent regions (1986): Between 1977 and 2019, the size of land under natural forest also declined by 18%, bamboo forests declined by 15.19%, while grasslands declined by 13% (Figure | | DISCUSS ION: Results of this analysis on trends of land use/land cover changes between 1973 and 2019 clearly show that there were notable changes Fallow Land Planted Forest Tea with an annual average decline of 1.24%.",CHANGE_HAS_MAGNITUDE,declined by 13,"[{'text': 'declined', 'label': 'CHANGE'}]"
Article_77,"Elgon forest and adjacent regions (1986): Between 1977 and 2019, the size of land under natural forest also declined by 18%, bamboo forests declined by 15.19%, while grasslands declined by 13% (Figure | | DISCUSS ION: Results of this analysis on trends of land use/land cover changes between 1973 and 2019 clearly show that there were notable changes Fallow Land Planted Forest Tea with an annual average decline of 1.24%.",CHANGE_HAS_MAGNITUDE,decline of 1.24,"[{'text': 'decline', 'label': 'CHANGE'}]"
Article_79,"The results show that between 1980 and 2020, the watershed experienced a considerable decline in shrub lands by 40.63% (À235.97 km 2 ), grasslands by 84.86% (À59.14 km 2 ), forests by 52.90% (À98.36 km 2 ), water by 82.03% (À39.27 km 2 ) and wetlands by 38.44% (À3.69 km 2 ); whereas cultivated land, bare land and built-up areas expanded over the same period by 34.25% (+347.42 km 2 ), 132.28% (+60.95 km 2 ) and 461.20% (+25.32 km 2 ), respectively.",LULC_TRANSFORMATION,shrub lands,"[{'text': 'shrub lands', 'label': 'LULC'}]"
Article_79,| Results and discussion: | Accuracy assessment of the LULC classification: The classified imageries have an overall accuracy of over 86.00% (Table LULC change dynamics in Migori River watershed from 1980 to 2020 LULC changes have been investigated for the years Overall trend analysis of LULC changes The proportionate coverage area of each of the eight classes extracted in the watershed from 1980 to 2020 of LULC change trends is summarized in Table Forest cover in the watershed seems to have declined by about 52.90% (1.48 km 2 /year) notwithstanding the forest conservation efforts since the 1980s championed by the Permanent Presidential Commission on Soil Conservation and Afforestation.,CHANGE_HAS_MAGNITUDE,declined by about,"[{'text': 'declined', 'label': 'CHANGE'}]"
Article_79,"Although grasslands exhibited an irregular pattern of spatio-temporal changes across the five reference periods, it has experienced a decline of approximately 84.86% (1.48 km 2 /year) over the past 40 years.",CHANGE_HAS_MAGNITUDE,decline of approximately,"[{'text': 'decline', 'label': 'CHANGE'}]"
Article_79,"Moreover, the irregular pattern of changes observed in grasslands from 1980 to 2020 can be attributed to the destruction by constant incidences of fire outbreaks that usually occur in the area during periods of droughts Similar to grasslands, the patterns of spatio-temporal changes in shrub lands showed that it has declined by 40.63% (5.90 km 2 / year) over the four-decade period, which was largely attributed to the conversion to cultivated lands and settlements due to population pressure.",LULC_TRANSFORMATION,shrub lands,"[{'text': 'shrub lands', 'label': 'LULC'}]"
Article_79,"Moreover, the irregular pattern of changes observed in grasslands from 1980 to 2020 can be attributed to the destruction by constant incidences of fire outbreaks that usually occur in the area during periods of droughts Similar to grasslands, the patterns of spatio-temporal changes in shrub lands showed that it has declined by 40.63% (5.90 km 2 / year) over the four-decade period, which was largely attributed to the conversion to cultivated lands and settlements due to population pressure.",CHANGE_HAS_MAGNITUDE,declined by 40.63,"[{'text': 'declined', 'label': 'CHANGE'}]"
Article_79,"Since 1980, water declined by 82.03% (0.98 km 2 /year) while the wetlands shrunk by 38.44% (0.1 km 2 / year).",CHANGE_HAS_MAGNITUDE,declined by 82.03,"[{'text': 'declined', 'label': 'CHANGE'}]"
Article_79,"From 1980 to 1990, the watershed experienced considerable positive and negative transformations in the LULC coverage (Table During the same period, shrub land continued to show a negative trend with a 58.38% net loss while built-up lands continued to experience a positive trend with a net gain of 51.23%.",LULC_TRANSFORMATION,shrub land,"[{'text': 'shrub land', 'label': 'LULC'}]"
Article_79,"From 1980 to 1990, the watershed experienced considerable positive and negative transformations in the LULC coverage (Table During the same period, shrub land continued to show a negative trend with a 58.38% net loss while built-up lands continued to experience a positive trend with a net gain of 51.23%.",CHANGE_HAS_MAGNITUDE,gain of 51.23,"[{'text': 'gain', 'label': 'CHANGE'}]"
Article_79,"The decline in shrub lands by 40.63%, grasslands by 84.86%, forests by 52.90%, water by 82.03%, and wetlands by 38.44%; coupled with increased cultivated land by 34.25%, bare land by 132.28%, and built-up areas by 461.20% over the period under review indicate that the natural landscapes in the watershed are undergoing destruction at the expense of human settlement and infrastructural developments.",LULC_TRANSFORMATION,shrub lands,"[{'text': 'shrub lands', 'label': 'LULC'}]"
Article_81,"This study indicated that in the last 32 years period, agricultural land and residential areas had significantly increased by 15.61% and 8.05% respectively in the basin.",CHANGE_HAS_MAGNITUDE,increased by 15.61,"[{'text': 'increased', 'label': 'CHANGE'}]"
Article_83,"A continuous increase in agricultural, urban, fish farms and natural vegetation areas and a continuous decrease in water bodies and sand areas were detected in the studied area.",LULC_TRANSFORMATION,water bodies,"[{'text': 'water bodies', 'label': 'LULC'}]"
Article_83,"while it increased by 170578.1 ha., during the period from 2000 to 2015.",CHANGE_HAS_MAGNITUDE,increased by 170578.1,"[{'text': 'increased', 'label': 'CHANGE'}]"
Article_83,The total change rate in the period from 1987 to 2015 by 99.0% (Table The opposite trend was observed with water bodies' where the largest area was detected in the year 1987 and decreased the years in 2000 and 2015.,LULC_TRANSFORMATION,water bodies,"[{'text': 'water bodies', 'label': 'LULC'}]"
Article_83,"It was observed that the change in fish farms area increased by 71745.0 ha during the period 1987-2000, with a rate of 145.9%, while it increased by 59475.6 ha during the period 2000-2015, with a rate of 49.2%.",CHANGE_HAS_MAGNITUDE,increased by 59475.6,"[{'text': 'increased', 'label': 'CHANGE'}]"
Article_83,The results of change detection showed that the natural vegetation area was increased during the period 1987-2000 where the increasing rate was 21.6% while it increased by 3.4% during the period 2000-2015.,CHANGE_HAS_MAGNITUDE,increased by 3.4,"[{'text': 'increased', 'label': 'CHANGE'}]"
Article_83,Salts and bare soils exhibited different patterns of change.,LULC_TRANSFORMATION,bare soils,"[{'text': 'bare soils', 'label': 'LULC'}]"
Article_83,"As for bare soils, the area was decreased in 2000 compared to 1987 with change rate of À13.4%.",LULC_TRANSFORMATION,bare soils,"[{'text': 'bare soils', 'label': 'LULC'}]"
Article_83,In 2015 the bare soils area was increased compared to the area in 2000 and 1987.,LULC_TRANSFORMATION,bare soils,"[{'text': 'bare soils', 'label': 'LULC'}]"
Article_83,The sand area followed the same change pattern that was recorded for both water bodies and sabkha area where it decreased continuously from 1987 to 2015 and recorded a total change rate of À36.4%.,LULC_TRANSFORMATION,water bodies,"[{'text': 'water bodies', 'label': 'LULC'}]"
Article_83,These results could be attributed to the evaporation due to high temperature besides converting some water bodies to agricultural lands and fish farms decreased the overall area of water bodies.,LULC_TRANSFORMATION,water bodies,"[{'text': 'water bodies', 'label': 'LULC'}]"
Article_83,These results could be attributed to the evaporation due to high temperature besides converting some water bodies to agricultural lands and fish farms decreased the overall area of water bodies.,LULC_TRANSFORMATION,water bodies,"[{'text': 'water bodies', 'label': 'LULC'}]"
Article_83,"However, change percent of urban sprawl followed a same trend in all over Delta governorates in the both studied periods Water bodies were increased by 3.2% and 1.9% of the total area in five of eleven detected governorates through Finally, sand area was decreased in all Delta governorate (Table | Governorates: Total area Urban (ha.)",LULC_TRANSFORMATION,Water bodies,"[{'text': 'Water bodies', 'label': 'LULC'}]"
Article_83,"However, change percent of urban sprawl followed a same trend in all over Delta governorates in the both studied periods Water bodies were increased by 3.2% and 1.9% of the total area in five of eleven detected governorates through Finally, sand area was decreased in all Delta governorate (Table | Governorates: Total area Urban (ha.)",CHANGE_HAS_MAGNITUDE,increased by 3.2,"[{'text': 'increased', 'label': 'CHANGE'}]"
Article_83,"The analysis of the results also showed that most of Egyptian Delta governorates have been significantly affected by the different categories of land cover such as agriculture, urban, water bodies and sand areas.",LULC_TRANSFORMATION,water bodies,"[{'text': 'water bodies', 'label': 'LULC'}]"
Article_86,Results indicated that the area under built-up increased by 40% and playground by 7%.,CHANGE_HAS_MAGNITUDE,increased by 40,"[{'text': 'increased', 'label': 'CHANGE'}]"
Article_86,Sustainability of the campus was demonstrated with appropriate measures undertaken to mitigate negative consequences of unwarranted floods owing to the rise of 6% in the forest cover and a decline of 21% in water hyacinth cover over Powai lake.,CHANGE_HAS_MAGNITUDE,decline of 21,"[{'text': 'decline', 'label': 'CHANGE'}]"
Article_88,"Orchards and rain-fed agriculture lands gained 4095 ha, which matches 55% of initial area, whereas the land under irrigated crops increased by 2266 ha, about 85% of the original area.",CHANGE_HAS_MAGNITUDE,gained 4095,"[{'text': 'gained', 'label': 'CHANGE'}]"
Article_88,"Orchards and rain-fed agriculture lands gained 4095 ha, which matches 55% of initial area, whereas the land under irrigated crops increased by 2266 ha, about 85% of the original area.",CHANGE_HAS_MAGNITUDE,increased by 2266,"[{'text': 'increased', 'label': 'CHANGE'}]"
Article_88,Results indicate an unstable trend of bare and low vegetation lands which generally increased by about 50%.,CHANGE_HAS_MAGNITUDE,increased by about,"[{'text': 'increased', 'label': 'CHANGE'}]"
Article_88,"During the 15-year time frame from 1985 to 2000, the area covered by NMF declined by 2724 ha, viz.",CHANGE_HAS_MAGNITUDE,declined by 2724,"[{'text': 'declined', 'label': 'CHANGE'}]"
Article_88,"On the other hand, forests in Libya, like others in the Mediterranean region, which is one of the most affected regions by forest fires, have suffered excessive degradation by fires which are mainly due to manmade activities The area of agricultural land in 2000, in comparison to 1985, increased by 2050 ha, where the area of OR increased from 7426 ha (20.62%) to 8659 ha (24.05%) with an annual rate of 82 ha.year -1 , while the area of IC increased from 2679 ha (7.44%) to 3496 (9.71%) with an annual rate of 55 ha.year -1 (Table Libya has given the agricultural sector the largest share of the allocation of its transformation agenda through developmental projects during the 1970s and 1980s such as vertical and horizontal expansion in crop and fodder production.",CHANGE_HAS_MAGNITUDE,increased by 2050,"[{'text': 'increased', 'label': 'CHANGE'}]"
Article_88,"New farms were established in the Al-Jabal Al-Akhdar region to produce fruit and grain crops to attain self-sufficiency in food production; however, substantial areas of natural cover have been left without change for conservation purposes or to be used for natural grazing, particularly on hilly sites.",LULC_TRANSFORMATION,grain crops,"[{'text': 'grain', 'label': 'LULC'}, {'text': 'crops', 'label': 'LULC'}]"
Article_88,The local people later exploited these marginal unused areas for establishing more private fields to produce cereal crops as well as fruits and irrigated vegetables in order to capitalize on the increasingly lucrative market.,LULC_TRANSFORMATION,cereal crops,"[{'text': 'cereal', 'label': 'LULC'}, {'text': 'crops', 'label': 'LULC'}]"
Article_88,The results shown in Table produce cereal crops as well as fruits and irrigated vegetables in order to capitalize on the increasingly lucrative market.,LULC_TRANSFORMATION,cereal crops,"[{'text': 'cereal', 'label': 'LULC'}, {'text': 'crops', 'label': 'LULC'}]"
Article_88,"NMF areas, which amounted to 20,385ha (56.61%) in 2000, decreased to 17,685 ha (49.11%) in 2010, with an annual rate of 270 ha.year -1 (1.32%) (Table | LULC Change between 2000 and 2010: During the 10 years between 2000 and 2010, more forest land was cleared or changed to other land uses.",CHANGE_HAS_MAGNITUDE,"decreased to 17,685","[{'text': 'decreased', 'label': 'CHANGE'}]"
Article_88,"The supervised classification analysis indicated an increase in the area of agricultural land in the study area during the third period (2010-2017), which was estimated at 1883 ha, where the area of agricultural land use increased from 14,583 ha (40.50% of total area) in 2010 to 15,466 ha (44.72% of total area) in 2017 (Table The results shown in Table During the third period, UB extended from 6.75% to 10.70% of the total land use and had an annual rate of increase of 8.36%, which was much higher compared to the previous periods.",CHANGE_HAS_MAGNITUDE,increase of 8.36,"[{'text': 'increase', 'label': 'CHANGE'}]"
Article_88,"The UB area increased from 2430 ha in 2010 to 3852 ha in 2017, achieving a total increase of 1422 ha and representing about 58.52% of the initial area.",CHANGE_HAS_MAGNITUDE,increase of 1422,"[{'text': 'increase', 'label': 'CHANGE'}]"
Article_88,"Land under the OR class increased by about 55% and achieved a greater rate of increase during the third period, whereas the land under the IC class increased by about 85% with a higher rate of increase achieved between 2000 and 2010, and the lowest rate was recorded during the third period from 2010 to 2017.",CHANGE_HAS_MAGNITUDE,increased by about,"[{'text': 'increased', 'label': 'CHANGE'}]"
Article_88,"Land under the OR class increased by about 55% and achieved a greater rate of increase during the third period, whereas the land under the IC class increased by about 85% with a higher rate of increase achieved between 2000 and 2010, and the lowest rate was recorded during the third period from 2010 to 2017.",CHANGE_HAS_MAGNITUDE,increased by about,"[{'text': 'increased', 'label': 'CHANGE'}]"
Article_89,"The results show that the built-up area in Dhaka city increased by 67% from 1993 to 2020 by replacing lowland mainly, followed by vegetation, bare soil and water bodies.",CHANGE_HAS_MAGNITUDE,increased by 67,"[{'text': 'increased', 'label': 'CHANGE'}]"
Article_89,"The results show that the built-up area in Dhaka city increased by 67% from 1993 to 2020 by replacing lowland mainly, followed by vegetation, bare soil and water bodies.",LULC_TRANSFORMATION,bare soil,"[{'text': 'bare soil', 'label': 'LULC'}]"
Article_89,"The results show that the built-up area in Dhaka city increased by 67% from 1993 to 2020 by replacing lowland mainly, followed by vegetation, bare soil and water bodies.",LULC_TRANSFORMATION,water bodies,"[{'text': 'water bodies', 'label': 'LULC'}]"
Article_89,"On the other hand, vegetation and water bodies gradually decreased while a considerable decrease in the lowland was found in the second stage of the study period (Fig.",LULC_TRANSFORMATION,water bodies,"[{'text': 'water bodies', 'label': 'LULC'}]"
Article_89,"For example, From the above results and discussion, the findings of this study can be summarized more specifically as follows: (1) This study revealed significant growth (67.41%) of urban or built-up area, which was converted from vegetation, lowland, bare soil and water bodies.",LULC_TRANSFORMATION,bare soil,"[{'text': 'bare soil', 'label': 'LULC'}]"
Article_89,"For example, From the above results and discussion, the findings of this study can be summarized more specifically as follows: (1) This study revealed significant growth (67.41%) of urban or built-up area, which was converted from vegetation, lowland, bare soil and water bodies.",LULC_TRANSFORMATION,water bodies,"[{'text': 'water bodies', 'label': 'LULC'}]"
Article_89,"On the other hand, bare soil drastically increased by filling lowland with sand.",LULC_TRANSFORMATION,bare soil,"[{'text': 'bare soil', 'label': 'LULC'}]"
Article_89,"Built-up and bare soil areas increased by 13.61% and 25.24% from losing water bodies, vegetation and lowland during the study period.",LULC_TRANSFORMATION,bare soil,"[{'text': 'bare soil', 'label': 'LULC'}]"
Article_89,"Built-up and bare soil areas increased by 13.61% and 25.24% from losing water bodies, vegetation and lowland during the study period.",CHANGE_HAS_MAGNITUDE,increased by 13.61,"[{'text': 'increased', 'label': 'CHANGE'}]"
Article_89,"Built-up and bare soil areas increased by 13.61% and 25.24% from losing water bodies, vegetation and lowland during the study period.",LULC_TRANSFORMATION,water bodies,"[{'text': 'water bodies', 'label': 'LULC'}]"
Article_89,"Spatial distribution of maximum and mean LST in Dhaka city showed the increase of 4.62 °C and 6.43 °C, respectively, during the study period, while the change in minimum LST was not substantial.",CHANGE_HAS_MAGNITUDE,increase of 4.62,"[{'text': 'increase', 'label': 'CHANGE'}, {'text': '4.62', 'label': 'CARDINAL'}]"
Article_91,"For example, for distance from the road, if the forest is very close to the road, the rate of forest clearance (deforestation) is very high, and vice versa, i.e., if there is road availability, the people living nearby can clear the forest for agriculture or other purposes.",LULC_TRANSFORMATION,forest for agriculture,"[{'text': 'forest', 'label': 'LULC'}, {'text': 'agriculture', 'label': 'LULC'}]"
Article_92,"This represents a loss of over 2% of the farmland in the county, the majority of which converted to emergent wetland during the study period.",CHANGE_HAS_MAGNITUDE,loss of over,"[{'text': 'loss', 'label': 'CHANGE'}]"
Article_92,"One of the most striking effects of sea level rise is the transition of uplands to tidal wetlands and open water Characteristics of the landscape are important determinants of the timing and pace of upland transition One landscape factor that has rarely been considered as a determinant of upland transition to marsh is upland land cover type, and that is the focus of this study.",CHANGE_HAS_MAGNITUDE,transition One,"[{'text': 'transition', 'label': 'CHANGE'}, {'text': 'One', 'label': 'CARDINAL'}]"
Article_92,"The land cover types in our study area mainly included agricultural land, such as cropland, orchards, poultry houses, irrigation canals, and ponds; urban or built-up land, such as houses, lawns, highways, power infrastructure, towns, and commercial complexes; upland forest; estuarine and palustrine wetlands; and water bodies (see Fig.",LULC_TRANSFORMATION,water bodies,"[{'text': 'water bodies', 'label': 'LULC'}]"
Article_92,"Forest/Scrub Shrub Areas dominated by trees and/or shrubs with tree and shrub coverage of 30% or greater, regardless of tidal regime, salinity level, or understory plant community type.",LULC_TRANSFORMATION,shrubs with tree,"[{'text': 'shrubs', 'label': 'LULC'}, {'text': 'tree', 'label': 'LULC'}]"
Article_92,"Scrub Shrub Wetland / Forested Wetland Wetlands with 10 to 30% coverage of woody vegetation, regardless of tidal regime or salinity level.",LULC_TRANSFORMATION,Shrub Wetland,"[{'text': 'Shrub', 'label': 'LULC'}, {'text': 'Wetland', 'label': 'LULC'}]"
Article_92,Scrub shrub wetland behaved similarly; the same proportion of land transitioned out (16.1%) and into (16.5%) scrub shrub wetland.,LULC_TRANSFORMATION,shrub wetland,"[{'text': 'shrub', 'label': 'LULC'}, {'text': 'wetland', 'label': 'LULC'}]"
Article_92,Scrub shrub wetland behaved similarly; the same proportion of land transitioned out (16.1%) and into (16.5%) scrub shrub wetland.,LULC_TRANSFORMATION,shrub wetland,"[{'text': 'shrub', 'label': 'LULC'}, {'text': 'wetland', 'label': 'LULC'}]"
Article_92,Transition to emergent wetland was more likely for agricultural and scrub shrub wetland areas than for urban or forest areas after controlling for elevation and distance to shore.,LULC_TRANSFORMATION,shrub wetland,"[{'text': 'shrub', 'label': 'LULC'}, {'text': 'wetland', 'label': 'LULC'}]"
Article_92,"Forest, for Wetlands example, can subsist in the persistent zone until a single climatic event kills adult and causes a state change to marsh The scrub shrub wetland cover class included tidal and non-tidal freshwater swamps with low tree or shrub cover, whereas tidal and non-tidal freshwater swamps with high tree cover were classified as forest (Fig.",LULC_TRANSFORMATION,shrub wetland,"[{'text': 'shrub', 'label': 'LULC'}, {'text': 'wetland', 'label': 'LULC'}]"
Article_92,"The largest net loss, 5.7 km 2 , was from agricultural land cover (Table | Predictors of Land Cover Change: Interestingly, transitions from agriculture to forest exhibited a similar elevation profile to those from agriculture to emergent wetland.",LULC_TRANSFORMATION,agriculture to forest,"[{'text': 'agriculture', 'label': 'LULC'}, {'text': 'forest', 'label': 'LULC'}]"
Article_92,"Agricultural land and scrub shrub wetland were more able to conversion to emergent wetland than forest or urban land, after controlling for two important variables in land use transition, elevation and distance to shore.",LULC_TRANSFORMATION,shrub wetland,"[{'text': 'shrub', 'label': 'LULC'}, {'text': 'wetland', 'label': 'LULC'}]"
Article_92,"Agricultural land and scrub shrub wetland were more able to conversion to emergent wetland than forest or urban land, after controlling for two important variables in land use transition, elevation and distance to shore.",LULC_TRANSFORMATION,wetland than forest,"[{'text': 'wetland', 'label': 'LULC'}, {'text': 'forest', 'label': 'LULC'}]"
Article_94,"Other cultivated areas of cropland, built-up, oil palm, and banana plantation covers increased by 21,360 ha (10.5%), 3152 ha (1.6%), 5721 ha (2.8%), and 1823 ha (0.9%), while dense forest, rubber and tea plantation covers decreased by -44,945 ha (-22.1%), -15,557 ha (-7.7%), and -110 ha (-0.1%), respectively, from 1986 to 2018.",CHANGE_HAS_MAGNITUDE,"increased by 21,360","[{'text': 'increased', 'label': 'CHANGE'}]"
Article_94,"Other cultivated areas of cropland, built-up, oil palm, and banana plantation covers increased by 21,360 ha (10.5%), 3152 ha (1.6%), 5721 ha (2.8%), and 1823 ha (0.9%), while dense forest, rubber and tea plantation covers decreased by -44,945 ha (-22.1%), -15,557 ha (-7.7%), and -110 ha (-0.1%), respectively, from 1986 to 2018.",CHANGE_HAS_MAGNITUDE,"decreased by -44,945","[{'text': 'decreased', 'label': 'CHANGE'}]"
Article_94,"Beyond 2000, much of the expansion in built-up areas and other cultivated areas of cropland occurred more in non-forest than forest areas in Buea and Limbe subdivisions, leading to a decrease in the area cover of agro-industrial plantations.",LULC_TRANSFORMATION,forest than forest,"[{'text': 'forest', 'label': 'LULC'}, {'text': 'forest', 'label': 'LULC'}]"
Article_95,"Over the past three decades, agricultural land, commercial farm, built-up, and water bodies have increased while forestland, rangeland, grazing land, and swampy areas have decreased.",LULC_TRANSFORMATION,water bodies,"[{'text': 'water bodies', 'label': 'LULC'}]"
Article_95,"| Forest land: Areas covered with a dense growth of trees that include: evergreen forests, mixed forest land, deciduous forest lands.",LULC_TRANSFORMATION,evergreen forests,"[{'text': 'evergreen forests', 'label': 'LULC'}]"
Article_95,Urban and built-up areas followed by water bodies and swampy areas showed the lowest loss.,LULC_TRANSFORMATION,water bodies,"[{'text': 'water bodies', 'label': 'LULC'}]"
Article_95,"Similar patterns of changes were observed during the 2002-2017 period with the highest losses shown by rangeland, followed by forest land and agricultural land, whereas the lowest loss was shown by urban and built-up followed by swampy area and water bodies.",LULC_TRANSFORMATION,water bodies,"[{'text': 'water bodies', 'label': 'LULC'}]"
Article_95,"The highest gain for the period of 1987-2002 was shown by agricultural land followed by rangeland and forest land, whereas the lowest gain was shown by urban and built up followed by water bodies.",LULC_TRANSFORMATION,water bodies,"[{'text': 'water bodies', 'label': 'LULC'}]"
Article_95,"For period's 2002-2017, agricultural land followed by rangeland and grazing land has shown the highest gain while water bodies followed by swampy and urban and built-up area shows the lowest gain.",LULC_TRANSFORMATION,water bodies,"[{'text': 'water bodies', 'label': 'LULC'}]"
Article_95,"The shift by forest land dominance from the undulating and gently rolling to the hilly and strongly rolling was owing to the agricultural land expansion, urban and built up, and increased water body on the lower slopes.",LULC_TRANSFORMATION,water body,"[{'text': 'water body', 'label': 'LULC'}]"
Article_95,The highest increase by water bodies was shown on slope ranges from 0% to 2%.,LULC_TRANSFORMATION,water bodies,"[{'text': 'water bodies', 'label': 'LULC'}]"
Article_95,"In contrast to water bodies, rangeland decreased on all slope ranges except in very hilly slope areas.",LULC_TRANSFORMATION,water bodies,"[{'text': 'water bodies', 'label': 'LULC'}]"
Article_95,"The expansion of irrigation projects increased commercial farms, and the construction of reservoirs increased water bodies in the catchment.",LULC_TRANSFORMATION,water bodies,"[{'text': 'water bodies', 'label': 'LULC'}]"
Article_95,"The use of wetlands for agriculture limited the area of communal grazing where many livestock populations were allowed for grazing.""",LULC_TRANSFORMATION,wetlands for agriculture,"[{'text': 'wetlands', 'label': 'LULC'}, {'text': 'agriculture', 'label': 'LULC'}]"
Article_95,"For example, increased agricultural land on a steep slope without proper management practices potentially have increased the vulnerability of the land to erosion and sedimentation in water bodies of the catchment.",LULC_TRANSFORMATION,water bodies,"[{'text': 'water bodies', 'label': 'LULC'}]"
Article_98,"The results showed that: (1) From 1992 to 2018, shrubland and grassland decreased, while built-up land, snow, forestland, water body, and cropland area increased.",LULC_TRANSFORMATION,water body,"[{'text': 'water body', 'label': 'LULC'}]"
Article_98,"| Results: | Changes of LULC: The spatial distribution of LULC in Derong County from 1992 to 2018 was shown in Figure | Results: | Changes of LULC: The spatial distribution of LULC in Derong County from 1992 to 2018 was shown in Figure From 1992 to 2018, forestland, water body, built-up land, cropland, and snow increased, while shrubland and grassland decreased.",LULC_TRANSFORMATION,water body,"[{'text': 'water body', 'label': 'LULC'}]"
Article_98,"The built-up land has changed the most, increasing by 2679.68 hm 2 and with an increase rate of 294.09% by 1992.",CHANGE_HAS_MAGNITUDE,increasing by 2679.68,"[{'text': 'increasing', 'label': 'CHANGE'}, {'text': '2679.68', 'label': 'CARDINAL'}]"
Article_98,The cropland also increased by 2061.26 hm 2 and with an increase rate of 45.57% by 1992.,CHANGE_HAS_MAGNITUDE,increased by 2061.26,"[{'text': 'increased', 'label': 'CHANGE'}, {'text': '2061.26', 'label': 'CARDINAL'}]"
Article_98,"The other landuse types increased, and the order of increasing speed was: Built-up land > cropland > snow > forestland > water body, with dynamic degrees of 11.31%, 1.75%, 0.94%, 0.44%, and 0.39%, respectively.",LULC_TRANSFORMATION,water body,"[{'text': 'water body', 'label': 'LULC'}]"
Article_98,"As can be seen from Table Soil and water conservation, the implementation of forest projects, and comprehensive ecological management have promoted the restoration of forestland and water body, and the increase in the ESV of forestland and water body.",LULC_TRANSFORMATION,water body,"[{'text': 'water body', 'label': 'LULC'}]"
Article_98,"As can be seen from Table Soil and water conservation, the implementation of forest projects, and comprehensive ecological management have promoted the restoration of forestland and water body, and the increase in the ESV of forestland and water body.",LULC_TRANSFORMATION,water body,"[{'text': 'water body', 'label': 'LULC'}]"
Article_98,"The major study results showed as follows: (1) From 1992 to 2018, the ESV with an overall decrease of 0.25 × 10 8 yuan, and the most severe decline in the value density of ESV was in Dianyagong.",CHANGE_HAS_MAGNITUDE,decrease of 0.25,"[{'text': 'decrease', 'label': 'CHANGE'}, {'text': '0.25', 'label': 'CARDINAL'}]"
Article_99,"Land Use Policy As a result of the socioeconomic transformation, the rapid urban expansion of cities and towns in the Gulf Cooperation Council (GCC) states has predominately led to tremendous pressure on the limited natural resources and loss of productive lands.",LULC_TRANSFORMATION,urban expansion of cities,"[{'text': 'urban', 'label': 'LULC'}, {'text': 'expansion', 'label': 'CHANGE'}, {'text': 'cities', 'label': 'LULC'}]"
Article_99,"During the next two decades, the built-up areas will dominant, with a large percentage of vacant land (net loss 12,813 ha) and vegetation cover (net loss 35 ha) will be gradually converted into residential land use.",CHANGE_HAS_MAGNITUDE,"loss 12,813","[{'text': 'loss', 'label': 'CHANGE'}]"
Article_99,"During the next two decades, the built-up areas will dominant, with a large percentage of vacant land (net loss 12,813 ha) and vegetation cover (net loss 35 ha) will be gradually converted into residential land use.",CHANGE_HAS_MAGNITUDE,loss 35,"[{'text': 'loss', 'label': 'CHANGE'}]"
Article_99,"| LULC type Description: Built-up area Developed environment including all residential, commercial and industrial areas, urban agglomerations and transportation infrastructure Vegetation Total plant cover which encompasses mixed palm trees, gardens, inner city recreational areas, cultivated lands, grasslands, and agricultural areas Bare land Open land that has no buildings and is not being used, often bare soils, it can be used for several purposes, particularly for residential, agricultural and industrial use Rocky land Land dominated by rocky blocks or consists of large areas of rock which almost cover the entire landscape Mountains Large landforms that rise above the surrounding lands and rugged terrains activity a y.",LULC_TRANSFORMATION,bare soils,"[{'text': 'bare soils', 'label': 'LULC'}]"
Article_100,Built-up area increased by about 326 percent and open/fallow land by 44 percent while the agricultural land and vegetation cover have decreased by 12 percent and 34 percent of the total area of study respectively during the study period.,CHANGE_HAS_MAGNITUDE,increased by about,"[{'text': 'increased', 'label': 'CHANGE'}]"
Article_100,Built-up area increased by about 326 percent and open/fallow land by 44 percent while the agricultural land and vegetation cover have decreased by 12 percent and 34 percent of the total area of study respectively during the study period.,CHANGE_HAS_MAGNITUDE,decreased by 12,"[{'text': 'decreased', 'label': 'CHANGE'}]"
Article_100,"Built-up area has witnessed a gigantic growth of 114 percent from 1990 to 2003 and 99.02 percent from 2003 to 2018, making an overall growth of 326 percent during the study period (Table Fallow land is next to Built-up that has witnessed massive increase of 44 percent during the study period, however rate of increase was 29.19 from 1990 to 2003 and 9.90 percent from 2003 to 2018.",CHANGE_HAS_MAGNITUDE,growth of 114,"[{'text': 'growth', 'label': 'CHANGE'}]"
Article_100,"Built-up area has witnessed a gigantic growth of 114 percent from 1990 to 2003 and 99.02 percent from 2003 to 2018, making an overall growth of 326 percent during the study period (Table Fallow land is next to Built-up that has witnessed massive increase of 44 percent during the study period, however rate of increase was 29.19 from 1990 to 2003 and 9.90 percent from 2003 to 2018.",CHANGE_HAS_MAGNITUDE,growth of 326,"[{'text': 'growth', 'label': 'CHANGE'}]"
Article_100,"Built-up area has witnessed a gigantic growth of 114 percent from 1990 to 2003 and 99.02 percent from 2003 to 2018, making an overall growth of 326 percent during the study period (Table Fallow land is next to Built-up that has witnessed massive increase of 44 percent during the study period, however rate of increase was 29.19 from 1990 to 2003 and 9.90 percent from 2003 to 2018.",CHANGE_HAS_MAGNITUDE,increase of 44,"[{'text': 'increase', 'label': 'CHANGE'}]"
Article_100,The Vegetation cover has witnessed the maximum decrease of 34 percent among all the LULC classes during the study period however it decreased by 23 percent from 1990 to 2003 and 15.13 percent from 2003 to 2018 (Fig.,CHANGE_HAS_MAGNITUDE,decrease of 34,"[{'text': 'decrease', 'label': 'CHANGE'}]"
Article_100,The Vegetation cover has witnessed the maximum decrease of 34 percent among all the LULC classes during the study period however it decreased by 23 percent from 1990 to 2003 and 15.13 percent from 2003 to 2018 (Fig.,CHANGE_HAS_MAGNITUDE,decreased by 23,"[{'text': 'decreased', 'label': 'CHANGE'}]"
Article_100,"The maximum change is noticed from the built-up area which has increased to about 326.65 percent, followed by open/fallow land which is increased by about 41.98 percent during 1990-2018.",CHANGE_HAS_MAGNITUDE,increased to about,"[{'text': 'increased', 'label': 'CHANGE'}]"
Article_100,"The maximum change is noticed from the built-up area which has increased to about 326.65 percent, followed by open/fallow land which is increased by about 41.98 percent during 1990-2018.",CHANGE_HAS_MAGNITUDE,increased by about,"[{'text': 'increased', 'label': 'CHANGE'}]"
Article_100,"At the same time the vegetation cover, water bodies and agricultural land are declined by -34.84, -22.51 and -12.44 percent, respectively, while the ridge part has noticed a negligible decline in its area.",LULC_TRANSFORMATION,water bodies,"[{'text': 'water bodies', 'label': 'LULC'}]"
Article_102,"Agricultural change represented 15.9% of the change, with total agricultural spatial extent showing only a slight increase of 4778 km 2 , however there was a substantial decline (7.94%) in pasture/hay during this time, transitioning mostly to cultivated crop.",CHANGE_HAS_MAGNITUDE,increase of 4778,"[{'text': 'increase', 'label': 'CHANGE'}]"
Article_102,"The total forest extent declined about 63,537 km 2 or -3.12%.",LULC_HAS_AREA,forest extent,"[{'text': 'forest', 'label': 'LULC'}]"
Article_102,"| Shrub, grass and bare ground: Total shrub extent in CONUS was 1,760,134 km 2 in 2016 and the change rate varies between 0.52% to -0.82% during the mapping period (Fig.",LULC_HAS_AREA,shrub extent,"[{'text': 'shrub', 'label': 'LULC'}]"
Article_102,"| Shrub, grass and bare ground: Total shrub extent in CONUS was 1,760,134 km 2 in 2016 and the change rate varies between 0.52% to -0.82% during the mapping period (Fig.",CHANGE_HAS_MAGNITUDE,varies between,"[{'text': 'varies', 'label': 'CHANGE'}]"
Article_102,"However, the change in wetland extent was greatest in the southeast U.S., driven by precipitation and the historical pattern of human caused land cover change influencing natural processes The change in cropland footprint (including both classes of pasture/ hay and cultivated crop) was nearly static across the 15 years with only a slight increase of 4778 km 2 .",CHANGE_HAS_MAGNITUDE,increase of 4778,"[{'text': 'increase', 'label': 'CHANGE'}]"
Article_104,"This could bring the reduced availability of water for crop production, which will be a chronic issue of subsistence agriculture.",LULC_TRANSFORMATION,water for crop,"[{'text': 'water', 'label': 'LULC'}, {'text': 'crop', 'label': 'LULC'}]"
Article_104,"According to CCLM4-8, precipitation decreases by -12.67% under RCP4.5 in near future and -27.47% under RCP8.5 scenarios in a midterm.",CHANGE_HAS_MAGNITUDE,decreases by -12.67,"[{'text': 'decreases', 'label': 'CHANGE'}]"
Article_104,"This could imply the reduced availability of water for crop production, which will become chronic to the farmers in the catchment whose livelihood is based on agriculture alone.",LULC_TRANSFORMATION,water for crop,"[{'text': 'water', 'label': 'LULC'}, {'text': 'crop', 'label': 'LULC'}]"
Article_104,"This could imply the reduced availability of water for crop production, which will become chronic to the farmers in the catchment whose livelihood is based on agriculture alone.",LULC_TRANSFORMATION,water for crop,"[{'text': 'water', 'label': 'LULC'}, {'text': 'crop', 'label': 'LULC'}]"
Article_107,"From the obtained results based on MCA, urban growth is predicted to be large and it is estimated at around 2607 km 2 until the year 2047 with a net increase of 811 km 2 .",CHANGE_HAS_MAGNITUDE,increase of 811,"[{'text': 'increase', 'label': 'CHANGE'}]"
Article_107,"LULCC is one of the primary contributors of greenhouse gas stocks resulting from direct human use of lands for commercial uses, settlements, and forestry activities Saudi Vision 2030 is a development plan started by the Saudi government in 2016 which aims to bring the country out of its historical oil rent by diversifying its economy and resorting to various privatizations | Study Area: The Al-Baha region is one of the thirteen administrative regions that make up the Kingdom of Saudi Arabia, the most important of which are al-Mandaq, e Buljurshi, al-Qara, alAqiq, al-Makhwah, Qelwah and al-Baha City (Figure | Study Area: The Al-Baha region is one of the thirteen administrative regions that make up the Kingdom of Saudi Arabia, the most important of which are al-Mandaq, e Buljurshi, al-Qara, alAqiq, al-Makhwah, Qelwah and al-Baha City (Figure The topography of the region is mostly mountains known as the Hijaz Mountains, and the mountainous areas are covered almost entirely by local coniferous juniper trees, in addition to many types of fruit trees, bushes, small shrubs, forests and flowers such as candi, basil, jasmine, Hijazi rose (Aqsh, raspberry) and Arfaj.",LULC_TRANSFORMATION,fruit trees,"[{'text': 'fruit', 'label': 'LULC'}, {'text': 'trees', 'label': 'LULC'}]"
Article_107,"Figure The topography of the region is mostly mountains known as the Hijaz Mountains, and the mountainous areas are covered almost entirely by local coniferous juniper trees, in addition to many types of fruit trees, bushes, small shrubs, forests and flowers such as candi, basil, jasmine, Hijazi rose (Aqsh, raspberry) and Arfaj.",LULC_TRANSFORMATION,fruit trees,"[{'text': 'fruit', 'label': 'LULC'}, {'text': 'trees', 'label': 'LULC'}]"
Article_107,"| •: Based on MCA, it seems that urban growth will be extensive, it is estimated at around 2607 km 2 until the year 2047 with a net increase of 811 km 2 .",CHANGE_HAS_MAGNITUDE,increase of 811,"[{'text': 'increase', 'label': 'CHANGE'}]"
Article_108,"Notably, the built-up areas expanded by 33.98 km 2 (29.46%) while the grass cover diminished by 43.09 km 2 (33.73%) between 1979 and 2019.",CHANGE_HAS_MAGNITUDE,expanded by 33.98,"[{'text': 'expanded', 'label': 'CHANGE'}]"
Article_108,"This observation indicated that urban development in the study area has been increasing (Table | Population growth and contributions to LULC: According to the Australian Bureau of Statistics (ABS), Australia's population has increased by over 25% from 2001 to 2016, reaching twenty-four million people.",CHANGE_HAS_MAGNITUDE,increased by over,"[{'text': 'increased', 'label': 'CHANGE'}]"
Article_108,"The built-up area, plantation and water expanded by 34.0 km 2 , 8.7 km 2 and 0.4 km 2 , respectively from 1979 to 2019, whereas grass cover declined by 43.09 km 2 , revealing a significant transformation in the LULC.",CHANGE_HAS_MAGNITUDE,expanded by 34.0,"[{'text': 'expanded', 'label': 'CHANGE'}]"
Article_108,"The built-up area, plantation and water expanded by 34.0 km 2 , 8.7 km 2 and 0.4 km 2 , respectively from 1979 to 2019, whereas grass cover declined by 43.09 km 2 , revealing a significant transformation in the LULC.",CHANGE_HAS_MAGNITUDE,declined by 43.09,"[{'text': 'declined', 'label': 'CHANGE'}]"
Article_110,The results showed that during the period under review there have been losses of 4178.5 hectares (7%) in closed and open forest and bare land whilst crop land and settlement have seen an increase of 21685.3 hectares (37%).,CHANGE_HAS_MAGNITUDE,losses of 4178.5,"[{'text': 'losses', 'label': 'CHANGE'}]"
Article_110,The results showed that during the period under review there have been losses of 4178.5 hectares (7%) in closed and open forest and bare land whilst crop land and settlement have seen an increase of 21685.3 hectares (37%).,CHANGE_HAS_MAGNITUDE,increase of 21685.3,"[{'text': 'increase', 'label': 'CHANGE'}]"
Article_110,"Closed Forest This is made up of rainforest and moist semi-deciduous forest trees with three layers of emergent, canopies, and undergrowth.",LULC_TRANSFORMATION,forest trees,"[{'text': 'forest', 'label': 'LULC'}, {'text': 'trees', 'label': 'LULC'}]"
Article_110,Open forest decreased marginally to 4167.2 hectares representing 7.2 % whilst closed forest declined to 4.5 % or 2620.2 hectares ( Fig.,CHANGE_HAS_MAGNITUDE,declined to 4.5,"[{'text': 'declined', 'label': 'CHANGE'}]"
Article_110,The total land area for settlements realized its highest increase to 25900.6 hectares which translates into 44.7%.,CHANGE_HAS_MAGNITUDE,increase to 25900.6,"[{'text': 'increase', 'label': 'CHANGE'}]"
Article_110,"Cropland also decreased in area to 10911.1 hectares, representing 18.8%.",CHANGE_HAS_MAGNITUDE,decreased in area,"[{'text': 'decreased', 'label': 'CHANGE'}]"
Article_110,Savannah land cover saw a significant reduction to 9365.4 hectares (16.2%) which is a considerable reason for a rise in settlement ( Fig.,CHANGE_HAS_MAGNITUDE,reduction to 9365.4,"[{'text': 'reduction', 'label': 'CHANGE'}]"
Article_110,Built up (settlement establishment) improved to 44.7% (2019) from 12.3% The socioeconomic data revealed that the predominant occupation in the district is Farming and Trading with most of the inhabitants being migrants who quest for land property and agriculture.,CHANGE_HAS_MAGNITUDE,improved to 44.7,"[{'text': 'improved', 'label': 'CHANGE'}]"
Article_111,"Moreover, baseflow, lateral flow, percolation and ET are highly positively related to alteration of evergreen forest, agroforestry and grassland, while surface runoff inversely correlates to alteration in these areas.",LULC_TRANSFORMATION,evergreen forest,"[{'text': 'evergreen forest', 'label': 'LULC'}]"
Article_112,"The model classes estimated for 2060 compared to the classified 2017 LULC classes revealed that dense forest, sparse forest, agricultural land and barren area would decrease by -26.26% (from 327.08 to 241.08 km 2 ), -0.76% (from 2372.29 to 2355.82 km 2 ), -5.86% (from 973.21 to 916.27 km 2 ) and -10.03% (from 2918.9-2626.19 km 2 ), respectively.",CHANGE_HAS_MAGNITUDE,decrease by -26.26,"[{'text': 'decrease', 'label': 'CHANGE'}]"
Article_112,"In contrast, the urban area would significantly increase by 271.19%, (from 161.99 to 602.19.8 km 2 ).",CHANGE_HAS_MAGNITUDE,increase by 271.19,"[{'text': 'increase', 'label': 'CHANGE'}]"
Article_112,"During that period, the sparse forest has slightly increased by 1.47% whilst, agricultural land and urban area have significantly increased by 223.2% (300 km 2 to 973 km 2 ), and 448.84% (29 km 2 to 161 km 2 ) respectively.",CHANGE_HAS_MAGNITUDE,increased by 1.47,"[{'text': 'increased', 'label': 'CHANGE'}]"
Article_112,"During that period, the sparse forest has slightly increased by 1.47% whilst, agricultural land and urban area have significantly increased by 223.2% (300 km 2 to 973 km 2 ), and 448.84% (29 km 2 to 161 km 2 ) respectively.",CHANGE_HAS_MAGNITUDE,increased by 223.2,"[{'text': 'increased', 'label': 'CHANGE'}]"
Article_112,"Across Iraq, the central government has allocated silos to buy wheat from farmers for a pre-declared price above the market price The land use type that increased the most over the last four decades is urban area, which increased by six times from 0.37 to 2.",CHANGE_HAS_MAGNITUDE,increased by six,"[{'text': 'increased', 'label': 'CHANGE'}, {'text': 'six', 'label': 'CARDINAL'}]"
Article_112,"Moreover, the most dynamic land use type that increased the most over the last four decades was urban area, which increased by six times from 0.37 to 2.",CHANGE_HAS_MAGNITUDE,increased by six,"[{'text': 'increased', 'label': 'CHANGE'}, {'text': 'six', 'label': 'CARDINAL'}]"
Article_115,"The orchards also expanded dramatically with an increase of about 2800 ha, which was about 1.6 times that of 2010, and took third place with an areal coverage of 19.2%.",CHANGE_HAS_MAGNITUDE,increase of about,"[{'text': 'increase', 'label': 'CHANGE'}]"
Article_115,"However, the cropland, waterbody, and barren land decreased by 2.3%, 2.8%, and 3.7%, respectively, from that of 2010.",CHANGE_HAS_MAGNITUDE,decreased by 2.3,"[{'text': 'decreased', 'label': 'CHANGE'}]"
Article_115,"From 2000 to 2010, a slight decrease in orchards area from 12.4% to 12.1% was found, but the area occupied by orchards increased nearly 7% in 2000-2019 (Table The areal percentage occupied by waterbody experienced a continuous decline of 8.6%, 8.5%, and 5.7% in 2000, 2010, and 2019, respectively (Table The areal percentages occupied by built-up in 2000, 2010, and 2019 were 11.5%, 14.4%, and 19.5%, respectively, and experienced a total increase of 3166.8 ha from 2000 to 2019 (Table The areal percentage occupied by barren land also experienced a continuous decline of 10.3%, 4.9%, and 1.2% in 2000, 2010, and 2019, respectively (Table | Driving Forces for LULC Changes: The overall CVC values for each analyzed factor are listed in Table The CVCs of distance from water (DFW) for forest, waterbody, and cropland are 0.388, 0.230, and 0.216, respectively, which suggested that the water area in this study was often located far from the forest.",CHANGE_HAS_MAGNITUDE,increased nearly,"[{'text': 'increased', 'label': 'CHANGE'}]"
Article_115,"From 2000 to 2010, a slight decrease in orchards area from 12.4% to 12.1% was found, but the area occupied by orchards increased nearly 7% in 2000-2019 (Table The areal percentage occupied by waterbody experienced a continuous decline of 8.6%, 8.5%, and 5.7% in 2000, 2010, and 2019, respectively (Table The areal percentages occupied by built-up in 2000, 2010, and 2019 were 11.5%, 14.4%, and 19.5%, respectively, and experienced a total increase of 3166.8 ha from 2000 to 2019 (Table The areal percentage occupied by barren land also experienced a continuous decline of 10.3%, 4.9%, and 1.2% in 2000, 2010, and 2019, respectively (Table | Driving Forces for LULC Changes: The overall CVC values for each analyzed factor are listed in Table The CVCs of distance from water (DFW) for forest, waterbody, and cropland are 0.388, 0.230, and 0.216, respectively, which suggested that the water area in this study was often located far from the forest.",CHANGE_HAS_MAGNITUDE,decline of 8.6,"[{'text': 'decline', 'label': 'CHANGE'}]"
Article_115,"From 2000 to 2010, a slight decrease in orchards area from 12.4% to 12.1% was found, but the area occupied by orchards increased nearly 7% in 2000-2019 (Table The areal percentage occupied by waterbody experienced a continuous decline of 8.6%, 8.5%, and 5.7% in 2000, 2010, and 2019, respectively (Table The areal percentages occupied by built-up in 2000, 2010, and 2019 were 11.5%, 14.4%, and 19.5%, respectively, and experienced a total increase of 3166.8 ha from 2000 to 2019 (Table The areal percentage occupied by barren land also experienced a continuous decline of 10.3%, 4.9%, and 1.2% in 2000, 2010, and 2019, respectively (Table | Driving Forces for LULC Changes: The overall CVC values for each analyzed factor are listed in Table The CVCs of distance from water (DFW) for forest, waterbody, and cropland are 0.388, 0.230, and 0.216, respectively, which suggested that the water area in this study was often located far from the forest.",CHANGE_HAS_MAGNITUDE,increase of 3166.8,"[{'text': 'increase', 'label': 'CHANGE'}]"
Article_115,"From 2000 to 2010, a slight decrease in orchards area from 12.4% to 12.1% was found, but the area occupied by orchards increased nearly 7% in 2000-2019 (Table The areal percentage occupied by waterbody experienced a continuous decline of 8.6%, 8.5%, and 5.7% in 2000, 2010, and 2019, respectively (Table The areal percentages occupied by built-up in 2000, 2010, and 2019 were 11.5%, 14.4%, and 19.5%, respectively, and experienced a total increase of 3166.8 ha from 2000 to 2019 (Table The areal percentage occupied by barren land also experienced a continuous decline of 10.3%, 4.9%, and 1.2% in 2000, 2010, and 2019, respectively (Table | Driving Forces for LULC Changes: The overall CVC values for each analyzed factor are listed in Table The CVCs of distance from water (DFW) for forest, waterbody, and cropland are 0.388, 0.230, and 0.216, respectively, which suggested that the water area in this study was often located far from the forest.",CHANGE_HAS_MAGNITUDE,decline of 10.3,"[{'text': 'decline', 'label': 'CHANGE'}]"
Article_115,"The area under built-up and orchards exhibited an overall growing trend during the same period, with a net increase of 3166.8 and 2644.2 ha, respectively.",CHANGE_HAS_MAGNITUDE,increase of 3166.8,"[{'text': 'increase', 'label': 'CHANGE'}]"
Article_116,"Analysis results unveiled the following: (1) From 1985 to 2020, there was a decline in the area of farmland, forest, and grassland, accompanied by an increase in land for construction, water bodies, and unused land.",LULC_TRANSFORMATION,water bodies,"[{'text': 'water bodies', 'label': 'LULC'}]"
Article_116,"The land for construction was emerging as the dominant landscape by area, whereas patches of farmland, forest, grassland, and water bodies became less connected.",LULC_TRANSFORMATION,water bodies,"[{'text': 'water bodies', 'label': 'LULC'}]"
Article_116,"At the patch level, the land for construction is steadily enhancing its role as the largest dominant landscape type, and the fragmented invasion of land for construction in the suburbs of cities has caused a reduction and fragmentation of farmland, posing a threat to the quality of habitats and landscape layout such as forests, grasslands, and water bodies.This trend leads to loosely connected patches of these land types.",LULC_TRANSFORMATION,water bodies,"[{'text': 'water bodies', 'label': 'LULC'}]"
Article_116,"This was attributed to the continuous expansion of land for construction in the central urban areas of the southwestern region, with fragmentation encroaching on surrounding farmland and core ecological patches of forest, grassland, and water bodies.",LULC_TRANSFORMATION,water bodies,"[{'text': 'water bodies', 'label': 'LULC'}]"
Article_116,"There should be a focus on amplifying ecological restoration and protection initiatives in the southwestern region, rigorously controlling the unplanned expansion and sprawl of construction land, while also intensifying efforts to conserve and connect farmland and core ecological patches of forest, grassland, and water bodies.",LULC_TRANSFORMATION,water bodies,"[{'text': 'water bodies', 'label': 'LULC'}]"
Article_117,"Specifically, settlement, agriculture and grazing land have increased by 32 %, 16.51% and 19.97%.",CHANGE_HAS_MAGNITUDE,increased by 32,"[{'text': 'increased', 'label': 'CHANGE'}]"
Article_117,"Contrary to this, forest and area closure decreased by 30 % and 19.73 %.",CHANGE_HAS_MAGNITUDE,decreased by 30,"[{'text': 'decreased', 'label': 'CHANGE'}]"
Article_117,"Though insignificant, bare land has increased by 1.36 % (Table | LULCC and Free Labour Mobilisation Campaign: The GoE was keen to rehabilitate degraded lands through a variety of mechanisms.",CHANGE_HAS_MAGNITUDE,increased by 1.36,"[{'text': 'increased', 'label': 'CHANGE'}]"
Article_118,"The agricultural land in 1990 was 41,587.21 ha which increased to 57,868.95 ha in 2019 with an average growth rate of 39.15%.",CHANGE_HAS_MAGNITUDE,"increased to 57,868.95","[{'text': 'increased', 'label': 'CHANGE'}]"
Article_118,"The predicted LULC map shows that the forest cover will further degrade from 16.94% in 2019 to 8.07% in 2050, while agricultural land would be expanded to 69,021.20 ha and 69,264.44 ha in 2035 and 2050 from 57,868.95 ha in 2019.",CHANGE_HAS_MAGNITUDE,"expanded to 69,021.20","[{'text': 'expanded', 'label': 'CHANGE'}]"
Article_118,"| Forest Land: Areas covered with dense trees (deciduous forests, evergreen forests, mixed forests).",LULC_TRANSFORMATION,evergreen forests,"[{'text': 'evergreen forests', 'label': 'LULC'}]"
Article_118,"The predicted results of the year 2035 and 2050 show an increase in agriculture, water body and urban land.",LULC_TRANSFORMATION,water body,"[{'text': 'water body', 'label': 'LULC'}]"
