Unnamed: 0,id_segment,text_segment,relevance_label,relevance_type_norm
0,1-s2.0-S0301479717300713-main_226b,"' Lambin et al., 2003 ' , ' 'With high confidence, rainfall variability is a driving force of",0,
1,1-s2.0-S0303243414001718-main_19b,"'After the droughts in the 1970s and 1980s, the observed loss of woody vegetation cover was often considered as irreversible and large parts of the Sahel were designated as degraded land e.g",2,"DRIVERS, LULCC"
2,1-s2.0-S030438781000043X-mainext_313b,'Few investment opportunities are available to most Rwandan farmers,0,
3,1-s2.0-S095937809800003X-main_75b,'Pastoral production has often existed in some sort of symbiotic interaction with the,1,PRACTICES
4,1-s2.0-S0006320709005400-main_16b,'The forests of West and Central Africa probably originally covered a combined area of about 3 million km 2,2,LULC
5,1-s2.0-S095937809800003X-main_8,"1993 ' , ' ""An increase of land under can be in the form of either a clearing more land within the present territory, or b migrating to other areas to develop new land for",1,LULCC
6,1-s2.0-S0304387816300670-main_75,"2006 , who estimate an increase in the national share of 0.45 percent with a reduction in national rainfall of 1 percent",1,"DRIVERS, LULCC"
7,1-s2.0-S0140196313000608-main_212,"2011 ' , ' 'Perhaps most importantly, the meta-analysis exposes the surprisingly huge gap in the scientific literature when it comes to actual measurements of land change in the Sahel, which are in sharp contrast to the number of scientific papers and policy discourses that refer to important past and ongoing changes in land use cover and",0,
8,1-s2.0-S0140196322000143-main_121,".' , ' 'head': ' n': '4.2.', ' 'change in the study site' , 'p': 'ref': , ' 'From 1996 to 2017, the area covered by cropped fields, C, has increased from 40% to 51.3% over the study site area, and from 47% to 64% of the arable lands in the study site due to the loss fallows",2,LULCC
9,1-s2.0-S0140196322000143-main_146,".' , ' 'head': ' n': '4.4.', ' 'Trends of woody vegetation over two decades' , 'p': , ' 'Plant density decreases regardless of type or topographic position Fig",0,
10,1-s2.0-S0264837715302131-main_119,in this region has been dominated over the past three decades by production,2,"LULC, PRACTICES"
11,1-s2.0-S016788090800131X-main_76,"land was decreased nearly by half in 2002 compared to its coverage in 1984, while the size of the gallery did not change much",2,LULCC
12,1-s2.0-S0304387816300670-main_602,"30 km rain catchment areas around -lights.' , ' ' xml:id': 'fig 9', 'head': None, 'label': None, 'figDesc': 'The model is closed by noting that the untraded services market must clear",0,
13,1-s2.0-S0140196313000608-main_106,A detailed screening of the texts allowed us to remove papers that were not associated with land change processes in the Sahel,0,
14,1-s2.0-S030438781000043X-mainext_313a,"A new and Management Law enacted in 2005 moves away from state ownership and seeks to register all land and issue of private titles, with the aim of promoting large-scale, commercial .' , 'ref': ,",0,
15,1-s2.0-S0264837715302131-main_147,"About 26 and 31% of the total area of natural vegetation , woodland and tree will be converted to farmland and degraded by 2050 if we assume the dynamics recorded from 1975 to 1990 and 1990-2010, respectively",2,LULCC
16,1-s2.0-S0140196314000536-main_381,"Active degradation is rarely spotted within 10 years and events such as bush-fires, floods or frequent rotation make trends often insignificant",0,
17,1-s2.0-S0006320709005400-main_198,"Although such schemes clearly have the potential to benefit biodiversity and the wider environment, further research is required to quantify the benefits and risks, assess the scales over which benefits are being and are likely to be delivered, and to assess the socio-economic implications for livelihoods and land-use .' , ' 'head': ' n': '4.3.', ' 'Wider implications' , 'p': 'ref': , ' 'The tropical zone in West Africa has experienced centuries of human modification, leading to a substantial decline in cover and loss of biodiversity",1,LULCC
18,1-s2.0-S0167880913003502-main_147,"Another example, using a 7 year wheat- rotation in China Table ; , showed that CT had 0.7 Mg C ha -1 less than NT by the fixed depth method but CT had 0.6 Mg C more than NT by the ESM method Table ."" , 'ref': ' type': 'bibr', ' target': ' b41', ' 'Ellert and Bettany 1995 ' , ' type': 'bibr', ' target': ' b92', ' ' Lee et al., 2009 ' , ' type': 'bibr', ' target': ' b55', ' ' Gifford and Roderick, 2003 ' , ' type': 'bibr', ' target': ' b106', ' ' McBratney and Minasny, 2010 ' , ' type': 'bibr', ' target': ' b181', ' ' Wendt and Hauser, 2013 ' , ' type': 'bibr', ' target': ' b92', ' 'Lee et al",0,
19,1-s2.0-S0140196322000143-main_99,Another variance analysis using GLM was conducted for the variable means of all recorded trees and per type to assess the contribution of the size of individual trees and to the differences in woody vegetation between types,1,LULC
20,1-s2.0-S003442571730041X-main_24,"As current classification schemes of the class 'cropland' encompass fallowed fields in both time and space for the Sahel, there is a need to determine the impact of fields on the NDVI signal and related trends."" , 'ref': , ' 'From the Earth Observation EO perspective, a successful differentiation between cropped and fallowed fields is required to improve our understanding of the mechanisms and drivers of observed NDVI trends in relation to changes in the spatio-temporal patterns of - rotation due to cropping expansion abandonment",0,
21,1-s2.0-S0264837715302131-main_103,"Assuming the dynamics recorded in the second period , the amounts of land covered by , woodland and tree will decrease by 5, 9 and 17% of their cover in 1990, respectively, while the amount of degraded and farmland will increase by 9 and 22% of the total area, respectively",2,LULCC
22,1-s2.0-S003442571730041X-main_4,"At present, no studies have considered the importance of the different NDVI signals of cropped and fallowed fields when interpreting NDVI trends, as both field types are commonly merged into a single 'cropland' class",0,
23,1-s2.0-S0169204617300270-main_139,"Based on the consistency of the results of the three methods, we assigned confidence levels Table and .' , 'ref': ' type': 'bibr', ' target': ' b24', ' ' Chin, 2002 ' , ' ' sprawl is difficult to detect without comparing spatial plans with existing housing",0,
24,1-s2.0-S0168192311001122-main_97,"Based on this assumption, each of the 64 sub-basins was classified according to its average -cropland ratio in the three scenarios",0,
25,1-s2.0-S0140196310000893-main_63,"Between brackets: absolute contribution of fire type to respectively the first and second axis: with an absolute contribution 10% are underlined and in italic respectively for axis 1 and 2.' , 'classified Landsat data: sampling points were stratified according to the classified images, but the sampling was subjective inside each class",0,
26,1-s2.0-S0308521X12000157-main_281b,Can institutional contexts be changed Neither the outcomes nor the processes of change are predetermined in the CoS-SIS Programme,0,
27,1-s2.0-S095937809800003X-main_52,Climatic variations influence farmers' immediate as well as long-term choice of patterns,0,
28,1-s2.0-S0140196310000893-main_115,"Conversely the decrease in the herbaceous standing , due to the shortening of the period, the extension of cultivated and cleared fields, the grazing by cattle, and more generally the increment in landscape discontinuities limit the spread of fire and the size of burnt areas",2,"DRIVERS, LULCC, PRACTICES"
29,1-s2.0-S0169204617300270-main_221,"Coping capacities were therefore assumed to be lower for the Bolgatanga area, which could lead to local food crises provoked by sprawl where land becomes useless for .' , ' 'head': ' n': '3.2.', ' 'Driving forces of development ' , 'p': development in both study areas Table",1,"DRIVERS, LULCC"
30,1-s2.0-S0264837715302131-main_61,"Cover loss refers to that was subjected to a change with a concomitant loss in a regressive manner for example, from to or from woodland to farmland",0,
31,1-s2.0-S0304387816300670-main_363,Decreased moisture is then likely to decrease local income,0,
32,1-s2.0-S0168192311001122-main_99,"Depending on the average -cropland ratio, a sub-basin is classified into one of the seven classes Table , where -cropland ratio and hence availability is decreasing from class 1 to 7.' , ' 'head': ' n': '2.5.', ' 'Simulation of yields' , 'p': , ' 'EPIC is a field-scale model that is designed to simulate drainage areas which are characterized by homogeneous weather, soil, landscape, rotation, and management system parameters",0,
33,1-s2.0-S0168192311001122-main_64,"described three scenarios assuming increasing population density, but different reduction in population growth rates",0,
34,1-s2.0-S030438781000043X-mainext_317,"describes Rwandan as caught in a ""low investment trap""; less than 10% of cropland is irrigated, while tractors, bank credit and government aid are all scarce",2,"DRIVERS, PRACTICES"
35,1-s2.0-S0140196313000608-main_62,"Despite the often mentioned ""cash revolution"", the so-called ""Peanut Basin"" of Senegal and the ""New basin"" in Mali provide telling illustrations of partial intensification paths and farmers ' possible soil mining",0,
36,1-s2.0-S0140196313000608-main_121,"Drivers of change in land included demographic, economic, agro-technical, institutional, and climatic drivers Table .' , 'ref': ' type': 'table', ' '2' , ' 'Some of the drivers initially identified were never mentioned in the case studies and were therefore removed from the analysis",0,
37,1-s2.0-S0140196313000608-main_121,"Drivers of change in land.', 'graphic': ' coords': '8,108.00,66.73,369.83,358.41', ' type': 'bitmap' , ' ' xml:id': 'fig 3', 'head': 'Fig",0,
38,1-s2.0-S0301479717300713-main_45,"Due to the low capacities for food provision, especially in the dry season, up to 100,000 people in 2000; migrate to southern Ghana in the dry season to find work.' , ' 'head': ' n': '2.2.', ' 'Mixed-method approach and confidence reporting' , 'p': , ' 'Many analyses originating from remote sensing add social information through quantitative data",0,
39,1-s2.0-S003442571730041X-main_41,"Due to the weeding practice, dominates in cropped fields in the early growing season while herbaceous vegetation continues to grow in fallows and rangelands",2,PRACTICES
40,1-s2.0-S0301479717300713-main_978,"Error 0.3217 0.000001553 1.97 0.4507 1Q Estimate 6.76E-01 1.18E-05' , 'cell': , 'cell': , 'cell': ', None, ' cols': '2', ' ' 2.61E-05' , '0.00001566 1.663 0.09715.' , 'note': 'p': ""Signif",0,
41,1-s2.0-S0301479717300713-main_23,"Examples for the eminent relevance of such climatic parameters for in marginalised rural regions can be found world-wide, but are most prominent in the Global South , including countries like Ghana in West Africa.' , 'ref': ' type': 'bibr', ' target': ' b8', ' ' Antwi-Agyei et al., 2016;' , ' type': 'bibr', ' target': ' b63', ' 'Mertz et al., 2010;' , ' type': 'bibr', ' target': ' b73', ' 'Reenberg, 2001;' , ' type': 'bibr', ' target': ' b89', ' 'Tschakert, 2007 ' , ' type': 'bibr', ' target': ' b63', ' 'Mertz et al",0,
42,1-s2.0-S030438781000043X-mainext_780,"Fenske Journal of Development Economics 95 2011 137-156' , ' ' place': 'foot', ' n': '3', ' xml:id': 'foot 2', 'p': 'The appropriate counterfactual question is not whether the extent of cocoa would have been larger with more secure tenure, but rather whether the would have spread faster",0,
43,1-s2.0-S0167880913003502-main_111,"For example, materials with high C:N, characteristic of cereal residues, reduce the available N in the soil due to N immobilization and could result in lower production, while residues with high N contents and low C:N ratios, as is the case with many legume residues and legume cover crops, increase soil N availability and possibly production .' , 'ref': , ' 'The amount of residue retained after harvest, either on the soil surface or incorporated, is a key component to CA performance",0,
44,1-s2.0-S0169204617300270-main_92,"For example, Poku-Boansi Amoako 2015 compared spatial inequalities of cities within Ghana, including Takoradi and Bolgatanga, using statistics secondary data without consulting experts or comparing development with the aid of remote sensing data.' , 'The specific research questions are:', ' What are the patterns of peri- development and differences between northern and southern Ghana, using Bolgatanga as an example for the north and Takoradi as an example for the south What are the determinants of development for both study areas Which conclusions can be drawn for planning What are the current opportunities and challenges of planning and how can they be linked to sprawl What are the dis- advantages of a mixed method approach to analyse peri- patterns ', 'ref': , ' 'The analysis of the dynamics of and peri- areas from a social science perspective introduces reasoning of human behaviour and provides a background of historical, cultural and social development e.g",0,
45,1-s2.0-S0169204617300270-main_281,"For the Bolgatanga area, PPPs were not mentioned by the experts and were proposed by literature only for agricultural areas.' , 'Another opportunity for the Takoradi area is the building of multi-storey structures for residences in order to efficiently utilise the limited space in the centre reflecting medium confidence",0,
46,1-s2.0-S0301479717300713-main_223,"From the expert interviews, we learned that migration is a driver and a consequence of and population pressure to which the driver ""labour shortage"" is related",1,DRIVERS
47,1-s2.0-S0169204617300270-main_321,"Furthermore, by developing datasets with the requisite data structures, we could use additional landscape indices to reveal further information about the spatial arrangement and heterogeneity of development , and to further discriminate levels of landscape fragmentation and or aggregation over time.', 'ref': , ' 'We adapted the confidence level approach of Jacobs, Burkhard, to a general assessment of findings from a mixed-method approach",0,
48,1-s2.0-S0301479717300713-main_912,"He has no power, beyond his salary -that 's it P5 no driver : If government earmark this land as a reserve, nobody would go in",0,
49,1-s2.0-S0140196310000893-main_39,However agricultural fires should be distinguished from the other fires that are wildland fires and predominantly grass fires fires,0,
50,1-s2.0-S0304387816300670-main_219,However these factors X ij could also affect the impact of climate changes on share growth rates,0,
51,1-s2.0-S0301479717300713-main_236,"However, it also becomes evident that the majority of parameters with low or very low confidence potentially contribute to food and livelihood security, for example, improved varieties, agricultural programmes, irrigation, fertilizer subsidies, and credits",0,
52,1-s2.0-S0301479717300713-main_226a,"However, some authors from the literature review showed a diverging picture of poverty as a driver of .' , 'ref': ' type': 'bibr', ' target': ' b8', ' ' Antwi-Agyei et al., 2016;' , ' type': 'bibr', ' target': ' b63', ' 'Mertz et al., 2010;' , ' type': 'bibr', ' target': ' b67', ' 'Nielsen and Reenberg, 2010;' , ' type': 'bibr', ' target': ' b68', ' 'Nyantakyi-Frimpong and Bezner-Kerr, 2015 ' , ' type': 'bibr', ' target': ' b52',",0,
53,1-s2.0-S0140196313000608-main_137,"However, the same approach may apply to understand the different combinations of outcomes that are generated by the different causal conditions land increase, decrease, or stability",0,
54,1-s2.0-S0301479717300713-main_881,I doubt that this is for,0,
55,1-s2.0-S030438781000043X-mainext_43,"I find that land tenure affects incentives to leave land and to plant trees, but has a weaker impact on labor and input use",0,
56,1-s2.0-S0304387816300670-main_138,"If the has a tiny or non-existent traded manufacturing sector so that ' , ' ' xml:id': 'fig 13', 'head': '30', 'label': None, 'figDesc':",0,
57,1-s2.0-S0304387816300670-main_558,"If the has a tradable manufacturing sector that is not too small relative to its local service sector so that ', ', a decline in moisture will lead to an increase in population and total income",0,
58,1-s2.0-S016788090800131X-main_82,"In 1986, the grazing land had much higher proportion of the total regional area than other types while the size of croplands was substantially high after 16 years Table",2,LULCC
59,1-s2.0-S0264837715302131-main_74,"In 1990, woodland and tree were still the dominant types",2,LULC
60,1-s2.0-S0168192311001122-main_159,In addition to the decrease in yield the interannual variability is increasing in the yield estimations based on REMO and SMHIRCA scenarios,0,
61,1-s2.0-S0308521X12000157-main_281a,"In Benin, the choice of farmers to switch to subsidized food crops a few years ago motivated institutional reforms to create more realistic opportunities for growers, a natural experiment that we document in detail ."" ,",0,
62,1-s2.0-S003442571730041X-main_4,"In fact, some NTFP-providing trees, such as the baobab Adansonia digitata and the shea tree Vitellaria paradoxa , are protected by farmers during the agricultural cycle of and fallows and are therefore still well preserved",2,PRACTICES
63,1-s2.0-S030438781000043X-mainext_563a,"In his study of the ICRISAT villages, he argues that, except in Sayero, all ""have passed or are approaching the stage at which reliance on long bush- rotation to maintain soil fertility is no longer feasible.""",1,PRACTICES
64,1-s2.0-S0140196313000608-main_75,"In northern Burkina Faso, temporary migration is also one of the diversification strategies observed .' , ' 'head': ' n': '2.5.', ' 'conflicts' , 'p': 'ref': , ' ""During the last few years, violent conflicts in the Sahel have become the most popular example of the alleged link between global climate change and conflict",1,DRIVERS
65,1-s2.0-S0140196322000143-main_273,"In rangelands, the main cause of woody vegetation decrease is the increasing pressure on wood resources to satisfy the demand for fuel and construction wood, not only from the local rural population, but also from the rapidly growing population of Niamey only 80 km away",2,"DRIVERS, LULCC"
66,1-s2.0-S0140196313000608-main_184,"In Saloum Senegal, with the increase of cultivated land and shortening of cycles, soils have become less fertile close to the villages, although land away from the settlement gained in size, mainly due to out-migration",2,PRACTICES
67,1-s2.0-S0169204617300270-main_293,"In the case of Ghana, that statement might be true for Kumasi as expanding in the hinterlands, but not for Bolgatanga",1,LULCC
68,1-s2.0-S0140196313000608-main_9,"In the course of the last three to four decades a range of environmental policies has been concerned with sustainable and natural resource management systems, e.g",0,
69,1-s2.0-S0301479717300713-main_147,"In the past, missing or low fertilizer input was compensated by the - practice, but land pressure due to population growth has led to permanent and recurrent use of agricultural parcels and recurrent of the same crops",1,"DRIVERS, PRACTICES"
70,1-s2.0-S0168192311001122-main_130,"In the scenario run, an EPIC input database file for each of the 1462 LUSAC units was prepared, containing information about the nearest weather station, the predominant soil type and the management including proportion of the - rotations",0,
71,1-s2.0-S0301479717300713-main_99,"In total, 12 documents were identified as relevant in the context of in the UER Table",0,
72,1-s2.0-S016788090800131X-main_77,"In Yale , the size of and grazing lands increased by 9 and 18% in 2002 compared to the sizes in 1984, while the land and the gallery forests declined by nearly 50% Table and Fig",1,LULCC
73,1-s2.0-S0169204617300270-main_289,Ineffective planning can contribute to an increase in land fragmentation resulting in loss of land for food provision,1,LULCC
74,1-s2.0-S235198941500102X-main_200,"Insights into some of these causes were highlighted in this study.' , ' 'head': ' n': '5.', ' 'Conclusion and implications for management' , 'p': ""This study allows understanding causes of land degradation and LDD in the TWRB",0,
75,1-s2.0-S0167880913003502-main_23,"Intensification can disrupt many of the regulating and supporting ES, including nutrient cycling, climate regulation, regulation of quality and quantity, pollination services, and pest control Fig",0,
76,1-s2.0-S0301479717300713-main_227,Interviews and literature review showed that biophysical factors as drivers of were frequently mentioned in relation to anthropogenic drivers,1,DRIVERS
77,1-s2.0-S0301479717300713-main_134,Irrigation from rivers is regarded as minor driver of,2,DRIVERS
78,1-s2.0-S0304387816300670-main_669,is the number of local intermediate input producers a can support,0,
79,1-s2.0-S235198941500102X-main_122,It is the most common approach used for monitoring changes since it provides more useful information on the initial and final types in a complete matrix of change direction,0,
80,1-s2.0-S0168192311001122-main_23,It is well known that the availability of land and hence the duration of periods decrease with increasing population density in rural areas,1,"DRIVERS, PRACTICES"
81,1-s2.0-S003442571730041X-main_239,"Linear trends are shown for cropped fields, fallowed fields, annual NDVI, and rainfall sum.', 'graphic': ' coords': '9,34.24,53.18,518.02,347.47', ' type': 'bitmap' , ' 'head': None, 'label': None, 'figDesc': None, 'graphic': ' coords': '8,130.79,53.18,342.71,347.02', ' type': 'bitmap' , ' ' type': 'table', ' xml:id': 'tab 0', 'head': 'Table 1', 'label': '1', 'figDesc': 'Selected SPOT and Landsat imageries.', 'table': 'row': , 'cell': , 'cell': , 'cell': , 'cell': , 'cell': , 'cell': , 'cell': , 'cell': , 'cell': , 'cell': , 'cell': , 'cell': , 'cell': , 'cell': , ' ' type': 'table', ' xml:id': 'tab 1', 'head': 'Table 2', 'label': '2', 'figDesc': 'Satellite-derived NDVI metrics used in this study.', 'table': 'row': , 'cell': , 'cell': , 'cell': , 'cell': , 'cell': , 'cell': , 'cell': , 'cell': , 'cell': , 'cell': , 'cell': , 'cell': , 'cell': , 'cell': , 'cell': , ' ' type': 'table', ' xml:id': 'tab 2', 'head': 'Table 3', 'label': '3', 'figDesc': 'Standardized coefficients of linear regression analysis 2000 2001 2002 2003 2004 2005 2006 2007 2008 2009 2010 2011 2012 2013 2014 .', 'table': 'row': 'cell': , 'note': 'p': ' Significant at p b 0.05.' note: ' ' place': 'foot', ' xml:id': 'foot 0', 'p': 'X",0,
82,1-s2.0-S0304387816300670-main_144,"Manufacturing arises if either local potential productivity rises with, for example, enhanced education, or if the price of the manufactured good rises relative to the other goods, driven by changes in international prices or changes in the cost of transporting products between the local and a port",0,
83,1-s2.0-S0168192311001122-main_147,"Mean yields are decreasing in scenario L1, L2 and L3 by 16, 24 and 18%, respectively Fig",0,
84,1-s2.0-S0304387816300670-main_306,"Next, we report the effects of dropping controls for initial and log distance to the coast in columns 5-7",0,
85,1-s2.0-S0303243414001718-main_190,"On the one hand, the shallow soils were not able to temper droughts, leading to a massive dying of trees and",1,"DRIVERS, LULCC"
86,1-s2.0-S0303243414001718-main_164,"On the one hand, tree growth and on fields have led to an increase of woody cover in proximity to the village",2,"LULCC, PRACTICES"
87,1-s2.0-S0301479717300713-main_235,"One explanation could be the indistinct influence of indirect drivers on , for example, changes in religious patterns",1,DRIVERS
88,1-s2.0-S0264837701000205-main_12,"One important issue to address is pattern dynamics with the aim of understanding which forces drive changes in various environmental, socioeconomic and cultural contexts",0,
89,1-s2.0-S0006320709005400-main_54,One of the fundamental factors has been demographic growth and the growth in food demands,1,DRIVERS
90,1-s2.0-S0167880913003502-main_8,Only about half the 100 studies comparing soil carbon sequestration with no-till and conventional tillage indicated increased sequestration with no till; this is despite continued claims that conservation sequesters soil carbon,0,
91,1-s2.0-S0140196313000608-main_210,Other areas have experienced a decrease in land despite a population increase,1,LULCC
92,1-s2.0-S0301479717300713-main_321,"P9: We know that is coming, it 's growing",1,LULCC
93,1-s2.0-S0301479717300713-main_705,projects by SADA Accelerated Development Aniah et al,0,
94,1-s2.0-S0140196322000143-main_50,"Rangelands are grazed year-round under communal access but grazing also extends to fallows, year-round or only in the dry season depending on accessibility, and to cropped fields after the harvest",2,PRACTICES
95,1-s2.0-S030438781000043X-mainext_563b,"Ratios of to cultivated area are 0.8 in Woure, where the bushfallow system is ""already defunct,"" 1.6 in Silgey and Kolbila, where bush- ""would lead to a steady decline in fertility,"" 2 in Koho, where bush- is ""marginal,"" and 5 in Sayero, where available land is still ""more than adequate.""",2,"LULC, PRACTICES"
96,1-s2.0-S030438781000043X-mainext_722,Regressions estimated using Honore 's Tobit with HH-season- fixed effects,0,
97,1-s2.0-S0140196314000536-main_305,Regular keeps the soil penetrable and farmers are aware of the benefits of trees in their fields,2,PRACTICES
98,1-s2.0-S095937809800003X-main_159,"Secondary crops are cowpeas, , sorrel, and okra",1,"LULC, PRACTICES"
99,1-s2.0-S0304387816300670-main_354,"Similarly, Br ckner 2012 uses a larger sample at 1-year intervals.', 'In column 5 we consider growth of primacy: the share of the largest in national population",0,
100,1-s2.0-S0168192311001122-main_122,"Since livestock does not play a major role in this region, except for some herds belonging to pastoralists, it has been assumed that all residues remain in the field",0,
101,1-s2.0-S0140196314000536-main_330,"Since the 1960s, the natural vegetation has been completely transformed and today many trees and have become rare or disappeared Fig",2,LULCC
102,1-s2.0-S0140196313000608-main_61,"Since the creation of the CMDT Compagnie Malienne pour le D velopement du Textile in 1974, production has increased markedly with policies that guaranteed purchase, a fixed floor price, and credit for agricultural inputs",0,
103,1-s2.0-S0303243414001718-main_117,"Site visits provided information on and land use, woody species composition, tree height and condition as well as on degradation processes",1,LULC
104,1-s2.0-S030438781000043X-mainext_95,"Solanke 's father Olulo had taken the farm from during the Makun war of 1862-64, and had worked it until his death shortly after the Ibadan-Oshielle war of 1877, when Solanke inherited it",0,
105,1-s2.0-S0140196313000608-main_242,"Some publications describe several case studies when land trends are described in different geographic locations.', 'table': 'row': , 'cell': land change', 'Drivers of change', 'Impacts of change', None , 'cell': , 'cell': , 'cell': , 'cell': , 'cell': , 'cell': , 'cell': , 'cell': , 'cell': , 'cell': , 'cell': , 'cell': , 'cell': , 'cell': , 'cell': , 'cell': , 'cell': , 'cell': , 'cell': , 'cell': , 'cell': , 'cell': , 'cell': , 'cell': , 'cell': , 'cell': , 'cell': , 'cell': , 'cell': , 'cell': , 'cell': , 'cell': , 'cell': , 'cell': , 'cell': , 'cell': , 'cell': , 'cell': , 'cell': , 'cell': , 'cell': , 'cell': , 'cell': , 'cell': , 'cell': , 'cell': , 'cell': , 'cell': , 'cell': , 'cell': note: ' ' place': 'foot', ' n': '1', ' xml:id': 'foot 0', 'p': 'Definitions of woodland, and were not necessarily exactly the same in all case studies",1,LULC
106,1-s2.0-S0167880913003502-main_329,"Some soil quality indicators relate fairly directly to an ES, such as soil aggregation and macroporosity to soil movement",0,
107,1-s2.0-S0304387816300670-main_541,Stability of migration between the and rural sectors requires that the differential in B5 be decreasing in N U,0,
108,1-s2.0-S003442571730041X-main_19,"Still at present, little scientific empirical evidence for the link between NDVI trends and cropland changes is provided for drylands in general, and for the Sahel region in particular."" , 'ref': , ' ""Several local scale studies showed a general increase in cropped areas since the 1950s and in recent years, a few studies have indicated that cropland has a higher annual NDVI than in Sahelian areas, supporting a possible link between cropland expansion cropping intensification and the observed positive trends in NDVI",1,LULCC
109,1-s2.0-S0301479717300713-main_504,"Temperature variability P3: So it has the potential to lead to because the temperatures become very, very high",1,"DRIVERS, LULCC"
110,1-s2.0-S0169204617300270-main_106,"The has been declared as a free trade zone and an industrial core region in order to attract foreign investment, thus aiming to accelerate the rate of economic growth and pushing Ghana's decentralisation",0,
111,1-s2.0-S016788090800131X-main_81,The actual size and proportion of the different types changed during the study period,1,LULCC
112,1-s2.0-S0006320709005400-main_5,"The available evidence suggests that loss and degradation has been caused primarily by agricultural expansion, sometimes facilitated by other human activities such as wood extraction",2,"DRIVERS, LULCC"
113,1-s2.0-S0308521X12000157-main_84,The classic study that started the diffusion of innovations research tradition tracked the rapid and autonomous diffusion of hybrid in Iowa,0,
114,1-s2.0-S095937809800003X-main_135,The classification of was on visual interpretation only,0,
115,1-s2.0-S0304387816300670-main_610,The dependent variable is growth in the rate,1,LULCC
116,1-s2.0-S0301479717300713-main_50,The expert interviews were used to collect expert opinion on the relevant driving forces of and subsequently developed a questionnaire addressing the relevance of the most prominent driving forces,0,
117,1-s2.0-S0169204617300270-main_46,The Land Administration Project from 2003 to pushed planning in Ghana forward,0,
118,1-s2.0-S003442571730041X-main_61,"The land use cover has been recorded repetitively over the years along transects as cropland, , or uncultivable rangeland",0,
119,1-s2.0-S0167880913003502-main_69,"The lower soil C is related to reduced yields and C inputs caused by lower soil temperatures under surface residue retention compared with CT systems .' , 'ref': ' type': 'bibr', ' ' Chivenge et al., 2011 ' , ' type': 'bibr', ' ' Powlson et al., 2011b;' , ' type': 'bibr', ' target': ' b88', ' 'Ladha et al., 2011 ' , ' type': 'bibr', ' target': ' b54', ' 'Ghimire et al",0,
120,1-s2.0-S095937809800003X-main_120,"The majority 94% of the households keep livestock which plays an important role as a saving and security system, especially in years with failure",1,PRACTICES
121,1-s2.0-S095937809800003X-main_75a,"The mobility of livestock, which is an important element of the pastoral strategy, enables an efficient use of temporally and spatially variable fodder and resources.' , 'ref': , '",0,
122,1-s2.0-S0140196314000536-main_244,The MODIS mean amplitude exposes these green productive belts around the villages indicating active fields with a dense woody vegetation see Fig,0,
123,1-s2.0-S0140196322000143-main_262,"The plots were only cropped one year and with little success, after which irreversible soil started to take place",1,DRIVERS
124,1-s2.0-S0140196313000608-main_166,"The reasons for the decline described by the authors are droughts and declining rainfall in the past 30 years, bringing about such risks in rain-fed that farmers abandoned their crops in favour of other economic activities",1,"DRIVERS, LULCC"
125,1-s2.0-S0169204617300270-main_9,The remote sensing analysis revealed that development was stronger in than in,0,
126,1-s2.0-S0301479717300713-main_615,"The results can be found in Annex 3 and Annex 4.', 'table': 'row': ', 'Interviews: % no. ', 'Literature: % no. of authors' , 'cell': , 'cell': , 'cell': , 'cell': , 'cell': ', '100% 13 ', '33% 4 ' , 'cell': , 'cell': , 'cell': , 'cell': ', '0% 0 -only as', '0% 0 ' , 'cell': , 'cell': , 'cell': , 'cell': varieties', '39% 5 ', '17% 2 ' , 'cell': , 'cell': , 'cell': , 'cell': , 'cell': , 'cell': , 'cell': , 'cell': , 'cell': , 'cell': , 'cell': , 'cell': , 'cell': , 'cell': , 'cell': , 'cell': , 'cell': , 'cell': , 'cell': , 'cell': , 'cell': , 'cell': , 'cell': , 'cell': , 'cell': , 'note': 'p': 'Bold indicates the highest rank in the respective method.' , ' ' type': 'table', ' xml:id': 'tab 8', 'head': 'Table 9', 'label': '9', 'figDesc': 'Confidence levels for the different drivers of and change; RS remote sensing GIS spatio-temporal analysis quantitative ; I Interviews qualitative ; L Literature qualitative ; Q Questionnaires quantitative ; detailed results in Annex 2, Annex 3, Annex 4 and Annex 5.', 'table': 'row': ', 'RS', 'L', 'I', 'Q', 'Level of' , 'cell': , 'cell': , 'cell': ', '-', 'X', 'XX', 'XX', 'High' , 'cell': ', None, None, None, None, None , 'cell': , 'cell': , 'cell': , 'cell': , 'cell': , 'cell': ', '-', ' ', ' ', ' ', 'Low' , 'cell': , 'cell': , 'cell': varieties', '-', ' ', 'X', ' ', 'Low' , 'cell': , ' ' type': 'table', ' xml:id': 'tab 10', 'head': 'Table 10', 'label': '10', 'figDesc': 'Strengths and weaknesses of individual methods used in our study; and change; UER Upper East Region.', 'table': None , ' ' type': 'table', ' xml:id': 'tab 11', 'head': None, 'label': None, 'figDesc': ""Use of hybrids and or genetically modified plants e.g",0,
127,1-s2.0-S000632071100245X-main_231,The shortening of periods may hamper a successful establishment of A,1,PRACTICES
128,1-s2.0-S003442571730041X-main_119,"The standardized slope, P value, and standard deviation SD of the cropped fallowed area were extracted for further statistical analysis and compared with commonly used time-series NDVI metrics annual NDVI sum, rainy season NDVI sum July, August and September , small integral, large integral , and annual rainfall sum extracted over the Niamey Square Degree from 2000 to 2012 collected by AMMA-CATCH .' , ' 'head': ' n': '4.', ' 'Results' , ' 'head': ' n': '4.1.', ' ' NDVI signatures of cropped and fallowed fields' , 'p': , ' 'A total area equal to the size of 5000 MODIS pixels was sampled and averaged for cropped and fallowed fields over the period of study",0,
129,1-s2.0-S0006320709005400-main_23,"The tight coupling between people and these ecosystems inevitably means that biodiversity is threatened by habitat loss, degradation and fragmentation",0,
130,1-s2.0-S030438781000043X-mainext_430,The vulnerability of investment to insecurity makes the link particularly strong here,1,"DRIVERS, PRACTICES"
131,1-s2.0-S0169204617300270-main_253,"Therefore, infrastructural development excluding has a very low confidence level as a driver for development in both study areas.' , 'ref': , ' 'Even though it was not mentioned by the experts, sand, stone and gold mining form an additional driving force of development",1,DRIVERS
132,1-s2.0-S0169204617300270-main_205,"These change rates together with the decreasing average SU size Table indicate that expansion was mainly based on smaller SUs, thus indicating informal sprawl.' , 'ref': ' type': 'figure', ' target': ' fig 4', ' '5' , ' 'The histogram of the SU sizes in the two study areas Fig",1,LULCC
133,1-s2.0-S0308521X12000157-main_78,"These efforts implicitly recognize that smallholder productivity growth cannot be achieved by TSP alone.', 'Our review of approaches to enhancing smallholder productivity growth suggests that two major pathways have been followed: 1 a relatively successful pathway focussing on export crops and 2 another so far unsuccessful pathway, which focuses on food production through TSP",0,
134,1-s2.0-S0264837715302131-main_151,These soil and conservation techniques have been used for decades to reclaim marginal and degraded barren lands in the arid and semi-arid zones of West Africa,0,
135,1-s2.0-S0303243414001718-main_19a,"These studies put changes in into the focus again and justify the need for detailed investigations on the actual extent of environmental change.' , 'ref': ,",0,
136,1-s2.0-S016788090800131X-main_94,"They were generally small in size 4-6 ha farmer , being put under for longer period by migrant farmers who also put higher labor input than the natives while they both had similar off-farm activities and farming techniques",0,
137,1-s2.0-S095937809800003X-main_240,"Thus, changes in strategies result not only in a simple expansion of fields to new and less attractive land",2,"LULCC, PRACTICES"
138,1-s2.0-S030438781000043X-mainext_563c,"Thus, he argues that secure rights: have value in those villages other than Sayero where shifting has evolved into increasingly intensive grass systems",1,PRACTICES
139,1-s2.0-S095937809800003X-main_151,"Thus, the coherence between spatially related socio-economic characteristics of the households, agricultural strategies and pastoral strategies at the household level and the patterns can be investigated.' , ' 'head': 'Results of the analysis', 'p': 'ref': ' type': 'figure', ' target': ' fig 9', ' '3c' , ' 'Farmers in Yomboli distinguish between four main landscape units: the dune, the pediplain, the piedmont and the border of the mare",1,LULC
140,1-s2.0-S0140196313000608-main_1,"Title Content: level: a type: main text: Scientific documentation of land changes in the Sahel: A half empty box of knowledge to support policy Title Content: level: a type: main text: Scientific documentation of land changes in the Sahel: A half empty box of knowledge to support policy Title Content: Abstract Content: div: ' 'p': 'The Sahel has been subject of considerable environmental research and development efforts, specifically since the droughts of the 1970s and 1980s",0,
141,1-s2.0-S0304387816300670-main_398,"To identify rainfall effects on lights, in principle we want to control for timeinvariant conditions, year effects to account for annual differences in sensor settings across and within satellites , and possibly for -specific linear growth trends",0,
142,1-s2.0-S0303243414001718-main_43,To investigate and quantify changes over 44 years including aspects of degradation and human expansion,1,LULCC
143,1-s2.0-S0301479717300713-main_155,"Today, these areas are free from diseases and are, therefore, threatened by",1,LULCC
144,1-s2.0-S0006320709005400-main_158,"Tree cover, in both dense and the agricultural mosaics, is lost as a result",1,LULCC
145,1-s2.0-S0140196313000608-main_192,"trees on agricultural fields, use of more inputs, and construction of anti- barriers on sloped fields to prevent .' , ' 'head': ' n': '6.', ' 'Discussion and conclusions' , 'p': , ' 'This study, based on a meta-analysis of local case studies, has been useful in making qualitative assessments of published documentation of land changes in the Sahel",0,
146,1-s2.0-S0301479717300713-main_558,"Usually, it's the people who are in the areas who do this vegetable production",1,PRACTICES
147,1-s2.0-S0304387816300670-main_310,"Very modest trimming initially gives smaller magnitudes than in Table , but then coefficients stabilize at the point we report where we trim 6 from each of the top and bottom values of growth in moisture and growth in share, which is about 3.2% of the sample overall",0,
148,1-s2.0-S0006320709005400-main_16a,"We conclude by pointing out that while West African landscapes are a potent reminder of what might happen in Central Africa in the near future, they also provide insights for developing policies and practice that might avoid comparable levels of loss and degradation.' Body Content: div: ,",0,
149,1-s2.0-S0169204617300270-main_142,"We define ""experts"" as people with extensive knowledge and experience regarding planning in the study regions or residents who have lived there for more than 20 years, who were included as key knowledge holders",0,
150,1-s2.0-S0304387816300670-main_607b,"We examine the sum of utilities based on a log linear indirect utility function, but it applies to any indirect utility function where doubling income doubles expression is negative",0,
151,1-s2.0-S0304387816300670-main_149,"We leave the description of the night lights data to Section 6.' , ' 'head': ' n': '4.1.', ' '' , 'p': 'Scarcity of demographic and economic data hampers empirical research on climate effects in Africa",0,
152,1-s2.0-S0169204617300270-main_132,We started our analysis with expert interviews to assess perceived patterns and drivers of development in the study areas,0,
153,1-s2.0-S0304387816300670-main_452,"We then turn to evidence on the migration channel itself.' , ' 'head': ' n': '7.1.', ' 'Conflict' , 'p': , ' 'Conflict could influence in strikingly different ways depending on where it occurs",1,"DRIVERS, LULCC"
154,1-s2.0-S0169204617300270-main_74,"We use the term "" sprawl"" to describe a special type of development where the development occurs scattered and uneven on new non- lots, leading to inefficient resource utilisation, i.e",0,
155,1-s2.0-S003442571730041X-main_192,"Whereas most are annually coppiced in fields prior to , they are left to grow in fallowed fields, leading to a higher shrub woody plant cover",2,"LULC, PRACTICES"
156,1-s2.0-S0304387816300670-main_355,"While our model and the specification below focus on within-district movements of population, in a continent where primate cities generally dominate the landscape, it may be that a common response to bad climate shocks is to move to the primate rather than locally",0,
157,1-s2.0-S0140196313000608-main_132,"Wilks' lambda test is used to test whether there are significant differences between the increase, decrease, or stability in land extent based on the drivers of change."" , ' 'head': ' n': '4.2.3.', ' 'Qualitative comparative analysis of the impacts of land change' , 'p': 'ref': ' type': 'bibr', ' target': ' b58', ' ' Ragin, 2000 ' , ' 'Because of the low number of case studies describing the impacts of land change, it was not possible to compute any multivariate analysis to test whether the impacts were significantly different between cases that showed an increase, decrease, or stability of land",0,
158,1-s2.0-S0167880913003502-main_322,"With low N input systems, though, this slower release of N may further reduce yields",0,
159,1-s2.0-S0264837701000205-main_5,with the spatial structure and extent of various categories related to the human utilisation of land,0,
160,1-s2.0-S0301479717300713-main_863,"You need money to pump , you need money to cultivate the land, and you need money to buy chemicals and fertilizers",0,
0,1-s2.0-S0304387816300670-main_112,"2004 ' , ' 'With regard to population growth, the literature analysis revealed that only rural population growth can be considered as driver of with high agreement, while population growth was considered with medium agreement 33%, see Table",1,DRIVERS
1,1-s2.0-S235198941500102X-main_233,"% ', '100', '37.25', '93.25', '75.58', '94.24', '100', '62', '100', None , 'cell': , 'cell': ', '288', '0', '0', '0', '0', '0', '0', '0', '288' , 'cell': , 'cell': , 'cell': , 'cell': , 'cell': ', '0', '0', '0', '0', '0', '207', '0', '0', '207' , 'cell': ', '0', '0', '3', '0', '0', '13', '46', '0', '62' , 'cell': body', '0', '0', '0', '0', '0', '0', '0', '24', '24' , 'cell': , 'cell': , 'cell': , 'cell': 'Prod",0,
2,s10113-015-0891-1_24,"On the other hand, whereas the combination of REMO and SMHIRCA climate scenarios with the scenario L2 causes an increase of the coefficient of variation, i.e",0,
3,1-s2.0-S0167880913003502-main_358,"Whilst Blanco-Canqui and stress those similar recommendations may hold for cropping systems on heavy textured, flat soils in temperate regions, no residue should be removed from sloping and -prone soils under NT conditions",0,
4,1-s2.0-S030438781000043X-mainext_610,"In addition to land ownership, the regressions control for a quadratic in area and the previous existence of any avocado, banana, colanut, coconut, coffee, cocoa, mango, oil palm, , rubber, or wood on the plot",0,
5,1-s2.0-S030438781000043X-mainext_779,"LSMS 1985-88' , 'Inputs', None, None, None, None, None, None, 'Investments' , 'cell': ', '% Y cocoa', '% Y coffee' , 'cell': , 'cell': , 'cell': , 'cell': , 'cell': , 'cell': , 'cell': , 'cell': , 'cell': , 'cell': , 'cell': , 'cell': , 'cell': note: ' ' place': 'foot', ' n': '2', ' xml:id': 'foot 0', 'p': 'ref': ' type': 'bibr', ' target': ' b103', ' 'Place and Swallow 2000 ' , ' 'This is congruent with the alternative approach of writers such as, who focus on exclusivity, security, and transferability as the key dimensions of property rights.' , ' ' place': 'foot', ' xml:id': 'foot 1', 'p': 'J",0,
6,1-s2.0-S0167880913003502-main_238,"Datasets from such studies are needed to investigate the relative roles, interactions and impacts of residue management, tillage, cropping systems, and nutrient management on soil physical and chemical properties and the resulting GHG emissions and yields for different climate and soil types",0,
7,1-s2.0-S000632071100245X-main_211,leiocarpa do not lose the ability to sprout after chopping as shown for other and species,0,
8,1-s2.0-S0264837701000205-main_176,"Farmers ' response options to ensure food security vis-"" a a-vis alterations in practice and patterns",0,
9,1-s2.0-S0264837715302131-main_8,"Falling precipitation and rising temperatures would likely worsen agricultural growing conditions in large parts of Africa, especially in coastal West Africa and in Southern Africa.' , 'ref': ' type': 'bibr', ' '7'",1,DRIVERS
10,1-s2.0-S016788090800131X-main_101,"The population density has increased during the past decades, which has had a significant impact on the",1,DRIVERS
11,1-s2.0-S0308521X12000157-main_49,"' and in West African savannas are mainly driven by population pressure, infrastructural drivers road network and legal constraint in the framework of nature protection",1,DRIVERS
12,1-s2.0-S0301479717300713-main_182,"Furthermore, the general infrastructural develop-ment of electricity and hospitals, for example, as drivers of development could not be confirmed",1,DRIVERS
13,1-s2.0-S0264837701000205-main_101,"According to the Fulbe, demands hard work which does not c.f",0,
14,1-s2.0-S030438781000043X-mainext_692,"Conversely, climate change as one of the emerging drivers of is difficult to detect and quantify in the short term",1,DRIVERS
15,1-s2.0-S0006320709005400-main_90,They supported a greater proportion of species than any other modified land-use Fig,0,
16,1-s2.0-S0169204617300270-main_269,Involvement of the local population in planning decisions is often limited to chiefs or selected representatives,0,
17,1-s2.0-S0140196310000893-main_18a,"Furthermore, issues such as state politics, market incentives, climate variations, and access to land and resources are generally acknowledged factors determining the trajectory of change .' , 'ref':",1,DRIVERS
18,1-s2.0-S0140196310000893-main_18b,"'The assessment of fire regimes across broad territories is carried out efficiently by means of data obtained by remote sensing such as MODIS fire data, that are specifically designed for this purpose",0,
19,1-s2.0-S0301479717300713-main_796,"Impact on resources P12:"", 'table': None , ' ' type': 'table', ' xml:id': 'tab 16', 'head': None, 'label': None, 'figDesc': 'P8: So I think, you call it migration People have come in to work because there are opening up new institutions and government agencies. You have a lot of people even from this community or from Bolgatanga who are in the South, working in the South",0,
20,1-s2.0-S0301479717300713-main_489,"As a driver.', "" You know, when we have flooding, extreme weather events of flooding can also when there is flood standing on the soil surface for longer timethis can also degrade the soil",0,
21,1-s2.0-S235198941500102X-main_247,"P6: From my perspective, the aspect that is degrading the land is including the fire P7: But that aspect where people don 't want to plant s is because of the bush fires",1,DRIVERS
22,1-s2.0-S0006320709005400-main_200,", implying that in this region significant opportunities to protect biodiversity exist in the absence of extensive human modification",0,
23,1-s2.0-S0140196322000143-main_275,"As quoted by the higher the intensity, the lower the fire frequency: indeed our results attest the high frequency of fire inside protected areas and on gravelly soils and hardpan complexes unsuitable for",1,DRIVERS
24,1-s2.0-S0304387816300670-main_107a,"However, diverging expert statements were made on bush fires as driver of mentioned by 62%",1,DRIVERS
25,1-s2.0-S0304387816300670-main_107b,'A significant literature on climate change and African is emerging,0,
26,1-s2.0-S0006320709005400-main_180,"This functional perspective is important because with the exception of the traditional uses of plants, we have a very rudimentary understanding of the functional role of biodiversity in modified tropical landscapes",0,
27,1-s2.0-S0167880913003502-main_354,There are some key questions that if addressed could identify the key CA practices that are required for maintaining or improving soil physical properties related to the ES of regulation and provision on different soil types,0,
28,1-s2.0-S0006320709005400-main_61,"As expected, plant species statistically linked with frequent fire landscape units are typical of sudanian : many are endemic to the sudanian area, many are perennial ethe constituent life form of sudanian savannas , some are woody species typical of sudanian woodlands e",1,"DRIVERS, LULC"
29,1-s2.0-S0140196313000608-main_239,"Results of the canonical variate analysis.', 'graphic': ' coords': '10,129.83,66.73,326.13,237.71', ' type': 'bitmap' , ' ' type': 'table', ' xml:id': 'tab 0', 'head': 'Table 1', 'label': '1', 'figDesc': 'Variables used to describe drivers of land change in our case studies.', 'table': 'row': , 'cell': , 'cell': , 'cell': , 'cell': , 'cell': , 'cell': , 'cell': , 'cell': , 'cell': , 'cell': , 'cell': , 'cell': , 'cell': , 'cell': , 'cell': , 'cell': , 'cell': , 'cell': , 'cell': , 'cell': , 'cell': ' , 'cell': , 'cell': , 'cell': , 'cell': , 'cell': , 'cell': , 'cell': , 'cell': , 'cell': , 'cell': , 'cell': , 'cell': , 'cell': , 'cell': , 'cell': , 'cell': ' cols': '2', ' 'Variables used to describe the impacts of land changes as described in the case' , 'cell': , 'cell': , 'cell': , 'cell': , 'cell': , 'cell': , 'cell': , 'cell': , 'cell': , 'cell': , 'cell': , 'cell': , 'cell': , 'cell': period b', None , 'cell': ' cols': '2', ' 'Increase soil and management practices b' , 'cell': , 'cell': ' cols': '2', ' 'Decreased number of s in farming plots b' , 'cell': , 'cell': , 'cell': , 'cell': , 'cell': availability', None , 'cell': , 'note': 'p': 'p': 'a Variables that were mentioned in less than three case studies and therefore not included in the multivariate analysis.', ' 'a Impacts never mentioned in our case studies",0,
30,1-s2.0-S0303243414001718-main_54,"The interrelations between fire regimes and vegetation dynamics are indeed complex; they are conditioned by various climatic, biotic and anthropogenic factors involving different feedbacks and they are still not well understood either in their ecological or in their human dimensions .' , 'ref': ,",1,"DRIVERS, LULCC"
31,1-s2.0-S0301479717300713-main_44,"In a small Sahelian catchment in Niger, the increase in cultivated land from 1950 to 1998 was associated with an increase in the extent of eroded land from 7 to 16% at the expense of the",2,"DRIVERS, LULCC"
32,1-s2.0-S0304387816300670-main_210,"However, despite the small fraction of districts with these industries, they are wellrepresented across countries: 18 sample countries have a modern industry and 19 have an industry in the wider set.' , 'In our empirical work, we use these counts of modern industries and all industries as measures of 1960s extent of industrial activity in a district or",0,
33,1-s2.0-S0167880913003502-main_347,"Few studies have quantified the linkages among these different soil properties and processes and their relationships with the provision and regulation of nutrients and and with productivity as the measurements are often taken by different groups of investigators.', 'Existing CA experiments or strategically placed and newly designed experiments should be used for a comprehensive comparison of CA with conventional practices in a range of soils and climates",0,
34,1-s2.0-S003442571730041X-main_181,"However, strictly speaking, the method predicts the probability of a pixel belonging to either the or the endmember class",0,
35,1-s2.0-S095937809800003X-main_140,"The photos are acquired in the driest season in which land might be difficult to differentiate from cropped land.' , 'ref': , ' 'The extension of the 1995-field area was determined by field measurements",0,
36,1-s2.0-S0140196310000893-main_133,Due to the initial pixel size 1 km 2 the units of fire type relate to landscape fragments that juxtapose various biotopes or plant species habitats,0,
37,1-s2.0-S0264837701000205-main_126,New settlements caused an initial decrease of the vegetation due to change bushland to fields,2,"DRIVERS, LULCC"
38,1-s2.0-S095937809800003X-main_192,"Apparently, the proximity of Yale to the road made influx of people higher than Boala, which is in line with the important synergetic cause-effect relation between population-infrastructure and agricultural expansion on tropical",2,"DRIVERS, LULCC"
39,1-s2.0-S003442571730041X-main_18,"Recently, obtained a rate of 11% in the areas and a degradation of 17% in the woodlands of the northern region of Ghana for the period 1984-1999, which has a similar ecological zone as the southern Burkina Faso",2,"DRIVERS, LULCC"
40,1-s2.0-S0167880913003502-main_246a,"Such systems should be included in future CA gas emission studies.' , ' 'head': ' n': '3.', ' 'Soil quality, biodiversity and the regulation and provision of and nutrients' , 'p': ,",0,
41,1-s2.0-S0167880913003502-main_246b,'Many ecosystem processes and ES are provided by soils and the biodiversity in them,0,
42,1-s2.0-S0304387816300670-main_368a,"Spatially, we will be looking at cities and rainfall within 30 km of them, as opposed to districts that average 41,000 square km.', 'ref': ' type': 'figure', ' target': ' fig 8', ' '8' ,",0,
43,1-s2.0-S0304387816300670-main_368b,"'Data on income or product are not consistently available for African cities, so we use an indirect measure",0,
44,1-s2.0-S0304387816300670-main_347,We expect the negative effect of moisture growth on in the most industrialized countries to be reduced as the degree of industrialization declines,0,
45,1-s2.0-S0169204617300270-main_343,"The Planning Bill could help to unify laws and regulations and to support the decentralisation process, but it is just starting and must prove itself.', ""The flexibility in the use of confidence level analysis presents a promising approach to improve interdisciplinary research as exemplified in this study",0,
46,1-s2.0-S0006320709005400-main_27a,"Limited scientific work has been conducted on biodiversity in human-modified landscapes in West Africa compared with Amazonia or SE Asia .' , 'ref': ,",0,
47,1-s2.0-S0006320709005400-main_27b,"""Against this dynamic background of change, our review has a number of goals",0,
48,1-s2.0-S0140196314000536-main_123,This method uses a local regression to separate the seasonal component from the yearly component in a time series,0,
49,1-s2.0-S0301479717300713-main_480,During this time the land required for increased significantly so that large areas of natural bushland were deforested for purposes,1,"DRIVERS, LULCC"
50,1-s2.0-S235198941500102X-main_201,The capacity of some of these so-called dry species to colonize unburnt areas has also been demonstrated; thus some wooded areas may be recent,1,"DRIVERS, LULCC"
51,1-s2.0-S016788090800131X-main_146,"We presented several maps that depict the current change in , analyzed the impact of the change in farming systems on the condition of the ecosystem and recommended strategies for natural resource management.' , ' ' xml:id': 'fig 1', 'head': 'Fig",0,
52,1-s2.0-S0304387816300670-main_107a,"Even in subsistence agricultural systems, changes in the pattern should not only be analysed and understood as a relationship between population pressure or need for food and the potential of the natural resources",0,
53,1-s2.0-S0308521X12000157-main_22,"8' , ' ""These circumstances have given rise to 'foreign direct investments' FDI , also known as land deals or land grabs: the practice by which foreign governments and companies acquire rights to land and in Africa to invest in large-scale, input-intensive, mechanized management",0,
54,1-s2.0-S0140196322000143-main_174,"However, conflicting hypotheses have been reported: on the one hand an expansion into native and intensification fertilizer of cropland , and on the other hand abandonment, caused by, e.g., the civil war in Sudan may both contribute to the observed positive trends",2,"DRIVERS, LULCC, PRACTICES"
55,1-s2.0-S0006320709005400-main_174,"Landscape context is frequently neglected in study design: biodiversity in small plots of modified habitat surrounded by are likely to contain many ' 'tourist"" species unable to persist in them",0,
56,1-s2.0-S0304387816300670-main_356,"We define the primate broadly, to approximate the extent of the primate labor market, further including the areas of districts with substantial areas of lights at night contiguous to the officially defined primate",0,
57,1-s2.0-S0167880913003502-main_326,"Increases in potassium are usually attributed to the high concentrations in cereal residues, while phosphorus availability due to a a decrease in P-sorption with higher SOM content in CA topsoil",0,
58,1-s2.0-S0140196314000536-main_143,"Further, all surveyed s and s were rated according their condition and usage 1e5 and classified in large 4 m and small 4 m to obtain comparable data to other studies e.g",0,
59,1-s2.0-S0301479717300713-main_864,National and local management policies are currently addressing the decrease in woody vegetation and related soil by encouraging more sustainable practices such as planting on marginal land or the adoption of FMNR,1,"DRIVERS, PRACTICES"
60,1-s2.0-S0301479717300713-main_967,"So it looks like they are now trying to either withdraw the subsidy because it was not get into the right kind of people."", 'table': 'row': , 'cell': ', None, 'Interviews', None, None, None, None , 'cell': ' cols': '5', ' 'From cropland need it, actually get it",0,
61,1-s2.0-S0140196313000608-main_187,The decrease in rainfall has been associated with a concentration of the of the sandy soils on the dune,2,"DRIVERS, PRACTICES"
62,1-s2.0-S0264837701000205-main_56a,"Therefore, they deserve to be taken into account in theoretical thinking."" , ' 'head': 'Putting light and shade into the explanation of agricultural landscape evolution', 'p': changes, and the appropriateness of understanding changes as abrupt and driven by events as opposed to evolving gradually will be considered.', 'ref': ' type': 'figure', ' target': ' fig 0', ' '1' , ' type': 'bibr', ' target': ' b17'",0,
63,1-s2.0-S0264837701000205-main_56b,"'Hansen and Reenberg 1998 ' , ' 'The four case studies that are used in the following as illustrations are located in two different agroecological zones in Burkina Faso Fig",0,
64,1-s2.0-S0140196322000143-main_90,"In this study, individuals with heights greater than or equal to 4 m were considered as ""s"" while individuals with heights lower than 4 m were considered as ""s "" including bushes height below 2 m but excluding one year old saplings",0,
65,1-s2.0-S0169204617300270-main_133,"In addition, experts were interviewed about strengths and weaknesses of planning, since informal rules in addition to formal regulations were expected to shape the pattern Fig",0,
66,1-s2.0-S0304387816300670-main_138,"If the has a tiny or non-existent traded manufacturing sector, the effect of a decline in moisture on population is ambiguous and tends to zero",0,
67,1-s2.0-S0304387816300670-main_93,"We will model the effect of climate change on district incomes using insights from these two papers."" , ' 'head': ' n': '2.2.', ' 'Climate change in general' , 'p': ""Sub-Saharan Africa has a highly diverse and variable climate",0,
68,1-s2.0-S003442571730041X-main_189a,"A newer MODIS retrieving algorithm termed MAIAC Multi-Angle Implementation of Atmospheric Correction can deliver more cloud-free images as compared to the standard MODIS processing and this might enable the implementation of additional seasonal NDVI metrics to improve the separability of cover classes in future studies.' , 'ref':",0,
69,1-s2.0-S003442571730041X-main_189b,"'Another variable influencing seasonal NDVI metrics in general, and the SOS metric in particular, is the woody vegetation, as leaves of several Sahelian woody species sprout before the wet season starts and the herbaceous vegetation and crops germinate",0,
70,1-s2.0-S0301479717300713-main_993,"Error', 't value', 'Pr jtj ' , 'cell': , 'cell': ', None, ' cols': '2', ' ' 8.79E-05' , '2.23E-05', ' 3.95', '9.29e-05 ', ' Intercept ', None, '1.52E 00', '3.15E-01', '4.825', '2.01e-06 ' , 'cell': , 'cell': 'Signif",0,
71,1-s2.0-S0168192311001122-main_62a,"suggests for the REMO and the SMHIRCA simulations a gradual decrease of precipitation towards 2050 with, in the REMO model, some acceleration towards the middle of our century, consistent with the temporal evolution of climate change signals in longer-' , ' 'head': ' n': '2.3.', ' ' scenarios' , 'p': 'ref': ,",0,
72,1-s2.0-S0168192311001122-main_62b,The decrease in rainfall has been associated with a concentration of the of the sandy soils on the dune,2,"DRIVERS, PRACTICES"
73,1-s2.0-S0140196310000893-main_3,The specificity and complementarities of both MODIS active fire MOD14A2 and MYD14A2 and burnt area MCD45A1 products were assessed in order to characterize fire regimes and to relate them with,0,
74,1-s2.0-S0140196322000143-main_94a,"Wood dry mass was then estimated by multiplying wood volume cm 3 by the specific volume density, dw g DM cm 3 .' , 'ref': ' type': 'table', ' 'SI' , ' 'The species-specific coefficients , , and and volume densities are provided in Table 1 for C in centimeters, dw in g dry mass per cubic centimeter.' , 'formula': , ' 'head': ' n': '2.6.',",0,
75,1-s2.0-S0140196322000143-main_94b,"'Comparing woody populations between types' , 'p': 'Annual site means were calculated for woody plant density, aggregated crown areas further referred to as crown cover , aggregated basal area, foliage mass and wood mass",0,
76,1-s2.0-S235198941500102X-main_11,"Disturbance on different types in Boala and Yale villages: A cutting for fuelwood and local construction, B pruning for animal feed, C damage incurred by elephants, and D grazing impact.', 'graphic': ' coords': '7,136.74,527.19,331.54,192.36', ' type': 'bitmap' , ' ' type': 'table', ' xml:id': 'tab 0', 'head': 'Table 1', 'label': '1', 'figDesc': ' change at a local level for the period', 'table': 'row': type', '1984', None, '1997', None, '2002', None , 'cell': , 'cell': , 'cell': , 'cell': , 'cell': lands', '6,434', '78', '3,614', '44', '3,323', '40' , 'cell': , 'cell': , 'cell': , 'cell': , 'cell': , 'cell': lands', '4,411', '41', '2,282', '21', '1,879', '18' , 'cell': , 'cell': , ' ' type': 'table', ' xml:id': 'tab 1', 'head': 'Table 2', 'label': '2', 'figDesc': 'Regional dynamic in the southern area of Sissili and Ziro Provinces during 1986-2002', 'table': 'row': , 'cell': , 'cell': lands', '209,561', '17', '197,747', '16', ' 11,814', ' cols': '2', ' ' 6 0.38' , 'cell': , 'cell': , 'cell': , 'cell': , ' ' type': 'table', ' xml:id': 'tab 3', 'head': 'Table 5', 'label': '5', 'figDesc': 'Size of commercial farms possessed by agri-business actors and its proportion to the total cropland in each district in the southern region of Burkina Faso in 2002', 'table': 'row': , 'cell': , 'cell': , 'cell': , 'cell': , 'cell': , 'cell': , 'cell': , 'cell': , 'cell': ' cols': '3',",1,"DRIVERS, PRACTICES"
77,1-s2.0-S0308521X12000157-main_16,SSA's is therefore called stagnant,0,
78,1-s2.0-S0303243414001718-main_52,"In fact, a major reason why farmers grow is to gain access to fertilisers for their subsistence food",1,"DRIVERS, PRACTICES"
79,1-s2.0-S0303243414001718-main_17,"Recently, investigators demonstrated again that changes can have an accelerating effect on rainfall variations e.g",0,
80,1-s2.0-S016788090800131X-main_14,"The main crops are millet, and",1,LULC
81,1-s2.0-S235198941500102X-main_160,"These two factors were followed by shortage of off-farm employment, weak law enforcement and subsidies on farm inputs",0,
82,1-s2.0-S0006320709005400-main_59,The countries of the dense in 1 9 8 8 1 9 8 9 1 9 9 0 1 9 9 1 1 9 9 2 1 9 9 3 1 9 9 4 1 9 9 5 1 9 9 6 1 9 9 7 1 9 9 8 1 9 9 9 2 0 0 0 2 0 0 1 2 0 0 2 2 0 0 3 2 0 0 4 2 0 0 5 2 0 0 6 2 0 0 7 Year Area harvested 000 sq,0,
83,1-s2.0-S0169204617300270-main_294,"In the period 1975-1990, 1.28 million ha 26% of natural vegetation was converted to degraded and farmland while 2.23 million ha 53% of natural vegetation was converted to degraded and farmland in the period 1990-2010",2,LULCC
84,1-s2.0-S0301479717300713-main_832,"P13: historically, everywhere you go, there is this sacred grove where they leave, and it 's a gallery a with all the medicinal plants and so on",0,
85,1-s2.0-S0006320709005400-main_115,", although more species of flying beetles were caught in traps in than in near-primary",0,
86,1-s2.0-S0303243414001718-main_82,"The near infra-red channel facilitates the distinction between individual s and their environment, as s and s are the only form of vegetation that remain green during the dry season",0,
87,1-s2.0-S0168192311001122-main_246,"Changes in cropland area from 2000 to 2025 in the scenario L2 Menz et al., 2010 .', 'graphic': ' coords': '6,122.45,55.83,360.00,251.71', ' type': 'bitmap' , ' ' xml:id': 'fig 7', 'head': 'Fig",0,
88,1-s2.0-S095937809800003X-main_76,"Such relations have multiple forms which range from co-existence of livestock rearing and in the same farm units to systems based on exchange of different items such as products, manure, labour, etc.' , 'ref': ' type': 'bibr', ' 'A Reenberg et al.' , ' 'Field expansion and reallocation in the Sahel: between two principally independent production systems",0,
89,1-s2.0-S0301479717300713-main_20,"At the local scale, the size of and grazing lands increased at the expense of shrinking of cover with distinct variation in magnitude of change between villages",2,LULCC
90,1-s2.0-S030438781000043X-mainext_499a,"For each, the proportion is taken as a proxy for the ratio of length of to length of for plots of that type.', 'For Type I data sets, the specification used in the empirical analysis is:', 'ref': ' type': 'bibr', ' target': ' b74', ' 'Honor 1992 ' ,",0,
91,1-s2.0-S030438781000043X-mainext_499b,"'Here, y ihct is the investment of interest on plot i, in household h, planted to c, in year or season t",0,
92,1-s2.0-S0167880913003502-main_367,"Further research should address the differences in N availability patterns and distributions, N use efficiencies and N losses under different CA rotations.', ' How do rotations with legumes and which legumes affect N availability and use efficiency differently in CA compared to conventional systems Does increased N use efficiency translate into reductions in the amount of fertilizer N needed to attain the same yields as with conventional Do the different patterns of N availability increased immobilization and slower release with CA result in decreased N leaching Currently there are opposing processes that have been proposed, one that less available N results in less leaching and another that increased macropore continuity with CA will lead to increased losses of N through leaching",0,
93,1-s2.0-S0301479717300713-main_701,"Awen-Naam 2011 minor driver' , 'cell': types"": development of new strategies of Bugri 2008 no driver, Schindler 2009 , Awen-Naam 2011 no driver but' , 'cell': systems and possible value chains would help' , 'cell': 'Technological drivers', 'Service by extension officers Science and research', None, 'e', 'The support by extension officers for rural farmers, e.g",0,
94,1-s2.0-S095937809800003X-main_90a,"The decrease in woodland, savannas, grass savannas and body occurred mainly between 1984 and 2001, while savannas and gallery decreased mainly between 2001 and 2013",2,LULCC
95,1-s2.0-S095937809800003X-main_90b,'The field work on which the present study is based was conducted in the Oudalan Province in the northern part of Burkina Faso,0,
96,1-s2.0-S003442571730041X-main_84a,"For each year, 20 cropped fields and 20 fallowed fields were sampled to meet the requirement that each sample should cover at least one 250 m MODIS pixel.' , ' 'head': ' n': '3.3.', ' 'Extraction of seasonal NDVI signatures for cropped and fallowed fields' , 'p': 'ref':",0,
97,1-s2.0-S003442571730041X-main_84b,"'The NDVI signatures of cropped and fallowed fields for each year were composed of 46 NDVI values using the 8-day temporal resolution MODIS product , each calculated by averaging the NDVI values of the above mentioned 40 samples of cropped 20 and fallowed fields 20 generated for a given year",0,
98,1-s2.0-S0264837715302131-main_81,The main finding of this study is the loss of vegetation cover over a 29 year period which is the result of conversion for,2,LULCC
99,1-s2.0-S0301479717300713-main_616,"drought-adapted plant species using less ; plants with short maturing periods Use of wood Cutting and collecting branches and other parts for household purposes, livestock feeding or for selling Mining Extraction of sand, gravel, stones and other resources for construction or digging for gold, e.g",0,
100,1-s2.0-S003442571730041X-main_77,MOD09Q1 provides estimates of surface reflectance for two spectral bands Red band 1: 620-670 nm; NIR band 2: 841-876 nm,0,
101,1-s2.0-S0308521X12000157-main_52,"From 1984 to 2001, savannas, bare soils and agricultural lands increased by 17.55%, 18.79% and 21778.79%, respectively, while woodland, gallery , savannas and bodies decreased by 22.02%, 5.03%, 40.08% and 31.2%, respectively",2,LULCC
102,1-s2.0-S0301479717300713-main_914,"At regional scale, the annual rate of change in land, grazing land, gallery and cropland was 0.4, 0.9, 1.6 and 3.8%, respectively",2,LULCC
103,1-s2.0-S030438781000043X-mainext_567,"Results here will differ from due to the different estimator, different included controls, lack of spatial fixed effects, and use of household- effects",0,
104,1-s2.0-S0140196314000536-main_371,Most of the transformed converted to woodland 3.6% and 1.5%,2,LULCC
105,1-s2.0-S0301479717300713-main_244,"However, the consideration of four different methods for analysing drivers of has the advantage that information can be incorporated into another method and that their outcomes can be compared cross-tabulated",0,
106,1-s2.0-S030438781000043X-mainext_118,"Where credit markets exist, other assets, such as plots or attachment of salaries, may make better collateral",0,
107,1-s2.0-S0301479717300713-main_696,"2013 , Bugri 2008 , Yaro 2007 , Agyemang 2012 , Schindler' , 'cell': , education, health and economy 2009 , Owusu et al",0,
108,1-s2.0-S0169204617300270-main_36,"The British Town and Country Planning Act of specified procedures for controlling sprawl, for example, by seeking permission from the local council, and by slum clearance",0,
109,1-s2.0-S0301479717300713-main_704,"laws against bush fires, driver, Awen-Naam 2011 ' , 'cell': protection Agyemang 2012 as negative for mining and conflict with Fulani' , 'cell': in the UER, provided by Schindler 2009 ' , 'cell': None, 'Fertilizer subsidies', None, ' cols': '2', ' 'government, e.g",0,
110,1-s2.0-S0303243414001718-main_183,"Extensive changes have characterized the past fifty years, confirming the studies of , and",0,
111,1-s2.0-S016788090800131X-main_103,"During independence, informal sprawl increased considerably, and public hygiene as well as environmental quality declined",1,LULCC
112,1-s2.0-S0006320709005400-main_153,"Butterfly communities in fragments were affected by edges to a distance of at least 100 m; large fragments supported more species, but small fragments also held considerable species richness and facilitated dispersal",0,
113,1-s2.0-S0264837701000205-main_39a,"Even though the geo-statistical analysis cannot prove a change in area, 62% of the experts stated that there was an increase in area conversion of cropland to , see also .",1,LULCC
114,1-s2.0-S0264837701000205-main_39b,"""What is missing is a means to link this multitude of explanations to an overall understanding of the process that leads to transformation, an approach that handles a variety of intertwined, yet distinct explanations",0,
115,1-s2.0-S0301479717300713-main_422,"This latest expansion has come at a high environmental cost as cocoa farmers have encroached on the most important remaining protected areas of the Upper and Lower Guinea including Ta National Park, Bia National Park, Cross River National Park and Korup National Park",1,"LULCC, PRACTICES"
116,1-s2.0-S0301479717300713-main_31,"Knowledge of relevant driving forces and their impact on gains or losses in ecosystem services contributes to provide consultations for sustainable development by delivering improved decision criteria and policy advice .' , 'The objectives of our study are to identify and characterise the most relevant driving forces of in the Upper East Region located in the Sudanian and Guinean Zone of northern Ghana",0,
117,1-s2.0-S003442571730041X-main_88,"metrics were extracted on an annual basis from the MODIS NDVI time series using the Timesat software http: web.nateko.lu.se timesat timesat.asp , which is a widelyused tool to analyze satellite time series in relation to vegetation phenology",0,
118,1-s2.0-S0264837701000205-main_3,"It is proposed that models of pattern trajectories as well as of resilience of systems have to recognise a strong random element related to unforeseeable events.' Body Content: div: ' 'head': 'Introduction', 'p': ""A priori judgements about the importance or character of man's use of land dominate official documents, such as international conventions and National Environmental Action Plans, which underpin environmental and natural resource management politics",0,
119,1-s2.0-S0006320709005400-main_118,"Bird species richness was greatly reduced in fallows, and most of the species that did occur were generalists, with secondary species becoming more common in older fallows .",0,
120,1-s2.0-S0006320709005400-main_118,"'While natural has declined across West Africa, plantations, often but not always of non-native species, have been established to help meet increased demand for timber, fuelwood and pulp",2,"LULCC, PRACTICES"
121,1-s2.0-S016788090800131X-main_128,"In general, land tenure issue in the country is still a subject of contention, as the Land Reform seems not to be fully applied.' , 'ref': , ' 'Several factors contribute to a more complex dynamics pattern when studied at a regional scale",0,
122,1-s2.0-S016788090800131X-main_161a,"2013 , and only 4 percent of is irrigated compared to 18 percent globally You et al",1,PRACTICES
123,1-s2.0-S016788090800131X-main_161b,"'a Data readapted by authors after Ouedraogo 2002 .' , None , ' ' type': 'table', ' xml:id': 'tab 4', 'head': 'Table 6', 'label': '6', 'figDesc': 'Farm characteristics mean AE S.D. , farming techniques and access to land by native and migrant populations in Bola and Yale villages', 'table': 'row': , 'cell': , 'cell': , 'cell': , 'cell': , 'cell': , 'cell': , 'cell': , 'cell': , 'cell': , 'cell': , 'cell': , 'cell':",0,
124,1-s2.0-S0304387816300670-main_626,"to coast 1000', ' 1.83', '47.6', None, None, None , 'cell': , 'cell': , 'cell': : heterogeneity by industry and aridity.' , None, None, None, None , 'cell': , 'cell': , 'cell': , 'cell': , 'cell': , 'cell': , 'cell': , 'cell': , 'cell': , 'cell': , 'cell': , 'cell': , 'cell': , 'cell': , 'cell': , 'cell': , 'note': 'p': 'n p o 0.1, p o 0.05, p o 0.01.' , ' ' type': 'table', ' xml:id': 'tab 3', 'head': 'Table 5', 'label': '5', 'figDesc': ""Effect of moisture change on national and primacy",0,
125,1-s2.0-S0140196310000893-main_112,"In Burkina Faso, supposedly more ""secure"" land inherited from within the lineage receives more hired labor, but is used longer before it is left",1,PRACTICES
126,1-s2.0-S0140196310000893-main_147,"Bush farms normally receive less fertilizer and regenerate under a bush- system, but shortened periods have decreased soil fertility",1,PRACTICES
127,1-s2.0-S0168192311001122-main_96,"P11: Interviewer: But if I 'm thinking of the Vea catchment, mainly here it 's . Cause there is a valley",2,PRACTICES
128,1-s2.0-S0167880913003502-main_3,Conservation can also affect the underlying biodiversity that supports many ecosystem services,0,
129,1-s2.0-S0304387816300670-main_670,"Solving the monopolistic competition problem, the equilibrium wage of a worker in the manufacturing sector has the form', 'table': 'row': , 'cell': , 'cell': , 'cell': , 'cell': , 'cell': , 'cell': , 'cell': , 'cell': , 'cell': , 'cell': , 'cell': 1000', ' 48.9 ', None, None, None, None, None, ' 55.0 ', ' 52.0 ' , 'cell': , 'cell': , 'cell': , 'cell': , 'cell': , 'cell': , 'cell': , 'note': 'p': 'p': '27', ' 'In the latter context, output of any final goods firm is' , ' ' type': 'table', ' xml:id': 'tab 12', 'head': None, 'label': None, 'figDesc': 'These have forms respectively:', 'table': 'row': 'cell': note: ' ' place': 'foot', ' n': '2', ' xml:id': 'foot 0', 'p': 'http: data.worldbank.org data-catalog world-development-indicators",0,
130,1-s2.0-S0304387816300670-main_479,"In summary, our rainfall and extent of industry results are not masking the effect of conflicts.' , ' 'head': ' n': '7.2.', ' 'Micro evidence on migration choices of rural residents' , 'p': traded good activity, as represented by manufacturing, when such activity exists",0,
131,1-s2.0-S0264837701000205-main_74a,"on patterns."" , ' 'head': 'Tenure and ', 'p': ,",0,
132,1-s2.0-S0264837701000205-main_74b,"""One obvious premise for land expansion is that idle, uncultivated land must be available to the farmer",0,
133,1-s2.0-S0140196322000143-main_291,"Varaince analysis of interannal differences: the probability p 0.05 of the models per is indicated by ; significant mean differences Studer-Newman-Keuls test at p 0.05 are indicated by thicked bar borders.' , ' ' xml:id': 'fig 4', 'head': 'Fig",0,
134,1-s2.0-S016788090800131X-main_23,"In the regularly manured fields close to villages and camps, the species diversity of scattered s tends to increase with species such as Faidherbia albida, Detarium microcarpum, Prosopis africana, Ziziphus mauritiana, Sclerocarya birrea, Hyphaene thebaica and Adansonia digitata",1,PRACTICES
135,1-s2.0-S0304387816300670-main_201,"Fortunately, as noted by Moradi 2005 , the Oxford Regional Economic Atlas, Africa Ady, 1965 maps all industries by type and location in Africa, based on an in-depth analysis from a variety of sources from the late 1950s and early 1960s",0,
136,1-s2.0-S0264837701000205-main_48,"Thus, perception of dynamics should include a hierarchy of spatial scales",0,
137,1-s2.0-S030438781000043X-mainext_713,"So during the dry season, you have a lot of big groups of people during the dry season cultivating or melon",1,PRACTICES
138,1-s2.0-S030438781000043X-mainext_358,"In a sample of small commercial farmers, considers plantation crops 23% of farmers , long-term investments irrigation, 3%; buildings, 73%; paddocks, 5%; and fencing, 38% , and medium term improvements such as soil and conservation or manuring as the possible investment outcomes affected by land tenure",0,
139,1-s2.0-S0169204617300270-main_38,"Manure is therefore not more easily available to the farmers and it becomes beneficial for the farmers to raise livestock on the farm to ensure manure as a means to compensate for nutrients lost during .' , ' 'head': 'The case' , ' 'head': 'The regional context', 'p': 'ref': ' type': 'figure', ' target': ' fig 2', ' '1' ,",1,PRACTICES
140,1-s2.0-S0301479717300713-main_417,"They do this surface and pit mining up to a shallow depth."" , ' continued on next page ' , 'formula': ' xml:id': 'formula 3', ' ' continued ' , ' 'head': 'Classification of driver Drivers of Interviews', 'p': 'Associated with this mining, illegal mining, they clear the land",0,
141,1-s2.0-S235198941500102X-main_42a,"The processing of single date image is faster as compared to multi-temporal classification.' , 'ref': ,",0,
142,1-s2.0-S235198941500102X-main_42b,"'In Burkina Faso, several studies have focused on protected areas and on analyzing distribution patterns of vegetation regarding land degradation or , while little attention has been paid to the underlying processes generating such change",0,
143,1-s2.0-S0169204617300270-main_101,"Takoradi is part of the twin Sekondi-Takoradi merged in 1946 with roughly 170,000 inhabitants",0,
144,1-s2.0-S016788090800131X-main_125,"However, recent studies have shown that there is an emerging issue of access to resources by migrants in the region, particularly in Bougnounou district",0,
145,1-s2.0-S0308521X12000157-main_65,"It had not made a dent in the low productivity of smallholder food farming."" , 'ref': ' type': 'bibr', ' ' Inter-Academy Council, 2004 ' , ' 'TSP is based on the assumption that in order to boost yields we need research so that farmers can make most of its results",0,
146,1-s2.0-S0167880913003502-main_65,"Climate rainfall and temperature , soil type texture and mineralogy , and nutrient and availability are the primary determinants of biomass production and decomposition rates",0,
147,1-s2.0-S0304387816300670-main_486,"Most are likely to be related to social and farm-related business trips, rather than seasonal migration",0,
148,1-s2.0-S0301479717300713-main_29,A holistic approach across disciplines with a focus on direct and indirect influences causing is needed for a comprehensive driver analysis which is still rarely conducted in land system science,0,
149,1-s2.0-S0301479717300713-main_70,"GIS data on , rivers, dams and settlements were provided by the GLOWA Volta Project and population grids were acquired from a gridded population of the world database from the Socio-Economic Data and Applications Center .' , 'ref': , ' 'Fig",0,
150,1-s2.0-S0168192311001122-main_27,"Recently, presented a method to estimate availability based on remote sensing data and model simulations and demonstrated their relationship with yields at the sub-basin and district scale",0,
151,1-s2.0-S0308521X12000157-main_213,Globalization of trade and the import of cheap food to satisfy electorates has exposed African smallholders to preemptive competition from OECD farmers who for over 50 years have received state support that allowed them to capture economies of scale,0,
152,1-s2.0-S030438781000043X-mainext_657,"The significance of the results here is more modest than in the GLSS; land rights positively predict the proportion of land kept , and negatively predict the use of hired labor",0,
153,1-s2.0-S235198941500102X-main_21,is a widespread problem around the world,0,
154,1-s2.0-S0140196322000143-main_95,"Variables were recorded separately for s and s , and then, for all woody plants together",0,
155,1-s2.0-S0140196310000893-main_14,"Thanks to such schemes, SSA smallholders now produce the bulk of such export crops as cut flowers, tea, coffee, cocoa, and ."", 'ref': ' type': 'bibr', ' target': ' b74', ' ' Rey and Waters-Bayer, 2001 ' , ' type': 'bibr', ' target': ' b76', ' ' Rogers, 1961 ' , ' type': 'bibr', ' ' R ling, 1988, pp",1,PRACTICES
156,1-s2.0-S0304387816300670-main_218,"The growth specification removes the effect of timeinvariant district characteristics distance to other locations such as the coast, soil quality and the like on levels",0,
157,1-s2.0-S0167880913003502-main_187a,"The relative contribution of these two N pathways to N 2 O formation depends on episodic changes in soil aeration and filled pore space WFPS .', 'ref':",0,
158,1-s2.0-S0167880913003502-main_187b,"'The frequency and magnitude of N 2 O emissions is linked to soil structure which is a function of bulk density, soil C and aggregation, all influenced by tillage practices and residue inputs",0,
159,1-s2.0-S0301479717300713-main_160,"So, people now would go into of mangos and the support they would derive from the government",1,PRACTICES
160,1-s2.0-S0301479717300713-main_131a,"Experts underpinned that, currently, every nonagricultural plot of land is bare or marginal land which cannot be used for .",0,
161,1-s2.0-S0301479717300713-main_131b,"According to it was assumed .' , 'ref': ' type': 'table', ' target': ' tab 0', ' '1' , ' 'that only 25% of the non-cropped bush-grass- is available as in the - rotation",2,PRACTICES
162,1-s2.0-S0301479717300713-main_131b,"'The multiple regression analysis of remote sensing data showed that each of the drivers is interrelated to one or more different with a different significance level Table, Annex 5",0,
163,1-s2.0-S0304387816300670-main_449,"It is thus possible the we see is the result of people seeking the protection sometimes offered by cities, rather than their job opportunities",0,
164,1-s2.0-S0264837701000205-main_155,"Substantial changes in and are referred to, although systematic studies which deal with spatial aspects are still scarce in spite of the growing evidence concerning other aspects of use changes in Africa .' , 'ref': ,",0,
165,1-s2.0-S0264837701000205-main_155,"'In general, pattern changes may not be simple to explain and predict",0,
166,1-s2.0-S0303243414001718-main_124,"Together, these suggest that if African becomes more input-intensive in the future, tenure security will become less important",1,PRACTICES
167,1-s2.0-S0304387816300670-main_6,Reduced farm incomes from negative shocks reduce demand for services and derived demand for labor,0,
168,1-s2.0-S0006320709005400-main_162,"Across plant, invertebrate and vertebrate groups, there is a significant loss of species as cover is reduced and vegetation structure simplified moving from left to right in Fig",0,
0,1-s2.0-S030438781000043X-mainext_199,use an indicator variable for whether land has been left fallow in the past ten years but find little variation in it show from another part of the continent that most variation is not in whether land has been left fallow but rather for how long.,0,
1,1-s2.0-S030438781000043X-mainext_199b,Using African data to study the relationship between investment and land rights involves its own difficulties,0,
2,1-s2.0-S000632071100245X-main_227,Similarly and found that chopping did not reduce recruitment density of other tree species,1,PRACTICES
3,Kouassi et al. - 2021 - Assessing Land Use and Land Cover Change and Farme_229,The institution responsible for forest resource management at the local and national level SODEFOR face complex challenges that almost prevent them from fully applying forest laws,0,
4,Kouassi et al. - 2021 - Assessing Land Use and Land Cover Change and Farme_295,Strengthening and enforcing forest protection laws supplemented by a large and effective awareness could minimise the extent of agricultural encroachment into forests and preserve biodiversity within and around protected areas,1,DRIVERS
5,s41598-024-52138-9_224,Due to infrastructure development rising cash crop output coffee cocoa groundnut mining sector growth and the exploration of crude oil the area has seen an increase in labor migration,0,
6,1-s2.0-S0303243414001718-main_102,Background pixels may differ greatly between different land uses especially between cropland and bush fallows,0,
7,Analysis of deforestation pattern in the Niger Delta region of Nigeria_19,Also apart from who investigated land use land cover change and detection in a part of southwestern Nigeria and who examined the impact of change actors on vegetation loss research on the pattern of deforestation in the Niger Delta region of Nigeria seems to be lacking,0,
8,1-s2.0-S0304387816300670-main_43,When the local agricultural sector is competing for labor with an urban sector engaged in production of goods tradable outside the district declines in moisture encourage urbanization by offering alternative employment for farmers,1,DRIVERS
9,s11269-011-9931-x_125,Next and second the impact of water availability changes on crop yields is represented via a biophysical relationship between LGP and potential crop yield,0,
10,nclimate2430_82,35. http www.tei c.org ns 1.0 Figure 2 Effect of tropical deforestation on rainfall at a continental scale. Global circulation models suggest that for low levels of deforestation regional rainfall may be similar to or slightly higher than B rainfall in undisturbed forest A,0,
11,forests-13-00698-v2_106,Classes with a low degree of separability have similar spectral signatures and were therefore combined in the same class.,0,
12,forests-13-00698-v2_106b,The defined occupancy classes were validated on the basis of a field mission carried out which consisted of walking the entire forest on foot using a field guide in order to confirm the realities on the ground on the occupations of the ground compared to the results presented via the analysis of processed satellite images,0,
13,science.abm9267_155,Further they are also often grown together with other crops in agroforestry systems,1,"LULC, PRACTICES"
14,1-s2.0-S2351989419305116-main_183,These two countries are the world s largest cocoa producers and are in a post forest transition stage where their deforestation rates slowed down or reversed,1,"LULCC, PRACTICES"
15,1-s2.0-S2351989419305116-main_163,Such a form of agroforestry is highly beneficial to both farmers fostering self sufficiency and resilience to climate change and the environment storing on average 80.4 t C ha in biomass and hosting various tree species .,0,
16,1-s2.0-S2351989419305116-main_163b,In order to explain differences in co benefit scores across the plots influence of shade composition measured as percentage of each tree category shade tree fruit tree oil palm banana in the agroforestry component was investigated,0,
17,1-s2.0-S2468227619307070-main_152,The net gain of dense forest over the 29 year period was lower than the net loss and this resulted in net deforestation,1,LULCC
18,nclimate2430_204,Rainfall has declined in Borneo since the 1950s and the decline has been stronger since the 1980s when deforestation intensified,0,
19,Kouassi et al. - 2021 - Assessing Land Use and Land Cover Change and Farme_150,It resulted from an increase in the cultivated area and a reduction of the forest cover and the number of trees compared to the past,1,"DRIVERS, LULCC"
20,1-s2.0-S0301479717300713-main_7,First we conducted in depth interviews and developed a list of 34 direct and indirect drivers of LULCC,0,
21,s12571-010-0070-7_70,Evergreen Agriculture also broadens the principle of crop rotations to encompass the role of fertilizer trees and or other cash crop trees to enhance soil fertility more effectively and provide needed biological and income diversity in the farm system,1,PRACTICES
22,s41559-017-0406-1_171,The final probabilistic estimate of forest extent for each model set was obtained by considering the ensemble of all 1 000 models and calculated by taking the median of the probabilistic estimates from the individual models hereafter ensemble probabilistic estimate Supplementary Fig,0,
23,remotesensing-12-03817-v2_162,In the surroundings of the cities in the north of Nigeria for example in 2000 patches of grassland and shrubland were still visible whereas in 2015 these were converted to cropland Figure,2,LULCC
24,1-s2.0-S016788090800131X-main_83,The size of other land use types decreased during the study period particularly the decrease was more notable in the gallery forest and grazing land,1,LULCC
25,010074873_166,In second hand the increase in shrubs The evergreen forest and forest cover mainly the south eastern and south western part of Volta basin for the years 1988 and 2002,2,LULC
26,1-s2.0-S0140196314000536-main_37,Studies at tree village level remain local and are rarely embedded into global datasets. type bibr Herrmann et al. 2005 p,0,
27,1-s2.0-S0341816222001990-main_240,Surface features of the Sahel and the sample point verifying desertification monitoring model,0,
28,010076607_78,Savanna cluster represents grassland with scattered trees grading into either open plain or woodland while herbaceous savanna refers to grassland,1,LULC
29,1-s2.0-S2468227619307070-main_123,Settlements bare soil dry grass continued to increase despite the decline in cultivation within the reserves,1,"DRIVERS, LULC"
30,1-s2.0-S0264837701000205-main_117,Changing ethnic dominance could therefore be an important driver for change in land use strategies. type bibr Reenberg et al,1,DRIVERS
31,remotesensing-05-00664-v2_19,Consequently changes in RUE have been suggested as an integral measure for evaluating land degradation and desertification and a number of authors have attempted to assess non precipitation related land degradation or the reverse in the Sahel by use of time series of RUE estimated wholly or partly by use of satellite remote sensing or using only ground measurements,1,DRIVERS
32,1-s2.0-S0140196314000536-main_114,Additionally trees are long lived and therefore changes in tree populations are an indicator of long term changes,1,"LULC, LULCC"
33,rudel-2013-the-national-determinants-of-deforestation-in-sub-saharan-africa_130,These multivariate analyses regress a series of independent variables on variations across countries in deforestation rates,0,
34,1-s2.0-S0167880913003502-main_356,2007a What is the amount of crop residue needed to improve and maintain soil properties and processes that result in reduced water runoff and soil erosion or increased soil moisture levels suggest that it is possible to remove 50 70% of the crop residue while keeping adequate benefits to the soil but residue removal in excess of 50% have adversely affected soil quality as well as crop yields in the US,1,PRACTICES
35,science.abm9267_81,As detailed below this range reflects uncertainties in how much of the TCL attributable to shifting agriculture constitutes deforestation as opposed to cyclical crop fallow rotations,1,"DRIVERS, LULCC, PRACTICES"
36,remotesensing-07-04048-v2_73,reported a moderate land cover change from 1965 to 2000 a decrease in savanna from 74% to 70% concurring with an expansion of cropland from 17% to 21%,2,LULCC
37,s41598-024-52138-9_58,Large scale cropland was the third highest driver of forest loss in Africa 9% with the highest proportions by country found in Cape Verde 67% Gambia 53% Niger 50% Sudan 47% and Nigeria 44%,2,"DRIVERS, LULCC"
38,IBRAHIMetal_HJ2014_204,These results have important implications for water resources usage and reinforce the statement that Sahelian aquifers have the capacity during the next several decades to support smallscale irrigation at sustainable levels. figure http www.tei c.org ns 1.0 xml id fig 0 Fig,1,PRACTICES
39,1-s2.0-S016788090800131X-main_1,Title Content level a type main text Land use analysis from spatial and field data capture in southern Burkina Faso West Africa Title Content level a type main text Land use analysis from spatial and field data capture in southern Burkina Faso West Africa Abstract Content None Body Content div Since the Rio Earth Summit in 1992 many studies have concentrated on environmental issues in the tropics which have positively influenced national environmental policies,0,
40,1-s2.0-S0303243414001718-main_145,This is why tree cover here has increased by 10 20% whereas tree cover further away decreased by up to 30% see Fig,1,LULCC
41,1-s2.0-S0303243414001718-main_147,Therefore land use is not just the decisive factor for woody vegetation cover and change but particularly the subjective value given to their cultivated areas by farmers,0,
42,1-s2.0-S0169204617300270-main_283,Historically individuals families clans own the land in the city centre but they do not have the capacity to develop the land profitably. Land use planning regulations and guidelines for example the Land Administration Project the National and Regional Spatial Development Framework and the upcoming Land Use Bill were considered as opportunities for land use planning but with low confidence apart from the National and Regional Spatial Development Framework for Takoradi with medium confidence due to the abovementioned lack of law enforcement inequalities and financial gaps,0,
43,Journal of Ecology - 2022 - Beckett - Pathways of savannization in a mesic African savanna forest mosaic following an_80,Thicket patches that burned in the 2008 extreme fire quickly established a savanna fire regime with sites burning on average once in every 3 years FF 0.34 year 1 SD 0.07 up from no fires between 2000 and 2007. Some forests that burned in extreme fires burned again whereas others did not,1,DRIVERS
44,1-s2.0-S0301479717300713-main_584,Structure of the study LULCC Land use and land cover change. http www.tei c.org ns 1.0 xml id fig 2 Fig,0,
45,1-s2.0-S030438781000043X-mainext_642,All of the investments studied whether fallow inputs or tree planting are strongly and positively correlated with the sum of rights,0,
46,remotesensing-07-04048-v2_9,2015 7 4049 multiple perspectives and avoid erroneous interpretations we underline that EO results should not be interpreted without contextual knowledge.,0,
47,remotesensing-07-04048-v2_9b,Body Content div Desertification is a complex and multi faceted phenomenon aggravating poverty that can be seen as both a cause and a consequence of land resource depletion,0,
48,remotesensing-07-04048-v2_9c,Body Content div Desertification is a complex and multi faceted phenomenon aggravating poverty that can be seen as both a cause and a consequence of land resource depletion,0,
49,Asenso Barnieh et al. - 2020 - Mapping Land Use Land Cover Transitions at Differe_430,The transition of natural vegetation to water bodies may indicate natural flooding or anthropogenic development of pounds and small reservoirs for cropland irrigation dams for hydro power generation urban supply and consumption as well as other economic purposes,1,"DRIVERS, LULCC"
50,s41598-024-52138-9_146,The final model performance assessment for each cycle was done on 179 separate independent test data not in either training pool.,0,
51,S41598-024-52138-9_146a,We used FAO and SURFSARA cloud computing platforms to run inference of the fifteen land use following deforestation classes across the entire African continent 30 south 30 north,0,
52,1-s2.0-S000632071100245X-main_82,NTFP harvesting fire livestock grazing preservation of highly valued tree species and agriculture .,0,
53,S41598-024-52138-9_146b,Within each plot we measured the following variables of all individuals of A,0,
54,remotesensing-07-04048-v2_219,76 Water resources degradation Medium resolution time series classification MODIS Landsat Cloud cover over water bodies due to similar spectral properties misclassifications Moser et al,0,
55,IBRAHIMetal_HJ2014_200,Results of long term 100 years simulations of water fluxes under fallow converted to millet cropland showed an immediate increase in water storage followed by diffuse recharge 24 mm year 1 i.e,0,
56,010074873_267,The land use practices as the construction of large dams could have an influence on surrounding climate and can lead to microclimatic changes,0,
57,1-s2.0-S0140196310000893-main_176,Similar observations were made in Guinean and Sudano Guinean savannas where suppression or alleviation of fire favours exotic or invasive species such as Chromolaena odorata that invaded a fire protected savanna or Gmelina arborea and Tectona grandis that established on plots totally protected or cleared with early fires,1,"LULC, PRACTICES"
58,1-s2.0-S2214581823000575-main_12,These outcomes give useful hydrological insights into water and land management by emphasizing the crucial role of water recycling.,0,
59,1-s2.0-S2214581823000575-main_12a,Body Content div Understanding the response of a watershed to climate variability is complex because it is non linear due to the concurrent response of LULC to the same variability response modulated by anthropic interventions,0,
60,010068408_34,notes here the complexity and possible confusion between the evolution of former fallow and wooded savanna with very similar spectral and phenological signatures,0,
61,Journal of Ecology - 2022 - Beckett - Pathways of savannization in a mesic African savanna forest mosaic following an_13,As a result the question of whether fires alone can convert an intact tropical forest to a savanna remains open.,0,
62,Journal of Ecology - 2022 - Beckett - Pathways of savannization in a mesic African savanna forest mosaic following an_13a,Historically and today fires burn frequently in most savannas at a rate of several per decade but rarely penetrate beyond intact forest margins,1,DRIVERS
63,1-s2.0-S0301479717300713-main_225,The mixed method approach also revealed that poverty contributes indirectly but with high confidence to LULCC because farmers cannot buy the required inputs such as fertilizer to maintain soil fertility,1,DRIVERS
64,science.abm9267_177,Overcoming these gaps can considerably strengthen the evidence base to help accelerate global efforts to curb agriculture driven deforestation both in the design of policy responses and in evaluating their effectiveness.,0,
65,science.abm9267_177b,First the lack of consistent pantropical data on deforestation still hampers our ability to assess overall deforestation trends and thus the net impacts of interventions to reduce deforestation while accounting for leakage across regions and biomes,0,
66,010084528_2,This review shows that several African hydropower plants have experienced repeated power disruptions over the last three decades due to climate change and variability but it is less documented how increasing land use and land cover changes around the major dams have impacted the hydrological system and the hydropower generation,0,
67,s41598-024-52138-9_84,The land use classes identified and annotated for this study are small scale cropland large scale cropland pasture mining roads other land with tree cover plantation forest coffee settlement tea plantation water oil palm rubber cashew and cacao refer appendix D for class definitions,0,
68,Analysis of deforestation pattern in the Niger Delta region of Nigeria_105,The focus of the agentbased and systems approaches of land use change model is economic consideration that influences the use of land in a locality while narrative models depend on historical data in analysing changes in land use pattern,0,
69,010074873_282,This factor is also very important to be taking into account while simulating climate change .,0,
70,010074873_282b,The West Africa region s basins are under different land use practices due to their trans boundary feature,1,LULC
71,1-s2.0-S235198941500102X-main_62,Some gallery forests occur along riverbeds,1,LULC
72,1-s2.0-S2214581823000575-main_87,Further we analyzed in depth the impacts of LULC change and climate variability on the water balance of sub catchments to identify the impacts of specific LULC changes e.g. cropped area in NRB on the water balance during post drought and far post drought 2010 2020,0,
73,1-s2.0-S0924271618302570-main_145,For instance the water availability depicted in the LC map see provides relevant data about fragile aquatic habitats that are hard to detect in the field due to their general small size and remoteness,0,
74,s12571-010-0070-7_143,2009 The disadvantage of the short term improved fallow systems is that land is taken out of production for 2 out of every 5 years,1,PRACTICES
75,Asenso Barnieh et al. - 2020 - Mapping Land Use Land Cover Transitions at Differe_613,Land Use Land Cover LULC change map of West Africa between 1975 and 2013. http www.tei c.org ns 1.0 xml id fig 32 Figure A4 . A4 Figure A4,0,
76,1-s2.0-S0167880913003502-main_429,The study of ESs in agriculture requires approaches and methods from both agronomy and ecology a bridge that is all too often incomplete yet is critical to understanding the underlying processes and controls that lead to changes in production and other ES,0,
77,s12571-010-0070-7_12,Lastly we examine the current outlook for Evergreen Agriculture to be further adapted and scaled up across the African continent. Keywords Agroforestry,0,
78,s12571-010-0070-7_199,2009 Rotational fallows that incorporate nitrogen fixing trees are also suited to areas where land holdings are somewhat larger 1 ha,1,PRACTICES
79,1-s2.0-S0264837701000205-main_131,From 1955 to 1986 the area on the dune above Mare Yomboli was cleared and used for cultivation and fields on the pediplain were abandoned,2,"LULC, LULCC"
80,1-s2.0-S2214581823000575-main_170,The hydrological model SWAT was applied to estimate water balance components WBCs for the designed experimental scenarios changing LULC alone changing climate condition alone and the combined changes of these two factors,0,
81,1-s2.0-S0264837715302131-main_126,This credit is the main determinant in the allocation of land to cotton production,1,"DRIVERS, LULC"
82,1-s2.0-S0308521X12000157-main_187,What are the reasons behind the inimical environment It is not that SSA agriculture lacks formal or informal institutions in the agricultural sector,0,
83,1-s2.0-S0303243414001718-main_2,This study uses remote sensing techniques supplemented by ground truth data to compare pre drought woody vegetation and land cover with the situation in 2011,0,
84,1-s2.0-S095937809800003X-main_210,The severe droughts which prevailed in the region in early 1970s and again in 1983 84 have had a significant impact on the role of livestock,1,DRIVERS
85,010076607_191,West Africa has rapid population growth rate associated with an increase in urbanization,1,DRIVERS
86,nclimate2430_160,Costa Rica roughly 100 km wide sits between two oceans in a Central American landmass 15 times smaller than the Amazon,0,
87,1-s2.0-S2214581823000575-main_61,They stated that an increase in surface runoff has occurred despite the deficit in rainfall and they attributed this increase to deforestation,0,
88,1-s2.0-S0167880913003502-main_296,With NT or conservation tillage N in sediments and runoff water have been reduced by as much as 60% though there is a wide range with only a 9% reduction of N in runoff recently modeled by,0,
89,remotesensing-07-04048-v2_71,used NDVI from AVHRR 1 km and SPOT VEGETATION VGT to assess land cover performance in Senegal from 1992 to 2001 that showed similar trends in terms of agricultural extension,1,LULCC
90,remotesensing-12-03817-v2_259,Historical Land Cover over the Sudano Sahel None None None None note http www.tei c.org ns 1.0 place foot xml id foot 0 Remote Sens,0,
91,s13280-012-0292-3_157,Better off households also relied on the non forest environment although to a lesser extent than poor households on average 13 % for both countries,0,
92,s10980-017-0553-4_46,The Upper Guinean forest is a global biodiversity hotspot and has become one of the most human modified forest ecosystems in the tropics having lost over 80% of its original forest cover with the remainder distributed in a fragmented agriculture forest mosaic,2,"DRIVERS, LULCC"
93,sustainability-09-01917-v2_95,Other differences between resulting maps come from 1 the number of vegetation types accounted for per grid cell and 2 various configurations of the background land cover map utilized among different modeling groups,0,
94,1-s2.0-S0169204617300270-main_301,In both areas perceived patterns of urban development matched well with the results from interpreted remote sensing data,1,LULCC
95,s12231-012-9216-1_332,From our knowledge the NTFPs extracted for export are in general collected by commercial enterprises outside the villages and price negotiations do not enter local markets.,1,PRACTICES
96,s12231-012-9216-1_332b,In West African countries crop prices increased heavily after the food crises in 2007 2008 and still remain above the pre crisis level FAO 2010a OECD 2010 whereas individual countries seem to face quite distinct developments,0,
97,s11269-011-9931-x_214,The resilience of Sorghum and more generally its better adaptation to changing water availability is also reflected in a reduced income shortfall from 46 to 34 USD per caput with a frequency of occurrence dropping from 28 000 to 20 000.,0,
98,s11269-011-9931-x_214b,Price Effect The last step evaluates the price effect for crops that are mainly traded locally,0,
99,s41559-017-0406-1_135,. To define the distribution of modern tropical forest we used the Landsat derived tree cover for the year ad 2000 ref,0,
100,ajol-file-journals_90_articles_224756_submission_proof_224756-1069-548532-1-10-20220505_64,C . C . represents a transition from one class to another. http www.tei c.org ns 1.0 xml id fig 4 Fig,0,
101,1-s2.0-S0924271618302570-main_139,These LC complexities are reflected in the increase of spectral confusions between classes which ultimately affect the accuracy of classifications e.g. less than 70% of grassland control points correctly classified,0,
102,s41598-024-52138-9_241,The Planet NICFI data was used because of its high performance when used in detecting subtle changes in land use,0,
103,fpls-07-01262_185,If this negative impact on crop yield was already depicted in the previous IPCC report it suggested such yield loss would only occur when exceeding 3 4 C local warming which might be due to an overestimation in previous studies of the yield benefits of enhanced atmospheric CO 2 .,0,
104,fpls-07-01262_185b,Such robust evidence of future yield loss in West Africa also confirmed in previous review of the literature can be surprising in regards to the diverging projections in a warmer climate of summer monsoon rainfall,0,
105,1-s2.0-S0301479717300713-main_132,For example expansion of agricultural land is related to the distance to irrigation by dams to settlements to roads and population change see Table,1,"DRIVERS, LULCC"
106,sustainability-09-01917-v2_225,Those two effects can further explain the relative cooling induced by LULCC in the Sahel zone Figure,0,
107,1-s2.0-S0341816222001990-main_148,Overall the gain of severe and extremely severe desertification land was less than the loss area and the gain of non desertification and light desertification land was greater than the loss area.,1,LULCC
108,s10113-015-0891-1_304,With the exception of Eastern Africa area in forest declined in all regions with the most pronounced reduction in Northern Africa 40 %,2,LULCC
109,9523685_147,This results in the fact that a species which is the most frequent under a given climate and land use condition becomes rare under other climate and land use conditions.,0,
110,9523685_147b,Overall most of the listed species are classified as occasional or rare,0,
111,1-s2.0-S0304387816300670-main_360,We found no pattern of stable significant results on primacy.,0,
112,1-s2.0-S0304387816300670-main_360b,Having shown evidence of the population effects predicted by our model we turn to effects on city total income,0,
113,nclimate2430_87,The pattern of deforestation can also influence how regional climate is modified,0,
114,Journal of Ecology - 2022 - Beckett - Pathways of savannization in a mesic African savanna forest mosaic following an_118,However on the ground observations of this savannization process in action in intact landscapes are very few.,0,
115,Journal of Ecology - 2022 - Beckett - Pathways of savannization in a mesic African savanna forest mosaic following an_118b,Secondly we provide rare direct support for the long standing hypothesis that runaway fire feedbacks following an initial extreme fire can result in the savannization of tropical forests without additional anthropogenic drivers,1,"DRIVERS, LULCC"
116,1-s2.0-S0301479717300713-main_828,P7 Maybe my culture says that this a reserved area,0,
117,remotesensing-12-03817-v2_185,Apart from a large spatial co occurrence there is a good statistical synergy with our discrete land cover map,0,
118,1-s2.0-S0167880913003502-main_400,Whilst CA has been successfully introduced in high input and high yielding smallholder systems in the rice wheat region of South Asia the low input low productivity systems characteristic of much of Sub Saharan Africa requires attention,0,
119,nclimate2430_234,However the spatial and temporal redistribution of rainfall within a region is a major risk as it could lower soil moisture and reduce yields especially in some areas or during critical agricultural periods,0,
120,s43247-020-00053-y_8,At the interface of the Earth surface and atmosphere land cover has simultaneously been impacted by and contributed to those changes,0,
121,1-s2.0-S2351989419305116-main_48,Recent land use changes are estimated by computing the difference between 1992 and 2015 land cover maps.,0,
122,1-s2.0-S2351989419305116-main_48b,The field study took place in the Plateau region in South Western Togo,0,
123,s13280-012-0292-3_106,Accordingly sites 1 4 fall within land cover types that account for almost 75 % of land with some tree or scrub cover,1,LULC
124,1-s2.0-S235198941500102X-main_188,due to crop failure,0,
125,1-s2.0-S0168192311001122-main_170,The results presented in this paper are based on future scenarios for climate and land use in Sub Saharan Africa derived from dynamic models which in turn have used certain assumptions on the changes of driving forces like global GHG emissions or projections of population growth for Benin Republic,0,
126,1-s2.0-S0264837701000205-main_118,1998 The issue of field expansion and reallocation in semiarid regions can serve to throw light on ways in which land use develops under conditions of changing opportunities which emerge as results of climatic modifications,1,LULC
127,s10584-013-0909-y_43,The Aztecs built their platforms up to a height of 0.5 to 0.7 m above water and reinforced the sides with posts interwoven with branches and trees planted along the edges,0,
128,F0067421183_8,This paper therefore looks at the land cover changes in Nigeria between 1975 and 2005 with a view to explaining this scenario.,0,LULCC
129,F0067421183_8b,Body Content div Natural and human induced global environmental change belongs to the class of risk with high probability of occurrence and damage potential but in such a remote future for the time being no one is willing to perceive the threat,0,
130,1-s2.0-S0264837715302131-main_160,Land cover maps of the study area for 1975 1990 and 2010. http www.tei c.org ns 1.0 xml id fig 2 Fig,0,
131,010076607_224,However this need to be further investigated in order to quantify the resultants effects of land use cover change on Kossou hydropower plant and use of GIS based research model such as WetSpass Water and Energy Transfer between Soil Plants and Atmosphere under quasi Steady State model will help to better compute the components of the water balance and to better capture hydrological impacts of climate land use changes .,0,
132,010076607_224b,This study assessed the climate land use and land cover changes in the Bandama basin and their impacts on hydrological system and on the hydropower generation of Kossou dam for the period 1981 2014,0,
133,1-s2.0-S0169204617300270-main_25,The share of urban population is also higher in Ghana than in West Africa where in 2010 about 42% of the West African population lived in urban areas,0,
134,s11625-014-0282-4_42,If their hypothesis were correct a perfect storm of pre existing rainfall gradients their further accentuation through global climate change and deforestation driven regional climatic drying could spell disaster not only for the subcontinent s last forests but eventually also for its globally important cocoa industry with a strong possibility of accentuating land conflicts in its wake.,0,
135,s11625-014-0282-4_42B,The objective of this paper is to increase our understanding of the mutual interactions between cocoa farming migrations and environmental change in the West African forest region by analyzing the recent historic evidence for these processes,0,
136,s11269-011-9931-x_156,Since climate change will lead to conditions within the ORB that are similar to those currently prevailing around it particularly in the drier North and the more humid South the projections for the Basin are based on estimation for the Beninese territory as a whole distinguishing three components as follows.,0,
137,s11269-011-9931-x_156,For the crop specific relationship between actual yield y g i and LGP we summed crop specific grid information across communes and accommodated the information in the following formula where i1 and i2 are the parameters to be estimated a g i is the area of crop i at grid g and d i an error term at commune level,0,
138,SpatioTemporal-Dynamics-in-Land-Use-and-Habitat-Fragmentation-within-a-Protected-Area-Dedicated-to-Tourism-in-a-Sudanian-Savanna-of-West-Africa_36,Poaching and poor management are once more huge problems NGR is facing due to insufficient number of forest guards,0,
139,"editor,+3.+178-478-1-LE_122",10 20 years but are used to deduce long term processes of land use cover dynamics,0,
140,BF00806418_158,An intensification of agriculture may often be the last solution when all other possibilities have been exhausted,0,
141,s43247-020-00053-y_74,is an example of an extensive agricultural area under continuous cultivation the early development of which dates back to the 19th century,0,
142,1-s2.0-S0301479717300713-main_146,Indirectly population growth leads to changes in agricultural land use practices due to land pressure,1,"DRIVERS, PRACTICES"
143,1-s2.0-S003442571730041X-main_29,This approach has been successfully applied in dryland woody cover monitoring and fodder biomass modeling .,0,
144,1-s2.0-S003442571730041X-main_29,The overall objective of our study is thus to develop an improved basis for understanding the role of changes in areas under cultivation on EO vegetation greening trends in the Sahelian drylands,0,
145,s11269-011-9931-x_86,Forest land serves for logging hunting gathering and the preparation of charcoal that is sold to the villages and cities.,0,PRACTICES
146,s11269-011-9931-x_86b,The annual rainfall in the ORB increases along the North south axis from 800 to 1400 mm per year with rainy seasons in the North lasting from April to September and in the Southern part from March till November,0,
147,s41598-024-52138-9_256,In Africa the lowest accuracy was found in sub Saharan Africa with false negatives of up to 48% indicating an underestimation of forest loss in this region specifically in dry forests 2,0,
148,1-s2.0-S0169204617300270-main_308,The lower number of experts for Bolgatanga was due to non availability of land use planners and local organisations working on land use planning,0,
149,s10745-016-9846-5_46,Accompanying these changes has been a significant shift in the distribution of livestock production and ownership which is increasingly concentrated among urban elites,0,
150,science.abm9267_22,These data suggest that the potential for international supply chain measures to help reduce tropical deforestation is more likely to be achieved through interventions in deforestation risk areas that focus on strengthening sustainable rural development and territorial governance,1,DRIVERS
151,1-s2.0-S2468227619307070-main_79,The farmers are in communities both within and at the fringes of most of the forest reserves,0,
152,s11269-011-9931-x_212,Sorghum acts as substitute for Maize and Cassava because of its higher drought resistance,1,PRACTICES
153,s41598-024-52138-9_198,Thus putting more pressure on remaining forest,0,
154,1-s2.0-S095937809800003X-main_281,cols 3 using the delimited cultivated area of 1991,0,
155,rudel-2013-the-national-determinants-of-deforestation-in-sub-saharan-africa_51,The increase in urban jobs accelerated urban population growth and by pulling rural people off of the land it should have discouraged agricultural expansion so in theory the booms would have had an overall forest preserving effect.,1,DRIVERS
156,rudel-2013-the-national-determinants-of-deforestation-in-sub-saharan-africa_51b,Consistent with this pattern societies in SSA had the highest rates of urban population growth 3.71% in the world between 2000 and 2005,0,
157,science.abm9267_191,There are several reasons for this First there is a general neglect of land use change research in Africa where additionally the capacity of agencies to compile data on agricultural production is particularly limited,0,
158,science.abm9267_184,Regional level datasets that can cover most of a given commodity e.g. soy across South America and oil palm in Southeast Asia play a key role as they are built on regional knowledge and thus are typically not just more accurate but also more region and policy relevant e.g. in terms of land use and management characterization,0,
159,s10745-016-9846-5_66,The transhumance shed provides a useful geographic scale between the individual village territory and the regional agro pastoral belt that allows for a more accurate assessment of the relationship between herd mobility crop damage and conflict that reflects the environmental changes taking place across dryland West Africa.,1,PRACTICES
160,s10745-016-9846-5_66b,Figure provides a conceptual model of this case study s geographic scale with an accompanying reference map Fig,0,
161,1-s2.0-S2214581823000575-main_329,The man made LULC changes had a crucial contribution to the increase of actual ET and SURQ mainly by the expansion of cropland in the Niger River and Lake Chad basins.,1,LULCC
162,1-s2.0-S2214581823000575-main_329b,Furthermore we have calculated the percentage contribution of the water yield by each major LULC type to the total WYLD of all major LULC classes,0,
163,1-s2.0-S030438781000043X-mainext_532,10 Goldstein and restrict their sample to the dominant maize cassava intercrop mixture.,0,
164,1-s2.0-S030438781000043X-mainext_532b,11 These are implemented in GAUSS using the program pantob supplied by Honor on his website.,0,
165,1-s2.0-S030438781000043X-mainext_532c,In this section I implement the specifications outlined in Section 4 and discuss the results obtained,0,
166,1-s2.0-S0168192311001122-main_243,Changes in the proportion of cropland in the three land use scenarios from 2000 to 2025. http www.tei c.org ns 1.0 xml id fig 6 Fig,1,LULCC
167,1-s2.0-S0264837715302131-main_75,However the amount of forest cover had decreased while the amount of farmland had increased,1,LULCC
168,1-s2.0-S003442571730041X-main_31,To do so detailed spatio temporal ground based knowledge is needed this study makes use of a unique record of field observations of Sahelian crop fallow rotation in the Fakara region western Niger .,0,
169,1-s2.0-S003442571730041X-main_31b,The study area is the district of Dantiandou located 80 km east of Niamey the capital city of Niger Fig,0,
170,s10745-016-9846-5_257,Many of the areas that burned only a few years did so early in the study period and ceased burning when they were put into cultivation due to the loss of combustible biomass,0,
171,10.4324_9781315182230_previewpdf_37,In our view then the case studies of landscapes and societies such as those in the wetter savannas in Cote d lvoire and Cameroon or in the drier Nigerian Sahel studied by are no less deserving of our attention than the examples set along the coast in what some would describe as the forest belt proper,0,
172,s2_132,Table shows the extent of forest regeneration in some Sahelian countries for both natural and planted forest area.,0,
173,s2_132b,Afforestation and natural regeneration of forests and woodlands in some countries have reduced the loss of forest area significantly at the global level,1,LULCC
174,1-s2.0-S0304387816300670-main_260,Table reports country level results for comparison with the literature.,0,
175,1-s2.0-S0304387816300670-main_260b,In Table moisture effects are defined by within country period differences in districts urbanization growth in response to differences in district moisture growth rates,0,
176,Journal of Ecology - 2022 - Beckett - Pathways of savannization in a mesic African savanna forest mosaic following an_84,Once burnt forest plots had relatively high but variable grass biomass 130 gm 2 SD 114 in the first year after the extreme fires,0,
177,s2_37,On the other hand contributions of forests and vegetation cover to climate change mitigation have been recognized as a cornerstone of the post 2012 climate change agenda with the decision on the reduction of emissions from deforestation and forest degradation REDD,0,
178,1-s2.0-S0341816222001990-main_86,The gravity centre model was initially used to calculate the centre coordinates of different desertification levels across certain time periods thus reflecting the changes in corresponding spatial patterns,0,
179,sustainability-09-01917-v2_105,In CCAM CCSM ECHAM5 models the reduction in herbaceous areas is as large or even larger than the reduction in forests,0,
180,1-s2.0-S235198941500102X-main_246,Compared to all the other land use and land cover types gallery forest cover showed less overall change,1,LULCC
181,1-s2.0-S030438781000043X-mainext_501,hct is used to control first for the differing input requirements of various crop mixes and second for unobservable household characteristics such as skill that may be correlated with both land tenure and investment across all plots in a household,0,
182,IBRAHIMetal_HJ2014_186,This recharge with an additional delay depending on the water table depth could occur with a rate possibly higher than 20 mm year 1 i.e,0,
183,Journal of Ecology - 2022 - Beckett - Pathways of savannization in a mesic African savanna forest mosaic following an_59,Three additional plots were laid out in a forest that burned in a separate fire in 2004 and sampled 9 and 11 years after the fire,0,
184,s10745-016-9846-5_40,Herders on the other hand see the steady expansion of agricultural fields into their grazing areas and around their water points as an equally unjust and provocative practice,1,PRACTICES
185,IBRAHIMetal_HJ2014_144,For the lower soil unit low variations in measured water content also resulted in larger parameter ranges. http www.tei c.org ns 1.0 Internal and boundary conditions type bibr target b11 Feddes et al,0,
186,1-s2.0-S0341816222001990-main_236,Precipitation factors dominated the spatial distribution of desertification in the Sahel q value 0.9269,2,"DRIVERS, LULCC"
187,s43247-020-00053-y_104,Within a distance of 300 km patterns of transitions approached those of the entire region and involve mostly savanna and agriculture the two largest land cover categories.,1,LULC
188,s43247-020-00053-y_104b,Some singularities stood out on the dry margin Savanna to steppe transitions emerged as a commonly observed land cover trajectory in the Sahel which can be interpreted as associated with the widely reported loss of tree cover,1,LULCC
189,s11625-014-0282-4_6,Based on an analysis of long term rainfall measurements in major cocoa growing areas of Co te d Ivoire and interviews with cocoa farmers about their history and motives of migration we argue that climate and drought have been supporting factors but not usually the main drivers of cocoa migrations which were mostly a response to the perceived availability of forest land for planting,1,DRIVERS
190,1-s2.0-S0167880913003502-main_50,2011b Soil C sequestration refers to the increase in C stored in the soil by capturing atmospheric CO 2 as a result of changes in land use or management,0,
191,1-s2.0-S000632071100245X-main_29,In fact some NTFP providing trees such as the baobab Adansonia digitata and the shea tree Vitellaria paradoxa are protected by farmers during the agricultural cycle of cultivation and fallows and are therefore still well preserved,1,PRACTICES
192,1-s2.0-S0006320709005400-main_82,Not all land within the forest zone would necessarily have been forest even in the absence of human impact and even unmodified forests show differences in species richness and composition because of geographical topographical and climatic variation .,0,
193,1-s2.0-S0006320709005400-main_82b,We found 35 studies that met our search criteria and between them they provided quantitative species richness information on 25 plants 44 invertebrates and 18 vertebrates comparisons between forest and other land uses,0,
194,Journal of Ecology - 2022 - Beckett - Pathways of savannization in a mesic African savanna forest mosaic following an_76,We performed an NMDS ordination on a Bray Curtis species dissimilarity matrix of the cumulative length of each tree species for the before plots representing vegetation communities that had not experienced the extreme fire the intact forest intact thicket and 2007 savanna plots . Data were transformed using a Hellinger transformation,0,
195,1-s2.0-S0304387816300670-main_400,eliminating the fixed effect in the levels equation and converting the time trend to a city fixed effect in the differenced version,0,
196,9523685_53,In all cases climate and land use conditions are treated as explanatory variables and diversity indices as response variables,0,
197,s41559-017-0406-1_3,Here we synthesize available palaeo proxies and historical maps to reconstruct forest extent in tropical Africa around 1900 when European colonization accelerated markedly and compare these historical estimates with modern forest extent to estimate deforestation,1,LULC
198,remotesensing-12-03817-v2_231,Furthermore urban extents have not been historically updated,0,
199,s10113-015-0891-1_149,The contribution of forests declined in Northern and Western Africa from 21 to 15 % and 13 to 11 % increased slightly in Eastern Africa by 0.57 % points and strongly in Central from 8 to 12 % and Southern Africa from 11 to 16 % of total HANPP .,1,LULCC
200,s10113-015-0891-1_149b,The total area of observed land use classes also changed considerably over time,0,LULC
201,9523685_130,The low values found for very abundant species show that the different climate and land use conditions were dominated by a group of species and the relative high evenness value underlines that dominant species have a regular distribution of their individuals,0,
202,rudel-2013-the-national-determinants-of-deforestation-in-sub-saharan-africa_64,The use of the nation state as a unit of analysis for studying deforestation may seem too coarse grained to portray and analyse the household decision making that drives deforestation,0,
203,1-s2.0-S0341816222001990-main_109,shows the spatial distribution of different desertification levels in 2000 2005 2010 2015 and 2020 revealing that extremely severe desertification was widely distributed especially in the Sahara located to the north of the study area as well as in the Danakil and Eritrea Coastal Deserts to the east,1,LULCC
204,1-s2.0-S235198941500102X-main_129,The average annual rate of change between two periods was computed by a slightly modified formula used by A2 A1 A1 100 T2 T1 where Average annual rate of change % A1 Amount of land cover type in time 1 T1 A2 Amount of land cover type in time 2 T2 .,1,LULCC
205,science.abm9267_210,The most prominent example of this is pasture expansion which is tightly linked to soy expansion and land speculation across Latin America,2,LULCC
206,fpls-07-01262_256,Increased temperature resilience during grain number formation period is the main adaptation that emerges from this study. type bibr target b27 Challinor et al,0,
207,s12231-012-9216-1_15,However these ecosystem services are threatened by climate and land use change,0,
208,1-s2.0-S0169204617300270-main_165,For this reason we decided to monitor urban development between 2007 and 2013 within two 5 km x 5 km focus areas in the periurban zones of the two cities,0,
209,1-s2.0-S235198941500102X-main_194,conducted a meta analysis of 152 substantial cases of tropical deforestation 19 of these were from Africa,0,
210,1-s2.0-S2351989419305116-main_64,Using both seedlings provided by APAF and their usual plantlets farmers established combinations of species that vary in each plot with a tree density higher than usual fields 150 trees per hectare on average excluding banana and oil palm . 25 plots were sampled covering a total area of 12.4 ha,1,LULC
211,s10584-013-0909-y_101,2005 Evidence is emerging that SAFS have great potential for increasing above ground and soil C stocks reduce soil erosion and degradation and mitigate GHG emissions,0,
212,1-s2.0-S0140196314000536-main_205,Thus the findings of are supported. The differences between regularly used and mostly fallow land are striking Appendix 3 electronic version only,0,
213,1-s2.0-S2351989419305116-main_230,Plant functional diversity is thus a main driver for successful agroforestry systems,0,
214,s12571-010-0070-7_248,The trees produced a supply of dry season fodder for livestock and they provided firewood fruit and medicinal products that farm households could consume or sell,0,
215,s12571-010-0070-7_5,Evergreen Agriculture is defined as the integration of particular tree species into annual food crop systems,0,
216,s10745-016-9846-5_25,The principal environmental factors causing early herd arrival were identified by local informants as changes in rainfall land cover savanna fire regimes and pasture species composition in key parts of the agro pastoral landscape,1,PRACTICES
217,1-s2.0-S0341816222001990-main_185,Specifically with conditions of WS 3.24 m s 1 and PET 2444 mm the risk of desertification is greater,1,DRIVERS
218,1-s2.0-S0303243414001718-main_148,The older fields in proximity to the village boast a large number of healthy trees 10 20% whereas the newer fields further away have a very sparse tree cover Fig,1,LULC
219,s43247-020-00053-y_144,The comparison reveals which time interval and sub regions have experienced relatively slow versus relatively fast change.,0,
220,s43247-020-00053-y_144b,In the second level of analysis corresponding to the category level in Aldwaik and Pontius 2012 we extracted 1 the magnitude of change for each land cover category as gross gains and gross losses in km 2 and 2 annual rates of change % yr 1 for both gains and losses for each land cover category as well as the uniform change intensity over the same time interval,0,
221,1-s2.0-S2468227619307070-main_223,The Ashanti Region of Ghana and its forest reserves.Source RMSC 2016. http www.tei c.org ns 1.0 xml id fig 1 Fig,0,
222,sustainability-09-01917-v2_48,The main objectives are 1 to describe and quantify the impacts of historical LULCC on surface climate in West African regions 2 to compare those impacts to the ones caused by an increased amount of atmospheric greenhouse gases and 3 to check whether more realistic land cover description may improve climate model simulations over West African regions.,0,
223,sustainability-09-01917-v2_48b,The model experiments from the LUCID project and the observation data sets are presented in Section 2 together with changes in land cover since pre industrial times,0,
224,Analysis of deforestation pattern in the Niger Delta region of Nigeria_24,Deforestation is the conversion of forest land for uses other than its natural cover e.g,0,
225,rudel-2013-the-national-determinants-of-deforestation-in-sub-saharan-africa_24,Finally five of the six Congo basin countries that contain almost all of the continent s humid forests have large extractive industries oil and mineral whose political economy may have had important indirect effects on forest cover,2,DRIVERS
226,1-s2.0-S0169204617300270-main_282,This would imply a change from individual ownership to statutory land ownership in order to prevent one storey buildings of former farming communities in the city centre or to prevent uncompleted constructions due to individual financial problems,0,
227,s10745-016-9846-5_113,When several hundred cattle caused widespread crop damage in the central zone in 2010 the local donsoton hunters association which have taken up the role of extralegal vigilante action in different parts of West Africa was assembled and ready to expel the herders from the area,0,
228,s12571-010-0070-7_144,Nevertheless they provide greater aggregate crop production and higher returns on investment than the continuous cropping of unfertilized maize the farmers de facto practice,0,
229,1-s2.0-S2214581823000575-main_169,is based on designing and carrying out simulation experiments to assess the individual and combined impacts of LULC change and climate variability on different water balance components of the three basins described in Section 2 for the period of 1990 2020,0,
230,s11269-011-9931-x_178,Using a linear functional form we estimate for each crop where p d i refer to prices r d i represents production consumption ratios and and are parameters to be estimated Appendix Table,0,
231,1-s2.0-S0341816222001990-main_131,Anthropogenic activities such as agricultural reclamation and overgrazing may be primary driver of these deepening desertification patterns in these regions .,1,DRIVERS
232,1-s2.0-S0341816222001990-main_131b,There were notable differences in the desertification processes of different vegetation types across the Sahel Fig,0,
233,s12571-010-0070-7_42,The consequences are land degradation low yields persistent poverty and widespread malnutrition .,0,
234,s12571-010-0070-7_42b,Producing more food for a growing population in the coming decades while at the same time combating poverty and hunger is a huge challenge facing African agriculture,0,
235,nclimate2430_281,Beyond this point rainfall is dramatically reduced. note,0,
236,rudel-2013-the-national-determinants-of-deforestation-in-sub-saharan-africa_82,4 The dataset for these analyses is available in the electronic supplementary material. Table outlines major subregional differences in land cover and societal trends in SSA,0,
237,1-s2.0-S2468227619307070-main_14,Human activities have degraded about 85% of Ghana s Guinea Forest Region,2,DRIVERS
238,1-s2.0-S0264837715302131-main_135,As bow are more common in farmland and degraded savanna Fig,0,
239,1-s2.0-S2468227619307070-main_148,This strategy coupled with the regeneration of logged forest and the maturity of tree crops deforestation in disguise to form dense canopy altogether contributed to the increase in dense forest cover over the 13year period,1,"LULC, PRACTICES"
240,IBRAHIMetal_HJ2014_175,Field monitoring of matric potentials did not indicate downward flow at 10 m depth for the millet site this is consistent with the modeling results the transition from fallow to millet having occurred recently 5 years ago .,1,"LULCC, PRACTICES"
241,IBRAHIMetal_HJ2014_175b,Actually present day cultivation cycles in southwestern Niger could be considered to consist of 10 years under millet followed by 5 years of fallow conditions,2,"LULCC, PRACTICES"
242,1-s2.0-S0301479717300713-main_365,If you think of other land use types like intensive cultivation without fertilizers and others e that s certainly not a good one,0,
243,Asenso Barnieh et al. - 2020 - Mapping Land Use Land Cover Transitions at Differe_433,and Hausermann confirm that the expansion of water bodies we detected in the Tain District see Figure c2 of Ghana is due to a dam Bui dam constructed on Ghana s Black Volta for hydro power generation,2,"DRIVERS, LULCC"
244,1-s2.0-S0167880913003502-main_101,Factors that increase crop yields will increase the amount of residue available and potentially soil C storage,0,
245,Asenso Barnieh et al. - 2020 - Mapping Land Use Land Cover Transitions at Differe_302,The annual rate i.e. 0.8% of water bodies loss per year was higher in 2000 2013 i.e. the postdrought era and recent period than in 1975 2000 which was 0.2% per year in the drought era and soon after the severe drought,2,LULCC
246,1-s2.0-S003442571730041X-main_158,Furthermore no trend in rainfall was observed for the time period analyzed here which is in line with and making changes in water availability very unlikely as an explanation for the decreasing NDVI a strong coupling between integrated NDVI and rainfall is normally observed in the Sahel,0,
247,010084528_133,In the latter region the decrease of discharges has been two to three times greater than that of rainfall .,0,
248,010084528_133b,Over Sahel in endorheic areas the increase in runoff has led to an increase in the volume and duration of ponds and in some sites this has led to an increase through the ponds of the underground water table this was first found by and documented by,0,
249,1-s2.0-S0169204617300270-main_97,Today census and household data are often combined with remote sensing to analyse patterns of land use change,0,
250,010076607_48,Within the last decade water consumption in the basin has increased due to activities such as mining and irrigation,0,DRIVERS
251,1-s2.0-S2214581823000575-main_146,2020 The major LULC changes in LCB from 1975 to 2013 stated by were the transition of water bodies and wetland around the Lake to cropland the loss of water bodies to other vegetation and an increase in urban area at the expense of other vegetation,2,LULCC
252,s41598-024-52138-9_30,Specifically in countries such as the Ivory Coast Ghana and Eastern regions of Tanzania and Mozambique where commodity crops are dominant.,1,LULC
253,s41598-024-52138-9_30b,Assessing the factors that contribute to deforestation consistently over both space and time using remote sensing data is difficult particularly when relying on medium resolution satellite imagery with a spatial resolution of 10 to 30 meters which is required for comprehensive worldwide coverage,0,
254,1-s2.0-S0006320709005400-main_68,The timeframes of most studies are too small to assess changes before and after forest conversion so instead change is frequently estimated by comparing modified land uses with forest baselines,0,
255,s10745-016-9846-5_238,Herds had sufficient access to land surrounding water points for their livestock to graze so they served as stopping points which substantially lengthened the duration of their movements at the end of the rainy season,0,
256,s43247-020-00053-y_195,c Proportions of persistence and change trajectories along the rainfall gradient show steep increase in human dominated land cover across the Sahel sub region fewest natural land cover from the Sudano Sahelian through the northern Guinean sub regions and a predominance of recent transitions to human dominated land cover in the recent 2000 2013 compared to the earlier 1975 2000 time interval. http www.tei c.org ns 1.0 xml id fig 6 Fig,1,LULCC
257,1-s2.0-S2214581823000575-main_334,Contrariwise forest loss had a positive impact on WYLD,0,
258,rudel-2013-the-national-determinants-of-deforestation-in-sub-saharan-africa_138,The losses were then divided by forest area in 2000 in order to obtain the deforestation rate Oil and gas receipts as a proportion of all receipts from exports 2000,0,
259,Asenso Barnieh et al. - 2020 - Mapping Land Use Land Cover Transitions at Differe_572,The reclassified Land Use Land Cover LULC maps of West Africa in a 1975 b 2000 c 2013. http www.tei c.org ns 1.0 xml id fig 5 Figure 3 . 3 Figure 3,0,
260,1-s2.0-S0140196313000608-main_221,It seems however that reliable knowledge to understand the contexts in which crop land increases decreases or remains stable is in shorter supply than what is normally perceived by important policy agents. http www.tei c.org ns 1.0 Table 5 Results of the qualitative comparative analysis,0,
261,350-Article Text-990-1-10-20150420_179,The increase of crop and bared areas can be explained by the exponential growth of the human population and pressures from livestock grazing,1,"DRIVERS, LULCC"
262,Kouassi et al. - 2021 - Assessing Land Use and Land Cover Change and Farme_287,Shaded cocoa agroforestry which does not involve the total removal of trees has been reported to provide comparable revenues for farmers while preserving elements of habitat critical for animal populations,0,PRACTICES
263,1-s2.0-S0304387816300670-main_26,The first question is whether adverse changes in climate push people out of rural areas into urban areas,0,
264,Analysis of deforestation pattern in the Niger Delta region of Nigeria_126,noted that afforestation development of forest and game reserves and application of necessary adaptation measures may mitigate these environmental challenges.,0,
265,Analysis of deforestation pattern in the Niger Delta region of Nigeria_126b,The Niger Delta region of Nigeria is situated along the Gulf of Guinea,0,
266,350-Article Text-990-1-10-20150420_35,Understanding how extend of global change affects land cover variation is important to predict and to combat ecosystems degradation,0,
267,s10584-013-0909-y_113,A review of agroforestry practices in the humid tropics shows that these systems were also able to mitigate N 2 O and CO 2 emissions from the soils and increase the methane sink strength compared to annual cropping systems,0,
268,fpls-07-01262_115,Crop models can be roughly divided into two categories statistical models trained on historical yields and some simplified measurements of weather such as growing season average temperature and precipitation and process based crop models which simulate explicitly the main processes of crop growth and development see for instance,0,
269,1-s2.0-S2351989419305116-main_201,Any scoring of agroforestry co benefits or adverse effects inevitably includes value judgements,0,
270,1-s2.0-S030438781000043X-mainext_197,Some of the most important investments in West African agriculture e.g,0,
271,1-s2.0-S0341816222001990-main_164,During 2000 2010 the level of desertification has reduced whereas from 2010 to 2015 most areas have shifted towards an increase in desertification levels which likely driven by the 2012 drought in the Sahel,2,LULCC
272,010074873_90,The shrubs cluster represents some woody plants smaller than a tree usually having multiple permanent stems branching from or near the ground or woody plants of relatively low height having several stems arising from the base and lacking a single trunk,0,
273,1-s2.0-S2468227619307070-main_10,Agricultural intensification on existing farmlands may reduce farm expansion into the remaining forest areas,1,PRACTICES
274,1-s2.0-S0006320709005400-main_93,The abundance and diversity of rodents on trap transects increased along skid trails and access roads relative to that in unlogged forests,0,
275,s12571-010-0070-7_139,In contrast to the short rotation fallows intercropping with coppicing species increases grain yields continuously for many years after their establishment,1,PRACTICES
276,Analysis of deforestation pattern in the Niger Delta region of Nigeria_240,c Land use categories 2002,0,
277,Analysis of deforestation pattern in the Niger Delta region of Nigeria_37,These impacts include quality of water land and air resources ecosystem processes and services and climate conditions,0,
278,Kouassi et al. - 2021 - Assessing Land Use and Land Cover Change and Farme_230,The results reported by Kon and Amani identify institutional weaknesses as contributing factors to forest encroachment in gazetted forests,0,
279,sustainability-13-01318-v2_191,The main priority areas are market integration and support of public research and capacity building .,0,
280,sustainability-13-01318-v2_191b,Conservation agriculture has the potential to reverse the degradation caused by conventional tillage over the years as it leads to minimum soil disturbance crop diversity and maintenance of soil cover,0,
281,nature13945_125,Shorter fallow periods have led to the expansion of cropping systems into ever more marginal drylands,1,"LULCC, PRACTICES"
282,nclimate2430_226,An increase in climatic variability however can be detrimental to all crops and regions,0,
283,1-s2.0-S030438781000043X-mainext_497,In the Udry Nigeria Zaria Survey data are collected at the household level on the areas of owned fadama stream side and gona non stream side land used and left fallow owned and borrowed,0,
284,s10745-016-9846-5_125,The acceleration of transhumance movements which contribute directly to incidents of crop damage is the result of two principal landscape changes expansion of short fallow agriculture driven by the introduction of cotton cultivation and the long term effects of the great drought of 1984,1,"DRIVERS, LULCC, PRACTICES"
285,nature13945_150,Beijing s per capita water storage capacity of 300 m 3 is 12.5% of China s urban average and 3% of the world s.,0,
286,nature13945_150b,http www.tei c.org ns 1.0 Model stage prediction or hypothesis Evidence that would support the model Relevant data Relatively stable populations of low densities are maintained with an agrarian or pastoral lifestyle.,0,
287,nature13945_150c,Lower population density before the formation of cities,0,
288,010074873_289,Nevertheless the shrubs cluster has increased over time within Volta basin and this could be attributed to the agroforestry practice in the basin,2,"LULCC, PRACTICES"
289,1-s2.0-S0140196314000536-main_113,This study concentrates on the woody vegetation as trees and shrubs are an important factor in steady states of savanna ecosystems and in peoples daily life,0,
290,s11269-011-9931-x_299,The scenarios allow for adaptations in water and input supply using the land use of the reference year and the base climate change scenario,0,
291,s13280-012-0292-3_171,The pattern is that all product categories are collected both in forests and the non forest environment but most are collected more often in the non forest environment by the poor and the better off households,0,
292,1-s2.0-S0264837715302131-main_13,Asparagus africanus Andropogon pseudapricus and Combretum nigricans should be used in association with soil and water conservation techniques on bow .,0,
293,1-s2.0-S0264837715302131-main_13,Body Content div Desertification and land degradation are worldwide problems affecting soils vegetation and the livelihoods of rural populations,0,
294,1-s2.0-S0140196322000143-main_249,Nevertheless encouraging the practice of sparing at least one stem when cutting down shrubs during field clearing known as FMNR could potentially attenuate losses,0,
295,10.4324_9781315182230_previewpdf_32,His chapter shows how forestry as indirectrule labelled community forest management in his post independence Gambian case study is more than capable in other times and spaces of reinforcing central control over resources even as it ostensibly devolves responsibility for their management to local level or so called community control,0,
296,s12571-010-0070-7_66,Thus it does not encompass agroforestry systems that feature trees maintained on fallow land trees monocropped on arable land i.e,0,
297,s43247-020-00053-y_166,b Land cover compositions of the six sub regions in 1975 and 2013 see Supplementary Note 1 Supplementary Table1and Supplementary Fig.1for more detail on the land cover categories,0,
298,1-s2.0-S0301479717300713-main_804,Most of them are cash crop labour,0,
299,1-s2.0-S095937809800003X-main_51,General changes in land use and land cover might among other things cause an increase in albedo which in turn will influence atmospheric circulation and contribute to global climatic change that results in further changes in production potential,0,
300,sustainability-09-01917-v2_239,However the small responses of the seven climate models to LULCC in West Africa are attributed in our study to i the prescribed LULCC that can be underestimated in those regions ii the climate models tending to underestimate the coupling strength between West African surface climate precipitation and temperature and leaf area index LAI and iii the lack of interactive LAI in some models i.e. have no amplification feedback effect,0,
301,nclimate2430_157,Observations reveal both increases and decreases in cloud cover with deforestation,0,
302,science.abm9267_32,However data sources and methods for identifying deforestation and subsequent land uses have since improved considerably,0,
303,1-s2.0-S2468227619307070-main_3,Despite the government s effort s to maint ain and protect Ghana s forest reserves deforestation continues,1,"DRIVERS, LULCC"
304,s13280-012-0292-3_217,In the likely event that agriculture and non forest land types continue to replace forests rural people would not lose much and many might actually gain because in comparison to forests rural people generally derive higher or equally high values from cropping and from the non forest environment,0,
305,010076607_193,In addition the increase in population growth rate has also led to an increase in food consumption and food production explaining the expansion of land use and coherent with a decline of the vegetative areas savanna herbaceous savanna forest and evergreen forest,1,DRIVERS
306,1-s2.0-S0301479717300713-main_436,Because there is not so much grassland they are grazing the cattle in other areas around the Northern Region where there is a lot of grassland but at the end of the grazing period they would send their cattle back to the Upper East Region,0,
307,1-s2.0-S2468227619307070-main_4,We observed deforestation patterns in the Ashanti region of Ghana from 1986 to 2015 using Landsat imagery to identify the main causes of deforestation,2,LULCC
308,F0067421183_4,The predominant Fulani herdsman of the lower Sahel and Sudan Savannah ecologies is moving south to the Guinea Savannah and Forest belt of the South to find greener pasture for his herds,0,
309,fpls-07-01262_161,These uncertainties result in a large spread of crop yield projections indicating a low confidence in future yield projections,0,
310,s10584-013-0909-y_16,Perhaps the most relevant aspect of the relationships between climate change and peasant agriculture is the realization that many small farmers cope with and even prepare for climate change minimizing crop failure through increased use of drought tolerant local varieties water harvesting mixed cropping agroforestry soil conservation practices and a series of other traditional techniques .,1,PRACTICES
311,s10584-013-0909-y_16b,Observations of agricultural performance after extreme climatic events in the last two decades have revealed that resilience to climate disasters is closely linked to the level of onfarm biodiversity,0,
312,s41598-024-52138-9_228,The originality of this paper resides on the fact that it goes beyond traditional benchmarking tasks on mapping land use following deforestation where either a few classes are accounted for or are produced at a lower resolution than what would make them useful for both large and local scale applications,0,
313,fpls-07-01262_215,However there is an ongoing debate about the extent of impacts of CO 2 fertilization on crop yields in observations and models especially in Africa where few field observations are unavailable to validate and further improve the models,0,
314,1-s2.0-S0301479717300713-main_854,P11 no driver They haven t been to formal school but with time if they get fertilizers they will apply it but then they don t have the power to purchase the fertilizer. http www.tei c.org ns 1.0 type table xml id tab 17 None None So this looking at the quality of life style,0,
315,nclimate2430_44,Effects of deforesting the Amazon extend all the way to Asia .,0,
316,nclimate2430_44b,In response to modelled deforestation of Central Africa rainfall is reduced over the Gulf of Mexico and parts of the US Midwest and the US Northwest while it is enhanced over the Arabian Peninsula,0,
317,s43247-020-00053-y_197,5 Land cover change associated with population pressure,1,DRIVERS
318,s10745-016-9846-5_185,. Agriculture along this route has been expanding rapidly for two decades as rural populations have grown and arable land has become scarce in neighboring areas,1,"DRIVERS, LULCC"
319,1-s2.0-S0303243414001718-main_211,We showed that a tree cover assessment at tree level and regional scale is possible and provide more detailed results particularly due to the integration of interdisciplinary field work which allows a comprehensive interpretation of the results.,0,
320,1-s2.0-S0303243414001718-main_211b,Even though our results show that extensive land and tree cover changes exist the direction of change is not always negative,0,
321,010076607_252,The savanna cluster presents an increasing trend during 2002 2016 period probably due to agroforestry practice in the basin,2,"DRIVERS, LULCC"
322,010084528_137,According to The potential impacts of land use and land cover changes on the Bui hydropower scheme in the Black Volta Basin under climatic change were investigated using the WEAP model from 2000 to 2040,0,
323,s12571-010-0070-7_172,The result was a harvest estimated at 3.44 million tonnes an alltime national record for Malawi generating a surplus of about 1.34 million tonnes of maize grain above national requirements. type bibr target b69 Sileshi et al,0,
324,science.abm9267_197,The central insight from our Review is the distinction and discrepancybetween agriculture driven deforestation and deforestation resulting in active agricultural production,0,
325,s41559-017-0406-1_66,The drivers of this forest expansion are a matter of some debate,0,
326,1-s2.0-S0140196322000143-main_108,Mean woody vegetation cover assessed by satellite and their trends over years are compared with the mean aggregated crown cover measured on the 29 sites and their trends over the study period.,0,
327,1-s2.0-S0140196322000143-main_108b,The trends observed at the 29 sites were upscaled to the 499 km 2 area by weighting the means of the woody plant attributes per land use type and per year by the relative area occupied by each land use type for a given year,0,
328,s41559-017-0406-1_72,Here we use a probability threshold of 0.5 to distinguish between forest and savannah see Methods,0,
329,s41598-024-52138-9_79,The region is characterized by humid forests as well as dry forests,1,LULC
330,Kouassi et al. - 2021 - Assessing Land Use and Land Cover Change and Farme_121,The majority of other cash crops was converted to food crop fallow areas 1067.98 km 2,2,"LULC, LULCC"
331,s10745-016-9846-5_49,The droughts caused herders to move their livestock much further south in search of pasture and water which in many cases caused them to settle in areas where they had previously only spent portions of the year,0,
332,"editor,+3.+178-478-1-LE_190",It also helps to highlight compare and contrast the relative spatiotemporal changes in the intensity and importance of causal forces of change and patterns of land use and land cover changes,0,
333,1-s2.0-S0304387816300670-main_54,We have hypothesized that the mechanism is adverse climate driving farmers into urban manufacturing,0,
334,1-s2.0-S0304387816300670-main_367,Rather than looking at urbanization over 10 15 years as a function of climate change over those years given the nature of our income related data we will be looking at the impact of annual climate fluctuations on annual city incomes and implied possibly short term migration,0,
335,1-s2.0-S0167880913003502-main_300,Though pesticides in runoff have been reduced by 40 to 70% with NT the concentration of pesticides in runoff water can be higher than with CT the overall impact is less clear,0,
336,Analysis of deforestation pattern in the Niger Delta region of Nigeria_156,A minimum of 10 training sites was captured for each of the land cover types so as to improve classification accuracy,0,
337,remotesensing-13-03767_102,Both seeds and seedlings from prioritized multi purpose trees shrubs or grasses were planted in the ploughed plots to initiate their restoration and rehabilitation of degraded agro sylvo pastoral systems,1,PRACTICES
338,1-s2.0-S0301479717300713-main_785,That s a huge culture,0,
339,fpls-07-01262_146,Large errors have been found in the simulation of the WAM rainfall by climate models which usually suffer from too much drizzle and a large bias in rainfall frequency large errors in simulating seasonal rainfall as well as an underestimation of the interannual variability which can subsequently bias simulated crop yield,0,
340,s41598-024-52138-9_44,. We present the first wall to wall map of land use following deforestation across Africa covering forest loss from the year 2001 to 2020 Fig,1,
341,Analysis of deforestation pattern in the Niger Delta region of Nigeria_219,Apart from the decline in vegetation diversity caused by forest loss wildlife and marine animals are also threatened by rapid environmental changes particularly in mangrove and wetland ecosystem,0,
342,fpls-07-01262_227,Indeed a meta analysis conducted by demonstrated that CO 2 fertilization is likely to have adverse effects on the nutritional value of many key food crops by reducing the concentrations of essential minerals and protein with potential serious consequences in food security .,0,
343,fpls-07-01262_227b,Despite large uncertainty there is a robust conclusion from the above section agriculture in West Africa is at risk to be negatively affected by climate change,0,
344,1-s2.0-S0167880913003502-main_371,These differences are often related to different soils and climates crop types and rotations intensity of tillage timing of operations time of sampling the suite of management practices and the depth of the soil studied,1,PRACTICES
345,1-s2.0-S0140196322000143-main_196,while the sum of crown areas measured in the field in rangeland sites is higher than in fallow and cropland sites Fig,0,
346,1-s2.0-S2214581823000575-main_328,The water balance variation however was mostly impacted by the re greening of the Sahel through the expansion of shrub land and grassland at the expense of bare land and forest,0,
347,Kouassi et al. - 2021 - Assessing Land Use and Land Cover Change and Farme_175,Only a small percentage of people interviewed stated that overgrazing war and conflict inappropriate irrigation and the occurrence and spread of weeds and invader plants and bush encroachment could contribute to land degradation in the study area.,1,DRIVERS
348,Kouassi et al. - 2021 - Assessing Land Use and Land Cover Change and Farme_175b,According to respondents the effects of deforestation could be either positive 51.34% or negative 48.66%,1,DRIVERS
349,Asenso Barnieh et al. - 2020 - Mapping Land Use Land Cover Transitions at Differe_67,We employed the long time series USGS LULC datasets for this analysis because despite the fact that these datasets are wall to wall currently it is the only EO LULC datasets that cover the temporal resolution of the drought period i.e. 1970s in West Africa and hence they are more suitable to detect historical LULC transitions during the severe drought period.,0,
350,Asenso Barnieh et al. - 2020 - Mapping Land Use Land Cover Transitions at Differe_67b,Furthermore forestland and cropland estimates from the USGS LULC map in the year 2000 had been evaluated against Food and Agriculture Organization FAO Statistics FAOSTATS and other global LULC maps by our research team,0,
351,1-s2.0-S0140196313000608-main_66,also found that faced with drought and declining yields in the 1980s farmers from the Central Plateau in Burkina Faso began to experiment with various soil and water management practices SWM,0,
352,s13280-012-0292-3_98,Together the land cover types within which sites 1 and 2 are located account for 41.1 % of the land area shown in Fig,0,
353,Asenso Barnieh et al. - 2020 - Mapping Land Use Land Cover Transitions at Differe_90,It is common to observe pastoral activities in the far north and crop farming in the southern part,1,PRACTICES
354,s2_135,However despite these outcomes it must be recognized that the results remain much below the expectations and the forest productive base has continued to deteriorate. http www.tei c.org ns 1.0 INTERVENTION BY INTERNATIONAL COOPERATIONS IN THE SAHEL type bibr target b20 Gonzalez et al,0,
355,1-s2.0-S2214581823000575-main_190,However due to lack of information of where such interventions were applied it is impossible to introduce precisely such anthropic interventions on water flows,0,
356,s41598-024-52138-9_29,Thus it remains unclear whether natural forest recovery or tree crops are driving expansions in forest cover in Africa,0,DRIVERS
357,1-s2.0-S0924271618302570-main_116,Temporal analyses of land use change and land degradation should be conducted for complementing the present work particularly for the more productive areas of the Sahel which have received increased attention during the last years e.g. .,0,
358,1-s2.0-S0924271618302570-main_116,The extensive fieldwork effort allowed collecting a large control point dataset that was crucial for classifying and validating a high resolution land cover map of extensive arid and semi arid regions,0,
359,s12571-010-0070-7_150,An initial investment in terms of higher labour is involved when farmers move from conventional to Evergreen Agriculture models but once farmers gain experience with them they manage labour use more efficiently,0,
360,1-s2.0-S2214581823000575-main_152,Accordingly the selected sub basins were From forest to cropland in sub basin 24 in Niger River Basin NRB sub24 From forest to urban and grassland in sub basin 23 in Niger River Basin NRB sub23 From bare land to grassland in sub basin 4 in Senegal River Basin SRB sub 4 From grassland and cropland to water in sub basin 8 in Lake Chad Basin LCB sub8 From forest and grassland to shrub land cropland and urban in sub basin 29 in Lake Chad Basin LCB sub29 . This study used several datasets to drive the SWAT model listed in Table,0,
361,1-s2.0-S0301479717300713-main_857,I see much of the agriculture is really shrinking,0,
362,1-s2.0-S0301479717300713-main_590,Analytical steps LULC Land use and land cover LULCC Land use and land cover change. http www.tei c.org ns 1.0 xml id fig 4 Fig,0,
363,IBRAHIMetal_HJ2014_113,2002 Soil water content monitoring showed that the wetting front resulting from the rainy season was shallower at the fallow site than at the millet site,0,
364,1-s2.0-S0140196310000893-main_91,fields and fallows on bottom slopes as shown by the median position of the modalities late and very late relative to the positive part of axis 1 and to the negative part of axis 2 Fig,0,
365,kastner-et-al-2012-global-changes-in-diets-and-the-consequences-for-land-requirements-for-food_119,Finally recent increases in land use efficiency of food production as highlighted in this study were largely realized by steep increases in the use of external inputs such as fertilizers pesticides fossil fuels and irrigation infrastructure all of which have substantial environmental impacts,0,
366,s41598-024-52138-9_112,Over each resulting patch containing forest loss pixels we extracted Planet NICFI imagery corresponding to the year 2022 and created reference labels via visual interpretation,0,
367,science.abm9267_189,Uncertainties around the nature extent and drivers of deforestation linked to agriculture are unevenly distributed as the quality of the data used and the performance of the methods vary between countries and biomes 1 2 7 32 36 Table,0,
368,forests-13-00698-v2_1,Title Content level a type main text Climate Change in Southeast Benin and Its Influences on the Spatio Temporal Dynamic of Forests Benin West Africa Title Content level a type main text Climate Change in Southeast Benin and Its Influences on the Spatio Temporal Dynamic of Forests Benin West Africa Abstract Content div http www.tei c.org ns 1.0 The impact of anthropogenic activities on the spatiotemporal dynamics of the forest of Dogo K tou has been studied in relation to climate change observed in southeastern Benin,0,
369,1-s2.0-S0308521X12000157-main_215,The trade puts meat into the pots of urban Ghanaians but has under cut the local broiler industry,0,
370,Asenso Barnieh et al. - 2020 - Mapping Land Use Land Cover Transitions at Differe_237,In contrast relative net gain in open water bodies was observed in the humid region during the period of 1975 2000 with a slight loss in 2000 2013.,2,LULCC
371,Asenso Barnieh et al. - 2020 - Mapping Land Use Land Cover Transitions at Differe_237b,A detailed pixel by pixel comparison of the new and old LULC types for each observed LULC change in the form of a transition matrix for the periods of was undertaken for the whole of West Africa Table and the two sub regions humid and arid see Table in the Appendix A,0,
372,1-s2.0-S016788090800131X-main_109,They also suggest that the development of tree crops contribute to the improvement of production systems which can be profitable for the village as a whole,0,
373,1-s2.0-S0303243414001718-main_57,These trees mainly Adansonia digitata Balanites aegyptiaca Borassus aethiopum Faidherbia albida are carefully protected by villagers as they provide shade soil nutrients fruit and wood,0,
374,1-s2.0-S0140196322000143-main_175,This higher diversity in manure fields could however suffer from the increasing pressure at the vicinity growing human settlements and infrastructures unless dedicated practices such as Farmer Managed Natural Regeneration FMNR are supported.,0,
375,1-s2.0-S0140196322000143-main_175b,Woody vegetation trends differ depending on land use and the considered vegetation attribute Fig,0,
376,010076607_115,The water bodies are located at the reservoirs small dams and streamflow locations,0,
377,s11269-011-9931-x_232,The AW3 scenario increases the income levels further for the entire basin while shortfall drops considerably but as mentioned earlier this is overoptimistic as it assumes that inputs are provided free of charge to the farmers.,0,
378,s11269-011-9931-x_232b,More important is that shortfall indices show a steady decline with higher intensity levels as they drop from 40 AW1 to 14 AW3 USD per caput with a reduction in frequency from 23 000 to only slightly over 4 000 respectively.,0,
379,s11269-011-9931-x_232c,Table also confirms that under the assumed irrigation at commune level hydrological interventions even at the Strong level hardly contribute to crop production under the average conditions,0,
380,s11625-014-0282-4_153,Paul north of Grand Bereby southwestern Co te d Ivoire as recorded in 1996 http www.tei c.org ns 1.0 type table xml id tab 4 Table 4 4 Reasons given for the timing of their migration by 92 migrant farmers in the village of St,0,
381,science.abm9267_168,Deforestation can also be followed by several successive agricultural land uses,1,"DRIVERS, LULCC"
382,1-s2.0-S0304387816300670-main_116,Our goal is to model the effect of a change in moisture in a district on the urban rural division of population and on city total income the two outcomes we can measure in the data,0,
383,1-s2.0-S0264837701000205-main_64,The land use is dominated by cultivation however cultivation intensity varies significantly within the region from 10% to 74% according to,2,LULC
384,fpls-07-01262_8,Potential for adaptation is illustrated for major crops in West Africa through a selection of studies based on process based crop models to adjust cropping systems change in varieties sowing dates and density irrigation fertilizer management to future climate,0,
385,1-s2.0-S003442571730041X-main_152,Cropped fields have been shown to have a significantly lower summed NDVI than fallowed fields for the study area and if cropped and fallowed fields are merged into one land use cover class the corresponding NDVI trends must be interpreted with caution. type bibr target b11 Dardel et al,0,
386,IBRAHIMetal_HJ2014_169,After the transition from fallow to millet simulated water storage increased over 50 years until simulated water storage for the millet period was 50 % higher than water storage for the fallow period,0,
387,Geophysical Research Letters - 2005 - Werth - The local and global effects of African deforestation_59,We identify three remote tropical regions that are affected by the deforestation in this month Figure,1,LULCC
388,kastner-et-al-2012-global-changes-in-diets-and-the-consequences-for-land-requirements-for-food_125,To establish this link where necessary food items such as sugar and vegetable oils were converted to crop equivalents such as sugarcane and the respective oilcrop details and factors used are provided in ref,0,
389,nclimate2430_47,Another study demonstrates climatic impacts in southern Africa with enhanced rainfall in the centre and reductions in the east .,0,
390,nclimate2430_47b,Deforestation in Southeast Asia can influence climate within and beyond the region through effects on the Asian monsoon circulation,0,
391,Asenso Barnieh et al. - 2020 - Mapping Land Use Land Cover Transitions at Differe_573,The reclassified Land Use Land Cover LULC maps of West Africa in a 1975 b 2000 c 2013. http www.tei c.org ns 1.0 xml id fig 6 Figure 4 . 4 Figure 4,0,
392,1-s2.0-S003442571730041X-main_50,In Fakara the landscape was converted from a Sahelian savanna to largely eroded agricultural agroforestry parkland during the 20th century,2,LULCC
393,1-s2.0-S0301479717300713-main_702,training programmes on cols 2 sustainable land use practices Bugri 2008 minor driver Laube et al,0,
394,s11269-011-9931-x_109,As mentioned in the introduction the approach is to establish the dependence of crop yields and area shares on water availability for the entire country and to apply this relationship to simulate the effect of changes in soil moisture conditions for the ORB under climate change on crop income,0,
395,s10980-017-0553-4_92,We summarized the active fire detections into an annual active fire density time series number of active fires per 100 km 2 for each forest reserve as well as the 5 km buffer zone surrounding each reserve. http www.tei c.org ns 1.0 Mapping forest vegetation change type bibr target b28 Healey et al,0,
396,s43247-020-00053-y_1,Title Content level a type main text Accelerating land cover change in West Africa over four decades as population pressure increased Title Content level a type main text Accelerating land cover change in West Africa over four decades as population pressure increased Abstract Content div http www.tei c.org ns 1.0 Rapid population growth in West Africa has exerted increasing pressures on land resources leading to observable changes in the land cover and land use,0,
397,010074873_259,It has been demonstrated that such basin has loss their soil water hold capacity and caused of the Sahelian paradox which consequently result in an increase of flow of the river.,0,
398,010074873_259b,The analysis of land use and land cover change presented above reveals mostly a decrease in vegetative areas and an increase built up areas agricultural land and water bodies,0,
399,010074873_180,The same conclusion was made by Vittek et al. in a previous study for the period 1975 1990 for West Africa overall .,0,
400,010074873_180b,The result reveals that the Mono basin Table land cover presents an increase in built up agricultural land and water bodies while the vegetative clusters such as forest savanna and herbaceous savanna have declined for the three study periods,2,LULCC
401,nclimate2430_57,The physical mechanisms underpinning teleconnections are still not fully understood and point to the need for enhanced knowledge of the fundamental physics of ocean land atmosphere interactions as well as improvements in the way these physical processes are embedded in GCMs .,0,
402,nclimate2430_57b,Historically GCM studies have applied unrealistically large perturbations such as one time complete deforestation of the Amazon basin,0,
403,010084528_187,Silting associated with increases in streamflow can block hydropower water intakes and cause turbine abrasion and may intensify the risk of floods and threaten hydropower infrastructure,0,
404,1-s2.0-S016788090800131X-main_55,To analyze the land use dynamics aerial photographs from 1984 and 1997 and a satellite image from 2002 were visually interpreted,0,
405,1-s2.0-S0341816222001990-main_26,Indeed over the past few decades there has been some controversy between re greening and desertification in the Sahel,0,
406,Asenso Barnieh et al. - 2020 - Mapping Land Use Land Cover Transitions at Differe_406,The possible explanation could be a shift from illegal and selective logging of trees in the forest to illegal mining of gold bauxite and other minerals often referred as galamsey as open mine fields were one of the sub categories of other LULC types in our study,0,
407,forests-13-00698-v2_211,The rivers of the classified forest of Dogo K tou are mainly composed of the rivers Agbossassa and Sahoun which are tributaries of the river Ou m which consitutes the limit of the classified forest Dogo K tou,0,
408,6a7830513354f8cb9c5e049419a8990304aa_2,However the current global land use change involves extensive loss of vegetation cover around the reserves and increase their vulnerability and their ecological isolation,1,DRIVERS
409,1-s2.0-S0264837701000205-main_49,Scenarios for land use change at a national or continental scale will be a valuable contribution to the analysis of global environmental change,0,
410,1-s2.0-S0304387816300670-main_458,While one might hypothesize that nearby rural conflict might draw people into the city conflict within a city might drive them away and widespread conflict might reduce overall economic activity because city economic activity could impact the propensity for conflict we do not place a strong causal interpretation on these results,0,
411,010084528_189,However it is crucial to highlight that dam construction can also contribute to changes in land use and land cover and modify the surrounding climate and precipitation patterns as well as the hydrological dynamics of the river,0,
412,1-s2.0-S0140196313000608-main_165,In the Peanut Basin West Central eco region in Senegal cultivated area peaked to 80% of the land in the mid 1980s when farmers still benefited from agricultural subsidies but this trend then reversed itself declining to about 67% of the land under cultivation in 2000,2,"LULC, LULCC"
413,1-s2.0-S095937809800003X-main_50,Land cover and climatic conditions are mutually interrelated,0,
414,IBRAHIMetal_HJ2014_24,In southwestern Niger such landuse changes have resulted in increased runoff and consequently in increased water inflows towards endorheic ponds and gullies and thus enhanced focused groundwater recharge,0,
415,1-s2.0-S0304387816300670-main_30,Thus urbanization provides an escape from the effect of deteriorating climate on agricultural productivity in particular contexts but those contexts make up less than 25% of units in our sample,0,
416,BF00806418_49,Their former captives the RimayBe are occupied with handicrafts and heavy physical work such as cultivation but often have cattle as well,0,
417,s12571-010-0070-7_286,Thus Nigerien agriculture is essentially already integrating agroforestry into a minimum tillage conservation farming system,0,
418,s41598-024-52138-9_270,The zoomed in maps show A cacao expansion in Cameroon B cacao oil palm and rubber expansion in Ghana C small scale cropland expansion in the DRC D small scale cropland expansion in Tanzania E cashew expansion in Tanzania F a mix of small scale and large scale cropland expansion in Zambia and G shows a mix of mining along rivers roads and small scale cropland in DRC for the same period. http www.tei c.org ns 1.0 xml id fig 2 Figure 3 . 3 Figure 3,0,
419,1-s2.0-S0924271618302570-main_152,Arid regions are naturally characterised by low vegetation cover and primary productivity but they still comprise high LC heterogeneity with important LC classes for local human populations and biodiversity hotspots mountain water bodies being one of the most important examples presented herein,0,
420,1-s2.0-S235198941500102X-main_242,A high increase occurred for farm fallow land rising from 0.022% of the protected area in 1984 to 12.59% in 2013 by which time it was the largest single cover class Fig.4,1,LULCC
421,1-s2.0-S0341816222001990-main_41,2016 Additionally determining and analysing the influential factors of the desertification process are an essential component of desertification control,0,
422,1-s2.0-S0301479717300713-main_205,If there had been an originally low population density population growth and food shortage could have been buffered by expanding agricultural area as shown in a LULCC analysis in Senegal by,0,
423,remotesensing-12-03817-v2_152,The earliest and most recent land cover map for each of the four focal areas noted above are visualized Figure,0,
424,1-s2.0-S2468227619307070-main_136,According to the household survey these communities existed within the forest before the reservation took place from the 1920s to the 1940s,0,
425,1-s2.0-S0304387816300670-main_605,32 With city population modestly affected total city income must rise,0,
426,s11269-011-9931-x_161,In extreme years the LGPs may fall below the range shown in the FAO table and in this case crop yields are penalized through a reduction factor which is equal to the relative deviation of water constrained potential yield from its maximum y g i under optimal LGP conditions.,0,
427,s11269-011-9931-x_161b,The long term structural relationship that we formalize here refers to the adaptation of farmers to climate and is established in a reduced form with climatic conditions as driving variable,0,
428,s10745-016-9846-5_245,Although early herd arrival in 2009 was attributed to low rainfall in the Sahel rains recovered in 2010 yet herders still arrived early to the central zone with the explanation that even if ephemeral surface water was still present grazing resources were inadequate in the northern zone,1,DRIVERS
429,remotesensing-12-03817-v2_206,This underestimation of forest partly explains the low number of forest and forest loss in Hansen et al,0,
430,s43247-020-00053-y_93,In West Africa the land cover category settlement made up 0.3% and 0.7% of the total study region in 1975 and 2013 respectively,2,LULCC
431,1-s2.0-S003442571730041X-main_59,The long term monitoring since 1994 of land use cover from the Fakara region available for this study is therefore quite unique for the Sahel from 1994 to 2006 within the framework of International Livestock Research Institute ILRI and from 2006 to the present under the AMMA CATCH observatory activities African Monsoon Multidisciplinary Analysis Couplage de l Atmosph re Tropicale et du Cycle Hydrologique .,0,
432,1-s2.0-S003442571730041X-main_59b,Initially 48 sites of cropland 24 and fallow and uncultivable rangeland 24 were selected in 1994 to study crop livestock interactions in mixed farming systems within the ILRI framework,0,
433,1-s2.0-S0304387816300670-main_329,For the record we tried three measures of agricultural productivity that might influence the effect of moisture changes soil water capacity and total soil suitability from Ramankutty et al,0,
434,1-s2.0-S030438781000043X-mainext_97,1905 leaving it in the hands of one of his father s slave boys.,0,
435,1-s2.0-S030438781000043X-mainext_97b,When he returned to the farm in 1910 he found the defendant s people reaping palm nuts in the farm,0,
436,1-s2.0-S0304387816300670-main_85,With these new data we find effects at the local but not national level and we find heterogeneity of effects as discussed above.,0,
437,1-s2.0-S0304387816300670-main_85,Related studies use microdata to study the effect of rainfall on migration per se rather than urbanization,0,
438,s12571-010-0070-7_200,In this case during the fallow period farmers grow short lived shrubs such as Sesbania sesban and Tephrosia candida rather than the long lived intercropped trees like Gliricidia,1,PRACTICES
439,BF00806418_39,The ancient dunes are the most important areas of millet cultivation,1,"LULC, PRACTICES"
440,science.abm9267_185,However currently only oil palm and soy are mapped for most production areas in the tropics,0,
441,1-s2.0-S0341816222001990-main_28,It can more clearly understand the level of desertification in different countries in the Sahel the desertification control can be carried out in a targeted manner. type bibr target b72 Zeng et al,0,
442,1-s2.0-S0167880913003502-main_92,Crop rotations effects on soil C are often mixed,0,
443,Geophysical Research Letters - 2005 - Werth - The local and global effects of African deforestation_29,After deforestation is initiated the model requires some spin up time to achieve a new equilibrium,0,
444,1-s2.0-S0304387816300670-main_542,This reduces to As long as the local urban manufacturing sector is not negligible i.e,0,
445,nclimate2430_181,Saad et al,0,
446,s2_32,2011 While forests are affected by climate change they also play a key role in adaptation to climate change for example by increasing the resilience of rural communities,0,
447,1-s2.0-S2214581823000575-main_195,the ratio of out in recycling R oiR calculated as where R oiR is the ratio of out in recycling PREC is the sum of precipitation over all sub basins km 3 WYLD km 3 is the net amount of water that leaves the sub basin and contributes to streamflow in the reach and calculated as type bibr target b10 Bennour et al,0,
448,1-s2.0-S0301479717300713-main_452,P8 that are the critical issues surrounding intensive agriculture,0,
449,rudel-2013-the-national-determinants-of-deforestation-in-sub-saharan-africa_67,The availability of multi scalar remote sensing based measures of forest loss after 2000 eliminated this source of measurement error,0,
450,science.abm9267_77,This variation arises both as a result of methodological differences and because estimates describe different aspects of deforestation and the role of agriculture therein.,0,
451,science.abm9267_77b,By combining these two assessments Curtis et al,0,
452,1-s2.0-S0140196314000536-main_421,Guiera senegalensis is the prevalent species on the fallows,1,LULC
453,1-s2.0-S0304387816300670-main_3,In regions where cities are likely to be manufacturing centers 25% of our sample drier conditions increase urbanization and total urban incomes,0,
454,1-s2.0-S0006320709005400-main_84,For each comparison we extracted the best estimate of species richness of the modified land use relative to forest and where available the number of species shared between that land use and forest,0,
455,1-s2.0-S0264837715302131-main_127,Thus farmland persists and increases each year at the expense of forest woodland and tree savanna .,1,"DRIVERS, LULCC"
456,1-s2.0-S0264837715302131-main_127b,The area of natural vegetation forest woodland and tree savanna that was considered degraded increased by 4.1% between the first and the second time periods i.e,1,LULCC
457,1-s2.0-S0301479717300713-main_292,The data described here provide information on the importance to be considered in the modelling approach interlinkages and the impact of drivers of land use and land cover change on land use types and selected ecosystem services. Annex 3,0,
458,010076607_243,Bandama Basin land use and land cover maps.,0,
459,010076607_243b,The trend analysis for the periods1988 2002 2002 2016 and 1988 2016 was assessed,0,
460,Asenso Barnieh et al. - 2020 - Mapping Land Use Land Cover Transitions at Differe_597,Transition of cropland to other vegetation and settlement between 1975 a1 and 2013 a2 around Louga and Diourbel in Senegal transition of other vegetation to other LULC types between 1975 b1 and 2013 b2 around Tagant and Hodh el Gharbi in Mauritania and transition of other vegetation to water bodies between 1975 c1 and 2013 c2 around Tain District in Ghana. http www.tei c.org ns 1.0 xml id fig 22 Figure 11 . 11 Figure 11,0,
461,1-s2.0-S0924271618302570-main_83,We selected the AWEIsh since it was formulated for improving the accuracy of water detection by removing the effect of shadow pixels a common limitation that usually lead to water overestimations in arid regions e.g. shadows associated to dune lines,0,
462,1-s2.0-S0301479717300713-main_137,Multiple regression results from other land use classes which are also considered for the confidence table can be found in Annex 5.,0,
463,1-s2.0-S0301479717300713-main_137b,Interviews confirmed that urban and rural population growth is an important LULCC driver in Table mentioned by all experts,0,
464,1-s2.0-S2214581823000575-main_149,At the basin level the major transition in the three watersheds was from bare land and forest to natural vegetation grass and shrub lands,1,LULCC
465,1-s2.0-S0169204617300270-main_145,Examples are public authorities on a Counted as people living in the urban area,0,
466,1-s2.0-S0301479717300713-main_130,The expert interviews revealed that the crop fallow system is rarely practiced today and all agricultural land is under permanent use,0,
467,science.abm9267_101,estimate is thus a metric of deforestation occurring in landscapes where agriculture is the dominant direct driver of forest loss rather than only deforestation resulting in agricultural production per se .,1,DRIVERS
468,science.abm9267_101b,This metric deviates conceptually from our definition of agriculture driven deforestation as remote sensing data can never unambiguously distinguish deforestation indirectly driven by agriculture from drivers that are colocated but causally uncoupled,0,
469,010074873_229,This could be due to land cover and land use change.,0,
470,010074873_229b,Overall all the downstream hydrological stations of the basins show an increase trend nonstatistically significant in discharge during all the two analysis periods except the Saboba station which present statistically significant trend at 95% level of confidence and the Nangbeto and Athieme hydrological stations which show a statistically significant trend of 90% confidence level for the first period and the second period,0,
471,s10980-017-0553-4_52,We addressed three research questions each focused on a specific characteristic of systems with alternative stable states persistent change feedbacks and hysteresis . i Is there evidence of persistent forest loss If the system has shifted to an alternative stable state then we expect to see a major shift in vegetation structure and composition with no trends of recovery to a forested condition,0,
472,s13280-012-0292-3_17,Overall the general wisdom is that forest dependence increases with decreasing income i.e. forest income s share of total income is highest for the poorest households e.g. . type bibr target b42 Shackleton et al,0,
