query_id,query_text,query_relevance_label,paper_id,similarity_score,paper_title,paper_abstract,paper_sections
Query_1,"#text': 'After the droughts in the 1970s and 1980s, the observed loss of woody vegetation cover was often considered as irreversible [desertification] and large parts of the Sahel were designated as degraded land (e.g",2,57,0.5269756317138672,"Vegetation Trends, Drought Severity and Land Use-Land Cover Change during the Growing Season in Semi-Arid Contexts","Drought severity and impact assessments are necessary to effectively monitor droughts in semi-arid contexts. However, little is known about the influence land use-land cover (LULC) has-in terms of the differences in annual sizes and configurations-on drought effects. Coupling remote sensing and Geographic Information System techniques, drought evolution was assessed and mapped. During the growing season, drought severity and the effects on LULC were examined and whether these differed between ar...","Introduction: Drought as a slow-onset event is increasingly an environmental hazard due to its negative impacts on natural and human systems, including livelihoods  | Materials and Methods:  | Description of the Study Location: Seventeen constituencies in the Central District of Botswana (CDB) in the eastern part of the country were used as case studies (Figure 
based resources upon which much of livelihoods are dependent would either be exacerbated or ameliorated depending on how the land is pu..."
Query_1,"#text': 'After the droughts in the 1970s and 1980s, the observed loss of woody vegetation cover was often considered as irreversible [desertification] and large parts of the Sahel were designated as degraded land (e.g",2,9,0.5269756317138672,"Vegetation Trends, Drought Severity and Land Use-Land Cover Change during the Growing Season in Semi-Arid Contexts","Drought severity and impact assessments are necessary to effectively monitor droughts in semi-arid contexts. However, little is known about the influence land use-land cover (LULC) has-in terms of the differences in annual sizes and configurations-on drought effects. Coupling remote sensing and Geographic Information System techniques, drought evolution was assessed and mapped. During the growing season, drought severity and the effects on LULC were examined and whether these differed between ar...","Introduction: Drought as a slow-onset event is increasingly an environmental hazard due to its negative impacts on natural and human systems, including livelihoods  | Materials and Methods:  | Description of the Study Location: Seventeen constituencies in the Central District of Botswana (CDB) in the eastern part of the country were used as case studies (Figure 
based resources upon which much of livelihoods are dependent would either be exacerbated or ameliorated depending on how the land is pu..."
Query_1,"#text': 'After the droughts in the 1970s and 1980s, the observed loss of woody vegetation cover was often considered as irreversible [desertification] and large parts of the Sahel were designated as degraded land (e.g",2,11,0.5044023990631104,Land Use Policy,"Information on Land Use and Land Cover (LULC) changes and the driving forces behind such modifications underpin a proper understanding of the dynamics of LULC changes. This study aimed to analyse the dynamics of LULC change trends and its driving factors in Jimma Geneti District (JGD) for the year 1973-2019. Five satellite images downloaded from USGS were used to analyze and assess the geospatial and temporal changes in LULC. In addition, in-depth household interviews, key informant interview, f...","Introduction: Land is an indispensable natural resource, which has enormous economic, social and biophysical uses. As a result, land use and land cover (LULC) are under a continuous changes mainly because of societal development and natural causes. LULC changes are fundamental processes on the earth's surface and have significant impacts on human society, climate, biodiversity, hydrological cycles, ecosystems, biogeochemical cycles and many other processes 
Changes in land cover have become key ..."
Query_1,"#text': 'After the droughts in the 1970s and 1980s, the observed loss of woody vegetation cover was often considered as irreversible [desertification] and large parts of the Sahel were designated as degraded land (e.g",2,101,0.496543288230896,ISPRS Journal of Photogrammetry and Remote Sensing,"Products reveal that land cover change is significant across most land cover classes and time periods. The land cover product was validated using existing reference data from the legacy NLCD 2011 accuracy assessment, applied to the 2011 epoch of the NLCD 2016 product line. The legacy and new NLCD 2011 overall accuracies were 82% and 83%, respectively, (standard error (SE) was 0.5%), demonstrating a small but significant increase in overall accuracy. Between 2001 and 2016, the CONUS landscape exp...","Introduction: Change in land use and land cover type alters biophysical surface characteristics and can lead to major consequences including intensification of climate change, land degradation, and changes to biological diversity and ecosystem services 
However, databases that support large area land system science monitoring are relatively rare. There are numerous initiatives to map land cover globally and regionally, but mapping is not always monitoring. Further, change detection is not monito..."
Query_1,"#text': 'After the droughts in the 1970s and 1980s, the observed loss of woody vegetation cover was often considered as irreversible [desertification] and large parts of the Sahel were designated as degraded land (e.g",2,90,0.49526357650756836,Past and Future Land Use/Land Cover Changes in the Ethiopian Fincha Sub-Basin,"The increasing human pressure on African regions is recognizable when looking at Land Use Land Cover (LULC) change maps, generally derived from satellite imagery. Using the Ethiopian Fincha watershed as a case study, the present work focuses on (i) identifying historical LULC change in the period 1989-2019; (ii) estimating LULC in the next thirty years, combining Geographical Information Systems (GIS) with Land Change Modelling (LCM). Landsat 5/8 images were combined with field evidence to map L...","Introduction: Land use is defined as how land is utilized by human beings and their habitats, usually with an accent on the practical role of land for economic activities, whereas land cover is a physical characteristic of the Earth's surface or attributes of a part of the Earth's land surface and immediate subsurface, including biota, soil, topography, surface and groundwater, and human structures 
The Land Change Modeler is a model used to evaluate the changing trend from one land use category..."
Query_1,"#text': 'After the droughts in the 1970s and 1980s, the observed loss of woody vegetation cover was often considered as irreversible [desertification] and large parts of the Sahel were designated as degraded land (e.g",2,62,0.49489665031433105,"Analysis of Land Use/Land Cover Change and Its Implication On Natural Resources of the Dedo Watershed, Southwest Ethiopia","is study analyzed the land use/land cover (LULC) change and their causes and implications on the natural resources of the Dedo Watershed, Ethiopia. e study used 1984, 2000, and 2017  satellite images to detect the trends of land use/land cover change. Moreover, key informant interviews and focus group discussions were used to identify the driving forces linked to the changes and their impact on the natural resources of the watershed. e study identi ed ve LULC types as follows: cultivation, settl...","Introduction: Land use/land cover change (LULCC) is the modi cation of the Earth's terrestrial surface caused by human activities 
Land use/land cover changes (LULCCs) are triggered by the interplay of socioeconomic and natural environmental factors. Inappropriate farming practices, overgrazing, rapid growth in the human population 
Over the last decades, a number of studies conveyed the occurrences of LULC changes, their causes, and the resulting natural resource degradation in di erent parts o..."
Query_1,"#text': 'After the droughts in the 1970s and 1980s, the observed loss of woody vegetation cover was often considered as irreversible [desertification] and large parts of the Sahel were designated as degraded land (e.g",2,87,0.4876648783683777,"Detecting and Analyzing Land Use and Land Cover Changes in the Region of Al-Jabal Al-Akhdar, Libya Using Time-Series Landsat Data from 1985 to 2017","The region of Al-Jabal Al-Akhdar in northeastern Libya has undergone rapid, wide-ranging changes in the land use and land cover (LULC) intensified by the conversion of natural resources for food purpose, urbanization, and other socioeconomic benefits. This study examined the use of geographic information system (GIS) and remote sensing techniques to gain a quantitative understanding of the spatiotemporal dynamics of LULC. In addition, the major factors behind LULC changes and decline of natural ...","Introduction: Many countries in the world are faced with rapid, wide-ranging changes in land use (e.g., human activities and various utilization of the land) and land cover (e.g., physical characteristics of the land surface) 
Globally, land use change through the conversion of the world's forest land to other uses continues on an increasing scale due to the unprecedented growth of the human population which increases the demand for food and land 
In Libya, LULC changes have been intensified by ..."
Query_1,"#text': 'After the droughts in the 1970s and 1980s, the observed loss of woody vegetation cover was often considered as irreversible [desertification] and large parts of the Sahel were designated as degraded land (e.g",2,58,0.4876648783683777,"Detecting and Analyzing Land Use and Land Cover Changes in the Region of Al-Jabal Al-Akhdar, Libya Using Time-Series Landsat Data from 1985 to 2017","The region of Al-Jabal Al-Akhdar in northeastern Libya has undergone rapid, wide-ranging changes in the land use and land cover (LULC) intensified by the conversion of natural resources for food purpose, urbanization, and other socioeconomic benefits. This study examined the use of geographic information system (GIS) and remote sensing techniques to gain a quantitative understanding of the spatiotemporal dynamics of LULC. In addition, the major factors behind LULC changes and decline of natural ...","Introduction: Many countries in the world are faced with rapid, wide-ranging changes in land use (e.g., human activities and various utilization of the land) and land cover (e.g., physical characteristics of the land surface) 
Globally, land use change through the conversion of the world's forest land to other uses continues on an increasing scale due to the unprecedented growth of the human population which increases the demand for food and land 
In Libya, LULC changes have been intensified by ..."
Query_1,"#text': 'After the droughts in the 1970s and 1980s, the observed loss of woody vegetation cover was often considered as irreversible [desertification] and large parts of the Sahel were designated as degraded land (e.g",2,74,0.4832538664340973,"Analysis and prediction of land cover changes using the land change modeler (LCM) in a semiarid river basin, Iran","Predicting future land cover (LC) changes is an important step in the proper planning and management of watersheds. As a susceptible area to salinity and desertification, receiving only about 195 mm rainfall annually, the Hable-Rud River basin is especially sensitive to land use/cover changes. Based on corrected LANDSAT satellite images for the years 1986, 2000, and 2017, the LC were extracted using the maximum likelihood (ML) method. LC changes were predicted by applying the land change modeler...","| INTRODUCTION: The dynamic and sometimes substantial transformation in land use/land cover (LULC) occurs due to socio-economic and natural changes. Although reasons for land cover changes vary depending on the nature and extent of the area, the main drivers can be identified as deforestation, rangeland degradation, and expansion of agriculture 
Analysis and prediction of LULC changes allows us to assess ecosystem changes and their environmental consequences at various temporal and spatial scale..."
Query_1,"#text': 'After the droughts in the 1970s and 1980s, the observed loss of woody vegetation cover was often considered as irreversible [desertification] and large parts of the Sahel were designated as degraded land (e.g",2,53,0.48034805059432983,"Effects of Long-Term Land Use and Land Cover Changes on Ecosystem Service Values: An Example from the Central Rift Valley, Ethiopia","Changes in land use and land cover (LULC) are the leading contributors to the decline and loss of ecosystem services in the world. The present study covered the Central Rift Valley lakes basin in Ethiopia, focusing on the valley floor and the East and West escarpments, to analyze changes in LULC and to estimate associated losses in ecosystem service values (ESVs). Covering both upstream and downstream areas in the basin, the study addressed major gaps in existing studies by connecting the source...","Introduction: The Millennium Ecosystem Assessment 
Pressures on ecosystem services are among the most critical global challenges 
In Sub-Sharan Africa, LULC under improper land management is a major challenge e.g., 
As in other Sub-Saharan African countries, the expansion of agriculture, urbanization, extraction of forest products, the prevalence of drought, poor land-use planning and increasing human and livestock populations are driving a significant change in LULC in Ethiopia, and these chang..."
Query_2,#text': 'Pastoral production has often existed in some sort of symbiotic interaction with the [agriculture],1,25,0.4036693572998047,Land use land cover change and the resilience of social-ecological systems in a sub-region in South west Cameroon,"LULCC and magnitude of impact of the drivers and predictors of LULCC in the sub-region by engag-| ing 25 stakeholders in a focus group survey. Other cultivated areas of cropland, built-up, oil palm, and banana plantation covers increased by 21,360 ha (10.5%), 3152 ha (1.6%), 5721 ha (2.8%), and 1823 ha (0.9%), while dense forest, rubber and tea plantation covers decreased by -44,945 ha (-22.1%), -15,557 ha (-7.7%), and -110 ha (-0.1%), respectively, from 1986 to 2018. Most of the deforestation a...","Introduction: Holistically, landscape as a geographical area is characterised by its biophysical contents of observable, natural, and human-induced characteristics, including ecosystem type and socio-cultural relations to areas at different spatial scales 
Decision-making in land use land cover change (LULCC) can be explained, to a large extent, by the socio-economic, climatic, and soil conditions of a location 
SES are integrated complex and adaptive systems, in which social and ecological sub-..."
Query_2,#text': 'Pastoral production has often existed in some sort of symbiotic interaction with the [agriculture],1,93,0.4036693572998047,Land use land cover change and the resilience of social-ecological systems in a sub-region in South west Cameroon,"LULCC and magnitude of impact of the drivers and predictors of LULCC in the sub-region by engag-| ing 25 stakeholders in a focus group survey. Other cultivated areas of cropland, built-up, oil palm, and banana plantation covers increased by 21,360 ha (10.5%), 3152 ha (1.6%), 5721 ha (2.8%), and 1823 ha (0.9%), while dense forest, rubber and tea plantation covers decreased by -44,945 ha (-22.1%), -15,557 ha (-7.7%), and -110 ha (-0.1%), respectively, from 1986 to 2018. Most of the deforestation a...","Introduction: Holistically, landscape as a geographical area is characterised by its biophysical contents of observable, natural, and human-induced characteristics, including ecosystem type and socio-cultural relations to areas at different spatial scales 
Decision-making in land use land cover change (LULCC) can be explained, to a large extent, by the socio-economic, climatic, and soil conditions of a location 
SES are integrated complex and adaptive systems, in which social and ecological sub-..."
Query_2,#text': 'Pastoral production has often existed in some sort of symbiotic interaction with the [agriculture],1,116,0.3684641122817993,"Mapping Land Use Land Cover Changes and Their Determinants in the Context of a Massive Free Labour Mobilisation Campaign: Evidence from South Wollo, Ethiopia","Northern Ethiopia is characterised by fragile mountain eco-systems that are highly susceptible to land degradation, impacting food security and livelihoods. This study appraises Land Use Land Cover Changes (LULCC) and their determinants from 2000 to 2020 in Dessie Zuria and Kutaber Woredas. It explores the LULCC and the key anthropogenic drivers of the change over the past 20 years through a mix of satellite imagery and a survey of local understandings. Six land use types (agriculture, forest, a...","Introduction: The sustainability of natural resources has been seriously constrained by enormous land degradation in Ethiopia 
Land degradation in Sub-Saharan Africa (SSA) is widespread. Sixty-five per cent of agricultural land is degraded due to wind and soil erosion, and 28% of the population lives in areas that are prone to land degradation. Specifically, 40% of the grassland, 26% of the forestland, and 12% of the cropland have severe land degradation 
Land degradation is negatively correlate..."
Query_2,#text': 'Pastoral production has often existed in some sort of symbiotic interaction with the [agriculture],1,35,0.36090949177742004,J o u r n a l P r e -p r o o f,"This is a PDF file of an article that has undergone enhancements after acceptance, such as the addition of a cover page and metadata, and formatting for readability, but it is not yet the definitive version of record. This version will undergo additional copyediting, typesetting and review before it is published in its final form, but we are providing this version to give early visibility of the article. Please note that, during the production process, errors may be discovered which could affect...","Introduction: Current global trends, such as population and economic growth which often lead to increased food and fuel demands, exert increasing pressure on land and water resources worldwide 
These may include changes in total suspended sediment and nutrient concentration  | J o u r n a l P r e -p r o o f: However, most SWAT model applications assessed the hydrological impacts based on static LULC data 
The Anzali wetland catchment in Iran contains ecologically significant ecosystems such as t..."
Query_2,#text': 'Pastoral production has often existed in some sort of symbiotic interaction with the [agriculture],1,13,0.3557019531726837,"Monitoring land use and land cover change near a nuclear power plant construction site: Akkuyu case, Turkey",". The agricultural areas in the study area were changed into other LULC classes: 9.1% to artificial surfaces, 27.6% to barren lands, and 21.7% to forest. The rise in the area of artificial surfaces was especially noticeable within the 1 km buffer zone: construction activities converted 36.1% of agricultural fields, 54.1% of forests, and 23.2% of barren lands into artificial surfaces. The filling activities on the seashore resulted in a loss of water bodies of up to 26.5%. The study provides an o...","Introduction: Although the Fukushima nuclear disaster in 2011 has had a significant influence on nuclear energy development in recent years, nuclear energy, as a low-carbon energy source, is presently an alternative energy source that can be produced on a large scale. Despite a modest decline in nuclear output after Fukushima, nuclear power generation has continued to increase in recent Abstract Land use and land cover (LULC) change analysis of the construction site and its surroundings of the A..."
Query_2,#text': 'Pastoral production has often existed in some sort of symbiotic interaction with the [agriculture],1,61,0.35563427209854126,Impact of land use and land cover change on the landscape pattern and service value of the village ecosystem in the karst desertification control,"Human activities have had a significant impact on ecosystems. Studying landscape patterns and ecosystem services (ES) at the village scale based on land use and land cover (LULC) is essential in addressing current ecosystem issues. Based on GF images, the paper selects village ecosystems of karst desertification control (KDC) as the research object. It uses the landscape pattern index, topographic position index (TPI), and value equivalent method to conduct a spatial and temporal analysis of the...","Introduction: Land use for producing goods and services is the most significant human change to the planet 
Land cover has been changing rapidly due to solid human activities such as agricultural and urban construction 
The value of ecosystem services is a quantitative indicator of ecosystem services 
A growing body of research on land use, landscape patterns, and ecosystem services aim to address scientific questions arising from specific regions and objectives (Q. J. 
Karst landscapes are a ty..."
Query_2,#text': 'Pastoral production has often existed in some sort of symbiotic interaction with the [agriculture],1,45,0.35560065507888794,"Annual emissions of carbon from land use, land-use change, and forestry from 1850 to 2020","Estimates of the annual emissions of carbon from land use, land-use change, and forestry (LULUCF) are important for constructing global, regional, and national carbon budgets, which in turn help predict future rates of climate change and define potential strategies for mitigation. Here, we update a long-term (1850-2020) series of annual national carbon emissions resulting from LULUCF (https://doi.org/10.7910/DVN/U7GHRH, Houghton and Castanho, 2023), based largely, after 1960, on statistics of la...","Introduction: The annual net exchanges of carbon between land and atmosphere are represented by two terms in the global carbon budget: one term for direct anthropogenic effects (i.e., management) and a second term for natural effects and indirect anthropogenic effects (e.g., the response of terrestrial ecosystems to environmental change) 
One surrogate for the emissions of carbon attributable to management is based on land use, land-use change, and forestry (LULUCF) 
A second approach for estima..."
Query_2,#text': 'Pastoral production has often existed in some sort of symbiotic interaction with the [agriculture],1,63,0.3555085062980652,Global land use changes are four times greater than previously estimated,"Quantifying the dynamics of land use change is critical in tackling global societal challenges such as food security, climate change, and biodiversity loss. Here we analyse the dynamics of global land use change at an unprecedented spatial resolution by combining multiple open data streams (remote sensing, reconstructions and statistics) to create the HIstoric Land Dynamics Assessment + (HILDA +). We estimate that land use change has affected almost a third (32%) of the global land area in just ...","Untitled Section: A bout three-quarters of the Earth's land surface has been altered by humans within the last millennium 
Yet, in spite of its societal relevance, understanding how global land use/cover (LUC) has changed across space and through time is limited by a lack of comprehensive data and the large uncertainties within existing LUC reconstructions 
Even in the age of satellites, 'big data' and a growing trend of opening access to information, LUC data are still constrained by fragmented..."
Query_2,#text': 'Pastoral production has often existed in some sort of symbiotic interaction with the [agriculture],1,67,0.34104037284851074,"Trees, Forests and People","The present study examines the land use land cover (LULC) and change detection impacts on forest ecosystem in Achanakmaar Amarkantak Biosphere Reserve (AABR -area 626.76 km 2 ) of Central India. Results revealed that there has been a change in AABR land use pattern from 2008 to 2018. The major changes include loss of 19.72 km 2 of vegetation cover in various forest types due to increasing biotic interference and over grazing, conversion of 14.77 km 2 of Dense Sal mixed forest to open mixed fores...","Introduction: Undulating geography with anecdotal slopes covered with different forest type's viz. Dense mixed and Sal mixed forests, Bamboo plantations, Teak forest, Open mixed forest and manmade plantations harbor huge amount of diversity in and around the Achanakmaar Amarkantak Biosphere Reserve (AABR). There are many plant species endemic to this area such as Cupressus torulosa, Araucaria bidwilli, Thuja oreintalis, Pinus caribbea etc and are well distributed ( https://www.indianetzone. com/..."
Query_2,#text': 'Pastoral production has often existed in some sort of symbiotic interaction with the [agriculture],1,101,0.34031403064727783,ISPRS Journal of Photogrammetry and Remote Sensing,"Products reveal that land cover change is significant across most land cover classes and time periods. The land cover product was validated using existing reference data from the legacy NLCD 2011 accuracy assessment, applied to the 2011 epoch of the NLCD 2016 product line. The legacy and new NLCD 2011 overall accuracies were 82% and 83%, respectively, (standard error (SE) was 0.5%), demonstrating a small but significant increase in overall accuracy. Between 2001 and 2016, the CONUS landscape exp...","Introduction: Change in land use and land cover type alters biophysical surface characteristics and can lead to major consequences including intensification of climate change, land degradation, and changes to biological diversity and ecosystem services 
However, databases that support large area land system science monitoring are relatively rare. There are numerous initiatives to map land cover globally and regionally, but mapping is not always monitoring. Further, change detection is not monito..."
Query_3,#text': 'The forests of West and Central Africa probably originally covered a combined area of about 3 million km 2,2,93,0.5075653791427612,Land use land cover change and the resilience of social-ecological systems in a sub-region in South west Cameroon,"LULCC and magnitude of impact of the drivers and predictors of LULCC in the sub-region by engag-| ing 25 stakeholders in a focus group survey. Other cultivated areas of cropland, built-up, oil palm, and banana plantation covers increased by 21,360 ha (10.5%), 3152 ha (1.6%), 5721 ha (2.8%), and 1823 ha (0.9%), while dense forest, rubber and tea plantation covers decreased by -44,945 ha (-22.1%), -15,557 ha (-7.7%), and -110 ha (-0.1%), respectively, from 1986 to 2018. Most of the deforestation a...","Introduction: Holistically, landscape as a geographical area is characterised by its biophysical contents of observable, natural, and human-induced characteristics, including ecosystem type and socio-cultural relations to areas at different spatial scales 
Decision-making in land use land cover change (LULCC) can be explained, to a large extent, by the socio-economic, climatic, and soil conditions of a location 
SES are integrated complex and adaptive systems, in which social and ecological sub-..."
Query_3,#text': 'The forests of West and Central Africa probably originally covered a combined area of about 3 million km 2,2,25,0.5075653791427612,Land use land cover change and the resilience of social-ecological systems in a sub-region in South west Cameroon,"LULCC and magnitude of impact of the drivers and predictors of LULCC in the sub-region by engag-| ing 25 stakeholders in a focus group survey. Other cultivated areas of cropland, built-up, oil palm, and banana plantation covers increased by 21,360 ha (10.5%), 3152 ha (1.6%), 5721 ha (2.8%), and 1823 ha (0.9%), while dense forest, rubber and tea plantation covers decreased by -44,945 ha (-22.1%), -15,557 ha (-7.7%), and -110 ha (-0.1%), respectively, from 1986 to 2018. Most of the deforestation a...","Introduction: Holistically, landscape as a geographical area is characterised by its biophysical contents of observable, natural, and human-induced characteristics, including ecosystem type and socio-cultural relations to areas at different spatial scales 
Decision-making in land use land cover change (LULCC) can be explained, to a large extent, by the socio-economic, climatic, and soil conditions of a location 
SES are integrated complex and adaptive systems, in which social and ecological sub-..."
Query_3,#text': 'The forests of West and Central Africa probably originally covered a combined area of about 3 million km 2,2,109,0.5043303966522217,"The impact of land use and land cover changes on socioeconomic factors and livelihood in the Atwima Nwabiagya district of the Ashanti region, Ghana","Land use and land cover change (LULCC) is a general term for the human modification of Earth's terrestrial surface. These modifications come by direct and indirect activities of human actions when securing essential resources. Therefore, it is necessary to analyze these land changes for the best management of natural resources and to ensure better livelihood of the inhabitants.
The influx of population from the Kumasi metropolis and peripheral areas coupled with urbanization is causing rapid cha...","Introduction: Land Use and Land Cover (LULC) change have been occurring since time immemorial, it is, however, rapid recently due to increasing anthropogenic activities including urbanization and industrialization 
Many research works have pointed out the relevance of investigating the land cover dynamics as a tool for justifiable supervision of allnatural possessions 
Though the Atwima Nwabiagya district is one of the fastest-growing areas in Ashanti region ( GSS, 2012 ), adequate information o..."
Query_3,#text': 'The forests of West and Central Africa probably originally covered a combined area of about 3 million km 2,2,8,0.4838501811027527,Impacts of land use and land cover change in response to different driving forces in Uganda: evidence from a review,"This reviewe of Land Use Land Cover Change (LULCC) studies in Uganda indicate agriculture, forest, grassland, and woodland as the major land use and land cover types. Central Uganda is the most studied region (15%), followed by western ( ","Introduction: Land use and land cover change (LULCC) can result from both intentional and non-intentional human activities or as a result of natural causes. However, human forces are now known to be altering the natural global landscape at unprecedented magnitudes and at different spatial-temporal scales 
Many studies on LULCC change have been conducted in Uganda at different spatial and temporal scales for different reasons. For example, 
Uganda is geared to attain a middle income economy by 20..."
Query_3,#text': 'The forests of West and Central Africa probably originally covered a combined area of about 3 million km 2,2,76,0.46198904514312744,Assessment of land use and land cover changes in Kenya's Mt. Elgon forest ecosystem,Current land-use trends in Kenya's montane forest ecosystems show that land uses are changing fast due to natural and anthropogenic factors and these changes could have devastating effects on the environment. One such montane forest is the transboundary Mt. Elgon forest located in western Kenya. This study analysed trends in land use-land cover changes in Mt. Elgon forest ecosystem over the last 45 years. Landsat imageries downloaded from the United States Geological Survey archives were used to...,"Untitled Section: ests, bamboo forest, fallow land, tea plantation. The landsat images had an average overall classification accuracy of 87.12% and kappa coefficient (K) of 0.84. The kappa coefficient was rated as substantial and the classified images qualified for further analysis. Results established that there was an 18% decline in the natural forest cover between 1977 and 2019. There was a similar decline of 15.19% in bamboo forest cover. Plantation forests established in the 1990's also sho..."
Query_3,#text': 'The forests of West and Central Africa probably originally covered a combined area of about 3 million km 2,2,24,0.45099931955337524,"Global 10 m Land Use Land Cover Datasets: A Comparison of Dynamic World, World Cover and Esri Land Cover","The European Space Agency's Sentinel satellites have laid the foundation for global land use land cover (LULC) mapping with unprecedented detail at 10 m resolution. We present a cross-comparison and accuracy assessment of Google's Dynamic World (DW), ESA's World Cover (WC) and Esri's Land Cover (Esri) products for the first time in order to inform the adoption and application of these maps going forward. For the year 2020, the three global LULC maps show strong spatial correspondence (i.e., near...","Introduction: Global land use land cover (LULC) maps provide information necessary to quantify and understand Earth system processes and anthropogenic pressures, often at multiple spatial and temporal scales 
Global LULC maps are adopted in a vast range of scientific domains and application environments. A few examples of LULC map application include: data input into mesoscale models for operational numerical weather forecasts and climate models for future climate projections 
Over the past two ..."
Query_3,#text': 'The forests of West and Central Africa probably originally covered a combined area of about 3 million km 2,2,116,0.4484136402606964,"Mapping Land Use Land Cover Changes and Their Determinants in the Context of a Massive Free Labour Mobilisation Campaign: Evidence from South Wollo, Ethiopia","Northern Ethiopia is characterised by fragile mountain eco-systems that are highly susceptible to land degradation, impacting food security and livelihoods. This study appraises Land Use Land Cover Changes (LULCC) and their determinants from 2000 to 2020 in Dessie Zuria and Kutaber Woredas. It explores the LULCC and the key anthropogenic drivers of the change over the past 20 years through a mix of satellite imagery and a survey of local understandings. Six land use types (agriculture, forest, a...","Introduction: The sustainability of natural resources has been seriously constrained by enormous land degradation in Ethiopia 
Land degradation in Sub-Saharan Africa (SSA) is widespread. Sixty-five per cent of agricultural land is degraded due to wind and soil erosion, and 28% of the population lives in areas that are prone to land degradation. Specifically, 40% of the grassland, 26% of the forestland, and 12% of the cropland have severe land degradation 
Land degradation is negatively correlate..."
Query_3,#text': 'The forests of West and Central Africa probably originally covered a combined area of about 3 million km 2,2,90,0.44376039505004883,Past and Future Land Use/Land Cover Changes in the Ethiopian Fincha Sub-Basin,"The increasing human pressure on African regions is recognizable when looking at Land Use Land Cover (LULC) change maps, generally derived from satellite imagery. Using the Ethiopian Fincha watershed as a case study, the present work focuses on (i) identifying historical LULC change in the period 1989-2019; (ii) estimating LULC in the next thirty years, combining Geographical Information Systems (GIS) with Land Change Modelling (LCM). Landsat 5/8 images were combined with field evidence to map L...","Introduction: Land use is defined as how land is utilized by human beings and their habitats, usually with an accent on the practical role of land for economic activities, whereas land cover is a physical characteristic of the Earth's surface or attributes of a part of the Earth's land surface and immediate subsurface, including biota, soil, topography, surface and groundwater, and human structures 
The Land Change Modeler is a model used to evaluate the changing trend from one land use category..."
Query_3,#text': 'The forests of West and Central Africa probably originally covered a combined area of about 3 million km 2,2,45,0.41876164078712463,"Annual emissions of carbon from land use, land-use change, and forestry from 1850 to 2020","Estimates of the annual emissions of carbon from land use, land-use change, and forestry (LULUCF) are important for constructing global, regional, and national carbon budgets, which in turn help predict future rates of climate change and define potential strategies for mitigation. Here, we update a long-term (1850-2020) series of annual national carbon emissions resulting from LULUCF (https://doi.org/10.7910/DVN/U7GHRH, Houghton and Castanho, 2023), based largely, after 1960, on statistics of la...","Introduction: The annual net exchanges of carbon between land and atmosphere are represented by two terms in the global carbon budget: one term for direct anthropogenic effects (i.e., management) and a second term for natural effects and indirect anthropogenic effects (e.g., the response of terrestrial ecosystems to environmental change) 
One surrogate for the emissions of carbon attributable to management is based on land use, land-use change, and forestry (LULUCF) 
A second approach for estima..."
Query_3,#text': 'The forests of West and Central Africa probably originally covered a combined area of about 3 million km 2,2,94,0.41636204719543457,"Drivers and Implications of Land Use/Land Cover Dynamics in Finchaa Catchment, Northwestern Ethiopia","Understanding the trajectories and extents of land use/land cover change (LULCC) is important to generate and provide helpful information to policymakers and development practitioners about the magnitude and trends of LULCC. This study presents the contributing factors of LULCC, the extent and implications of these changes for sustainable land use in the Finchaa catchment. Data from Landsat images 1987Landsat images  , 2002Landsat images  , and 2017   were used to develop the land use maps and q...","Introduction: Land use/land cover change (LULCC) is among the major factors that affect biophysical systems at all scales 
In the past, recognition of the importance of the natural environment for human well-being has been less influential in maintaining sustainable development and poverty alleviation strategies 
In recent years, the study of LULCC has become an important topic of research 
LULCC processes are triggered by the interaction of anthropogenic and biophysical drivers 
The upper part ..."
Query_4,"(1993)'}], '#text': ""An increase of land under [cultivation] can be in the form of either (a) clearing more land within the present territory, or (b) migrating to other areas to develop new land for [cultivation]",1,1,0.49221450090408325,Environmental & Socio-economic Studies,"Land-use change is a human process aimed at transforming the natural landscape and emphasizing the role and function of land for socio-economic activities. However, we do not know how the land transition in Vietnam has been proceeding recently. Thus, this article aims to examine the current urbanization process of land conversion in Vietnam. To explore the current situation and recent change of land use, the author analyzed standardized databases and maps from reports of the Ministry of Natural ...","Introduction: According to the literature, land use is a landbased feature of what can be built and what the land can be used for. It identifies what types of communities, environments, or settlements can be used for a particular kind of ground (ABARES, 2020). Land use is also a manifestation of various human activities to exploit the landscape. Therefore, landuse change is seen as a human activity to change the natural landscape and emphasize the role and function of land for socio-economic act..."
Query_4,"(1993)'}], '#text': ""An increase of land under [cultivation] can be in the form of either (a) clearing more land within the present territory, or (b) migrating to other areas to develop new land for [cultivation]",1,114,0.46494433283805847,"Land-Use and Land-Cover Changes in Dong Trieu District, Vietnam, during Past Two Decades and Their Driving Forces","Land-use and land-cover (LULC) change analyses are useful in understanding the changes in our living environments and their driving factors. Modeling changes of LULC in the future, together with the driving factors derived through analyzing the trends of past LULC changes, bring the opportunity to assess and orientate the current and future land-use policies. As the entryway of Quang Ninh province, Vietnam, Dong Trieu locale has experienced significant LULC changes during the past two decades. I...","Introduction: In 2018, 55% of the total world populace lived in metropolitan areas. Projections show that urbanization, with the increasing trend of the total populace, could add another 2.5 billion individuals to metropolitan territories by 2050, with nearly 90% of this increment occurring in Asia and Africa 
Change detection is an important application of remote sensing, by observing objects or phenomena at different times through earth-orbiting satellites 
Land use depends on the indigenous h..."
Query_4,"(1993)'}], '#text': ""An increase of land under [cultivation] can be in the form of either (a) clearing more land within the present territory, or (b) migrating to other areas to develop new land for [cultivation]",1,62,0.4630429148674011,"Analysis of Land Use/Land Cover Change and Its Implication On Natural Resources of the Dedo Watershed, Southwest Ethiopia","is study analyzed the land use/land cover (LULC) change and their causes and implications on the natural resources of the Dedo Watershed, Ethiopia. e study used 1984, 2000, and 2017  satellite images to detect the trends of land use/land cover change. Moreover, key informant interviews and focus group discussions were used to identify the driving forces linked to the changes and their impact on the natural resources of the watershed. e study identi ed ve LULC types as follows: cultivation, settl...","Introduction: Land use/land cover change (LULCC) is the modi cation of the Earth's terrestrial surface caused by human activities 
Land use/land cover changes (LULCCs) are triggered by the interplay of socioeconomic and natural environmental factors. Inappropriate farming practices, overgrazing, rapid growth in the human population 
Over the last decades, a number of studies conveyed the occurrences of LULC changes, their causes, and the resulting natural resource degradation in di erent parts o..."
Query_4,"(1993)'}], '#text': ""An increase of land under [cultivation] can be in the form of either (a) clearing more land within the present territory, or (b) migrating to other areas to develop new land for [cultivation]",1,47,0.4537193775177002,"Urban sprawl and its impact on land use land cover dynamics of Sekondi-Takoradi metropolitan assembly, Ghana","In Ghana, Sekondi-Takoradi has been one of the preferred cities for many people due to the prevalence of industries, the presence of harbor, and the airport. However, the discovery of oil off the coast of the Western region, where Sekondi-Takoradi is the administrative and economic capital makes it more attractive to people in the area. This has increased the number of urban dwellers and resulted in the conversion of different and Land Use /Land Cover (LULC) forms into urban or built-up areas. U...","Introduction: Since time immemorial, the earth's surface has been changing at different spaces and time scales. These changes, of which some take place at a short time and others at longer years are caused by natural phenomena and human activities 
In recent times, industries and developments are increasing the population of urban dwellers and urban centers. The increase in urban population and urban centers are changing vegetative lands or land covers into impervious surfaces. Although these co..."
Query_4,"(1993)'}], '#text': ""An increase of land under [cultivation] can be in the form of either (a) clearing more land within the present territory, or (b) migrating to other areas to develop new land for [cultivation]",1,99,0.4508002996444702,Analyses of land use land cover (LULC) change and built-up expansion in the suburb of a metropolitan city: Spatio-temporal analysis of Delhi NCR using landsat datasets,"During past four decades, in post economic reforms period, Delhi and its surrounding regions has attracted a large number of populations which led to the rapid transformation of its LULC pattern. Therefore, this study is aimed to analyze the LULC changes during 1990-2018 as well as the growth and pattern of built-up surfaces in relation to the population growth and migration in the suburbs of Delhi metropolitan city which is also known as the National Capital Region (NCR). The Landsat 5 (TM) and...","Introduction: Though the environmental transformation of earth by human activities began in late-Pleistocene, it increased with the emergence of agriculture and urbanized societies 
The global changes are brought about as a consequence of the LULC changes which are being driven by the human to fulfil their need for food, water, fibre and shelter 
The LULC changes have shown to have both direct and indirect impacts on the various aspects of environment 
Numerous studies have analyzed the quantita..."
Query_4,"(1993)'}], '#text': ""An increase of land under [cultivation] can be in the form of either (a) clearing more land within the present territory, or (b) migrating to other areas to develop new land for [cultivation]",1,0,0.4436298608779907,"Land use and land cover change detection and prediction in Bhutan's high altitude city of Thimphu, using cellular automata and Markov chain","Rapid urbanization is changing landscapes often resulting in the degradation of ecosystem services and quality of urban life. Remote sensing and GIS tools can provide valuable information to deepen our understanding of the dynamics of these changes to better plan and build sustainable cities for the future. Using remote sensing data, socio-economic data, and field observations, we simulated spatiotemporal dynamics of land use and land cover changes in the city of Thimphu. Simulation results reve...","Introduction: Global cities, which are the engines of economic development 
These studies have generated highly credible information on the state of land use changes and their drivers, which can inform better decision making for sustainable planning of cities 
The Kingdom of Bhutan is located in the rugged landscape of the eastern Himalayas between 88 ˚54' and 92 ˚10 
The impact of LULC changes are more serious in the cities than other areas mainly due to pressures from population, developmental..."
Query_4,"(1993)'}], '#text': ""An increase of land under [cultivation] can be in the form of either (a) clearing more land within the present territory, or (b) migrating to other areas to develop new land for [cultivation]",1,14,0.4436298608779907,"Land use and land cover change detection and prediction in Bhutan's high altitude city of Thimphu, using cellular automata and Markov chain","Rapid urbanization is changing landscapes often resulting in the degradation of ecosystem services and quality of urban life. Remote sensing and GIS tools can provide valuable information to deepen our understanding of the dynamics of these changes to better plan and build sustainable cities for the future. Using remote sensing data, socio-economic data, and field observations, we simulated spatiotemporal dynamics of land use and land cover changes in the city of Thimphu. Simulation results reve...","Introduction: Global cities, which are the engines of economic development 
These studies have generated highly credible information on the state of land use changes and their drivers, which can inform better decision making for sustainable planning of cities 
The Kingdom of Bhutan is located in the rugged landscape of the eastern Himalayas between 88 ˚54' and 92 ˚10 
The impact of LULC changes are more serious in the cities than other areas mainly due to pressures from population, developmental..."
Query_4,"(1993)'}], '#text': ""An increase of land under [cultivation] can be in the form of either (a) clearing more land within the present territory, or (b) migrating to other areas to develop new land for [cultivation]",1,8,0.44214850664138794,Impacts of land use and land cover change in response to different driving forces in Uganda: evidence from a review,"This reviewe of Land Use Land Cover Change (LULCC) studies in Uganda indicate agriculture, forest, grassland, and woodland as the major land use and land cover types. Central Uganda is the most studied region (15%), followed by western ( ","Introduction: Land use and land cover change (LULCC) can result from both intentional and non-intentional human activities or as a result of natural causes. However, human forces are now known to be altering the natural global landscape at unprecedented magnitudes and at different spatial-temporal scales 
Many studies on LULCC change have been conducted in Uganda at different spatial and temporal scales for different reasons. For example, 
Uganda is geared to attain a middle income economy by 20..."
Query_4,"(1993)'}], '#text': ""An increase of land under [cultivation] can be in the form of either (a) clearing more land within the present territory, or (b) migrating to other areas to develop new land for [cultivation]",1,72,0.44186145067214966,"Predicting the Future Land Use and Land Cover Changes for Bhavani Basin, Tamil Nadu, India Using QGIS MOLUSCE Plugin","Human population growth, movement, and 9 demand have a substantial impact on land use 10 and land cover dynamics. Thematic maps of land 11 use and land cover (LULC) serve as a reference 12 for scrutinizing, source administration, and 13 forecasting, making it easier to establish plans 14 that balance preservation, competing uses, and 15 growth compressions. The objective of this study 16 is to identify the changeover of land-use changes 17 in the Bhavani basin for the two periods 2005 18 and 201...","Untitled Section: 194
Study Area | 195: The Bhavani river basin is located between (Fig.  | Data and Criteria: The source of data set for the study  | 256: The following parameters which were   | Methods: In the Cellular Automation model, the transition probabilities from the ANN learning process are employed to describe the LULC changes. The (MOLUSCE) plugin in Quantum GIS 2.18.24 software is used for this method (Fig.  | Evaluation Correlation: The    | Results and Discussion:  | 475: The tren..."
Query_4,"(1993)'}], '#text': ""An increase of land under [cultivation] can be in the form of either (a) clearing more land within the present territory, or (b) migrating to other areas to develop new land for [cultivation]",1,30,0.44013696908950806,Prediction of Land Cover Model for Central Ambon City in 2041 Using the Cellular Automata Markov Chains Method,"The Ambon city center area based on the 2021-2041 RDTR is a center of economic, educational and cultural activities, this makes economic and population growth focused in this region. This also triggers the arrival of residents from other areas to Ambon City and will have an impact on increasing the provision of land for settlements. This condition is expected to trigger land conversion in this area. This study aims to analyze land cover changes in Ambon City in 2001, 2011, 2021 and predict land ...","INTRODUCTION: Land cover changes are landscape phenomena that play a very important role in environmental changes at the local, national, and global levels 
Each region has a variety of different types of land cover that vary 
Changes in land cover have a significant effect on regional development planning and also on ecosystem functions at all spatial scales, from global to local 
The central area of Ambon City based on the Spatial Detail Plan (RDTR) 2021-2041 is a center of economic, education..."
Query_5,"(2006), who estimate an increase in the national [urban] share of 0.45 percent with a reduction in national rainfall of 1 percent",1,33,0.3632022738456726,Analyzing and Predicting Land Use and Land Cover Changes in New Jersey Using Multi-Layer Perceptron-Markov Chain Model,This study analyzed the changes of land use and land cover (LULC) in New Jersey in the United States from 2007 to 2012. The goal was to identify the driving factors of these changes and to project the five-year trend to 2100. LULC data was obtained from the New Jersey Department of Environmental Protection. The original 86 classes were reclassified to 11 classes. Data analysis and projection were performed using TerrSet 2020. Results from 2007 to 2012 showed that the rate of LULC changes was rel...,"Introduction: Land use and land cover are two closely related concepts. Land cover consists of natural or human-related physical features, such as vegetation, soil, water bodies and urbanization identifiable on the Earth's surface. Land use characterizes how humans utilize these features for the purpose of development and/or conservation. Due to the variability in the land cover types, the management or usage of one type of land cover can be handled differently from area to another within the sa..."
Query_5,"(2006), who estimate an increase in the national [urban] share of 0.45 percent with a reduction in national rainfall of 1 percent",1,47,0.3543965518474579,"Urban sprawl and its impact on land use land cover dynamics of Sekondi-Takoradi metropolitan assembly, Ghana","In Ghana, Sekondi-Takoradi has been one of the preferred cities for many people due to the prevalence of industries, the presence of harbor, and the airport. However, the discovery of oil off the coast of the Western region, where Sekondi-Takoradi is the administrative and economic capital makes it more attractive to people in the area. This has increased the number of urban dwellers and resulted in the conversion of different and Land Use /Land Cover (LULC) forms into urban or built-up areas. U...","Introduction: Since time immemorial, the earth's surface has been changing at different spaces and time scales. These changes, of which some take place at a short time and others at longer years are caused by natural phenomena and human activities 
In recent times, industries and developments are increasing the population of urban dwellers and urban centers. The increase in urban population and urban centers are changing vegetative lands or land covers into impervious surfaces. Although these co..."
Query_5,"(2006), who estimate an increase in the national [urban] share of 0.45 percent with a reduction in national rainfall of 1 percent",1,0,0.35101109743118286,"Land use and land cover change detection and prediction in Bhutan's high altitude city of Thimphu, using cellular automata and Markov chain","Rapid urbanization is changing landscapes often resulting in the degradation of ecosystem services and quality of urban life. Remote sensing and GIS tools can provide valuable information to deepen our understanding of the dynamics of these changes to better plan and build sustainable cities for the future. Using remote sensing data, socio-economic data, and field observations, we simulated spatiotemporal dynamics of land use and land cover changes in the city of Thimphu. Simulation results reve...","Introduction: Global cities, which are the engines of economic development 
These studies have generated highly credible information on the state of land use changes and their drivers, which can inform better decision making for sustainable planning of cities 
The Kingdom of Bhutan is located in the rugged landscape of the eastern Himalayas between 88 ˚54' and 92 ˚10 
The impact of LULC changes are more serious in the cities than other areas mainly due to pressures from population, developmental..."
Query_5,"(2006), who estimate an increase in the national [urban] share of 0.45 percent with a reduction in national rainfall of 1 percent",1,14,0.35101109743118286,"Land use and land cover change detection and prediction in Bhutan's high altitude city of Thimphu, using cellular automata and Markov chain","Rapid urbanization is changing landscapes often resulting in the degradation of ecosystem services and quality of urban life. Remote sensing and GIS tools can provide valuable information to deepen our understanding of the dynamics of these changes to better plan and build sustainable cities for the future. Using remote sensing data, socio-economic data, and field observations, we simulated spatiotemporal dynamics of land use and land cover changes in the city of Thimphu. Simulation results reve...","Introduction: Global cities, which are the engines of economic development 
These studies have generated highly credible information on the state of land use changes and their drivers, which can inform better decision making for sustainable planning of cities 
The Kingdom of Bhutan is located in the rugged landscape of the eastern Himalayas between 88 ˚54' and 92 ˚10 
The impact of LULC changes are more serious in the cities than other areas mainly due to pressures from population, developmental..."
Query_5,"(2006), who estimate an increase in the national [urban] share of 0.45 percent with a reduction in national rainfall of 1 percent",1,56,0.34309765696525574,Assessment of land use land cover change and its effects using artificial neural network-based cellular automation,"The challenge of urban growth and land use land cover (LULC) change is particularly critical in developing countries. The use of remote sensing and GIS has helped to generate LULC thematic maps, which have proven immensely valuable in resource and land-use management, facilitating sustainable development by balancing developmental interests and conservation measures. The research utilized socioeconomic and spatial variables such as slope, elevation, distance from streams, distance from roads, di...","Introduction: The demographic projections suggest that the Central and Southern Asia are poised to emerge as the world's most populous region by 2037 
The significant characteristics of urban sprawl are a rapid decrease in vegetated areas 
The integrated use of remote sensing and GIS has helped immensely in the management of land and natural resources and in understanding the complex linkages between spatial patterns and processes responsible for change 
Cellular automata (CA)-based models are s..."
Query_5,"(2006), who estimate an increase in the national [urban] share of 0.45 percent with a reduction in national rainfall of 1 percent",1,45,0.34053391218185425,"Annual emissions of carbon from land use, land-use change, and forestry from 1850 to 2020","Estimates of the annual emissions of carbon from land use, land-use change, and forestry (LULUCF) are important for constructing global, regional, and national carbon budgets, which in turn help predict future rates of climate change and define potential strategies for mitigation. Here, we update a long-term (1850-2020) series of annual national carbon emissions resulting from LULUCF (https://doi.org/10.7910/DVN/U7GHRH, Houghton and Castanho, 2023), based largely, after 1960, on statistics of la...","Introduction: The annual net exchanges of carbon between land and atmosphere are represented by two terms in the global carbon budget: one term for direct anthropogenic effects (i.e., management) and a second term for natural effects and indirect anthropogenic effects (e.g., the response of terrestrial ecosystems to environmental change) 
One surrogate for the emissions of carbon attributable to management is based on land use, land-use change, and forestry (LULUCF) 
A second approach for estima..."
Query_5,"(2006), who estimate an increase in the national [urban] share of 0.45 percent with a reduction in national rainfall of 1 percent",1,75,0.33918994665145874,"Evaluating land use/cover change associations with urban surface temperature via machine learning and spatial modeling: Past trends and future simulations in Dera Ghazi Khan, Pakistan","While urbanization puts lots of pressure on green areas, the transition of green-to-grey surfaces under land use land cover change is directly related to increased land surface temperature-compromising livability and comfort in cities due to the heat island effect. In this context, we evaluate historical and future associations between land use land cover changes and land surface temperature in Dera Ghazi Khan-one of the top cities in Pakistan-using multi-temporal Landsat data over two decades ....","Introduction: Land use (LU)/land cover (LC) refers to the classification of landscape according to the natural elements and anthropogenic activities. Collectively, the terms are often used as LULC due to their interrelationship 
Cities are considered the locomotive of development. Development practices across the world have accelerated urbanization 
The high LST concentration is primarily influenced by both horizontal and vertical expansion 
To measure variations in LULC and LST in cities, geo-i..."
Query_5,"(2006), who estimate an increase in the national [urban] share of 0.45 percent with a reduction in national rainfall of 1 percent",1,72,0.3384043574333191,"Predicting the Future Land Use and Land Cover Changes for Bhavani Basin, Tamil Nadu, India Using QGIS MOLUSCE Plugin","Human population growth, movement, and 9 demand have a substantial impact on land use 10 and land cover dynamics. Thematic maps of land 11 use and land cover (LULC) serve as a reference 12 for scrutinizing, source administration, and 13 forecasting, making it easier to establish plans 14 that balance preservation, competing uses, and 15 growth compressions. The objective of this study 16 is to identify the changeover of land-use changes 17 in the Bhavani basin for the two periods 2005 18 and 201...","Untitled Section: 194
Study Area | 195: The Bhavani river basin is located between (Fig.  | Data and Criteria: The source of data set for the study  | 256: The following parameters which were   | Methods: In the Cellular Automation model, the transition probabilities from the ANN learning process are employed to describe the LULC changes. The (MOLUSCE) plugin in Quantum GIS 2.18.24 software is used for this method (Fig.  | Evaluation Correlation: The    | Results and Discussion:  | 475: The tren..."
Query_5,"(2006), who estimate an increase in the national [urban] share of 0.45 percent with a reduction in national rainfall of 1 percent",1,107,0.3299645483493805,Spatiotemporal trends of urban-induced land use and land cover change and implications on catchment surface imperviousness,"Urbanization, changes in land use and land cover (LULC), and an increase in population collectively have significant impacts on urban catchments. However, a vast majority of LULC studies have been conducted using readily available satellite imagery, which often presents limitations due to its coarse spatial resolution. Such imagery fails to accurately depict the surface characteristics and diverse spectrum of LULC classifications contained within a single pixel. This study focused on the highly ...","Introduction: Population growth and increased migration to urban areas have contributed to have increased urbanization affecting the LULC dynamics of an area 
The analysis of LULC changes is necessary to determine the extent and magnitude of urban expansion 
Several image classification methods, including the ISO cluster unsupervised classification, Maximum Likelihood (ML), random tree, Support Vector Machine (SVM), and K-nearest neighbor, can be used to produce a LULC map and assess the impact ..."
Query_5,"(2006), who estimate an increase in the national [urban] share of 0.45 percent with a reduction in national rainfall of 1 percent",1,105,0.3284149169921875,"Flooding and its relationship with land cover change, population growth, and road density","This is a PDF file of an article that has undergone enhancements after acceptance, such as the addition of a cover page and metadata, and formatting for readability, but it is not yet the definitive version of record. This version will undergo additional copyediting, typesetting and review before it is published in its final form, but we are providing this version to give early visibility of the article. Please note that, during the production process, errors may be discovered which could affect...","Introduction: Owing to the immense destruction of properties, infrastructure and loss of lives, floods are one of the most destructive natural hazards. The estimated global economic damage associated with floods since the end of the 20th century was 386 billion USD 
Frequent flooding occurs in Bangladesh as a result of severe overflow from three major rivers: the Ganges, Brahmaputra, and Meghna rivers (GBM), and heavy rainfall from upstream and inland locations 
Anthropogenic climate change is e..."
Query_6,").'}]}, {'@xmlns': 'http://www.tei-c.org/ns/1.0', 'head': {'@n': '4.2.', '#text': '[Land use ]change in the study site'}, 'p': {'ref': [{'@type': 'figure', '@target': '#fig_1', '#text': '2a'}, {'@type': 'figure', '@target': '#fig_1', '#text': '2b'}], '#text': 'From 1996 to 2017, the area covered by cropped fields, C, has increased from 40% to 51.3% over the study site area, and from 47% to 64% of the arable lands in the study site due to the loss fallows",2,101,0.3847183585166931,ISPRS Journal of Photogrammetry and Remote Sensing,"Products reveal that land cover change is significant across most land cover classes and time periods. The land cover product was validated using existing reference data from the legacy NLCD 2011 accuracy assessment, applied to the 2011 epoch of the NLCD 2016 product line. The legacy and new NLCD 2011 overall accuracies were 82% and 83%, respectively, (standard error (SE) was 0.5%), demonstrating a small but significant increase in overall accuracy. Between 2001 and 2016, the CONUS landscape exp...","Introduction: Change in land use and land cover type alters biophysical surface characteristics and can lead to major consequences including intensification of climate change, land degradation, and changes to biological diversity and ecosystem services 
However, databases that support large area land system science monitoring are relatively rare. There are numerous initiatives to map land cover globally and regionally, but mapping is not always monitoring. Further, change detection is not monito..."
Query_6,").'}]}, {'@xmlns': 'http://www.tei-c.org/ns/1.0', 'head': {'@n': '4.2.', '#text': '[Land use ]change in the study site'}, 'p': {'ref': [{'@type': 'figure', '@target': '#fig_1', '#text': '2a'}, {'@type': 'figure', '@target': '#fig_1', '#text': '2b'}], '#text': 'From 1996 to 2017, the area covered by cropped fields, C, has increased from 40% to 51.3% over the study site area, and from 47% to 64% of the arable lands in the study site due to the loss fallows",2,116,0.3531014323234558,"Mapping Land Use Land Cover Changes and Their Determinants in the Context of a Massive Free Labour Mobilisation Campaign: Evidence from South Wollo, Ethiopia","Northern Ethiopia is characterised by fragile mountain eco-systems that are highly susceptible to land degradation, impacting food security and livelihoods. This study appraises Land Use Land Cover Changes (LULCC) and their determinants from 2000 to 2020 in Dessie Zuria and Kutaber Woredas. It explores the LULCC and the key anthropogenic drivers of the change over the past 20 years through a mix of satellite imagery and a survey of local understandings. Six land use types (agriculture, forest, a...","Introduction: The sustainability of natural resources has been seriously constrained by enormous land degradation in Ethiopia 
Land degradation in Sub-Saharan Africa (SSA) is widespread. Sixty-five per cent of agricultural land is degraded due to wind and soil erosion, and 28% of the population lives in areas that are prone to land degradation. Specifically, 40% of the grassland, 26% of the forestland, and 12% of the cropland have severe land degradation 
Land degradation is negatively correlate..."
Query_6,").'}]}, {'@xmlns': 'http://www.tei-c.org/ns/1.0', 'head': {'@n': '4.2.', '#text': '[Land use ]change in the study site'}, 'p': {'ref': [{'@type': 'figure', '@target': '#fig_1', '#text': '2a'}, {'@type': 'figure', '@target': '#fig_1', '#text': '2b'}], '#text': 'From 1996 to 2017, the area covered by cropped fields, C, has increased from 40% to 51.3% over the study site area, and from 47% to 64% of the arable lands in the study site due to the loss fallows",2,18,0.3522529602050781,Reconstructing Three Decades of Land Use and Land Cover Changes in Brazilian Biomes with Landsat Archive and Earth Engine,"Brazil has a monitoring system to track annual forest conversion in the Amazon and most recently to monitor the Cerrado biome. However, there is still a gap of annual land use and land cover (LULC) information in all Brazilian biomes in the country. Existing countrywide efforts to map land use and land cover lack regularly updates and high spatial resolution time-series data to better understand historical land use and land cover dynamics, and the subsequent impacts in the country biomes. In thi...","Introduction: Our society is highly dependent on a functional and stable land system for food production, and to access natural resources including water, timber, fiber, ore and fuel, among other ecosystem services and goods 
Brazil is one of the richest biodiversity countries in the world 
Deforestation for pasture and agriculture expansion, infrastructure development, cities, and political and financial incentives to land occupation are the main drivers of LULC changes in the Brazilian biomes,..."
Query_6,").'}]}, {'@xmlns': 'http://www.tei-c.org/ns/1.0', 'head': {'@n': '4.2.', '#text': '[Land use ]change in the study site'}, 'p': {'ref': [{'@type': 'figure', '@target': '#fig_1', '#text': '2a'}, {'@type': 'figure', '@target': '#fig_1', '#text': '2b'}], '#text': 'From 1996 to 2017, the area covered by cropped fields, C, has increased from 40% to 51.3% over the study site area, and from 47% to 64% of the arable lands in the study site due to the loss fallows",2,45,0.348807692527771,"Annual emissions of carbon from land use, land-use change, and forestry from 1850 to 2020","Estimates of the annual emissions of carbon from land use, land-use change, and forestry (LULUCF) are important for constructing global, regional, and national carbon budgets, which in turn help predict future rates of climate change and define potential strategies for mitigation. Here, we update a long-term (1850-2020) series of annual national carbon emissions resulting from LULUCF (https://doi.org/10.7910/DVN/U7GHRH, Houghton and Castanho, 2023), based largely, after 1960, on statistics of la...","Introduction: The annual net exchanges of carbon between land and atmosphere are represented by two terms in the global carbon budget: one term for direct anthropogenic effects (i.e., management) and a second term for natural effects and indirect anthropogenic effects (e.g., the response of terrestrial ecosystems to environmental change) 
One surrogate for the emissions of carbon attributable to management is based on land use, land-use change, and forestry (LULUCF) 
A second approach for estima..."
Query_6,").'}]}, {'@xmlns': 'http://www.tei-c.org/ns/1.0', 'head': {'@n': '4.2.', '#text': '[Land use ]change in the study site'}, 'p': {'ref': [{'@type': 'figure', '@target': '#fig_1', '#text': '2a'}, {'@type': 'figure', '@target': '#fig_1', '#text': '2b'}], '#text': 'From 1996 to 2017, the area covered by cropped fields, C, has increased from 40% to 51.3% over the study site area, and from 47% to 64% of the arable lands in the study site due to the loss fallows",2,64,0.3469145596027374,Remote Sensing of Environment,High-resolution wall-to-wall land-cover mapping and land change assessment for Australia from 1985 to 2015,"Introduction: Land cover has a significant influence on ecosystem function at all spatial scales, from global to local (e.g. 
Land change assessment relies mainly on the availability of classified spatial information, usually supported by ancillary variables 
Advances in land change monitoring are occurring rapidly in response to the increasing availability of high and medium-resolution satellite imagery 
The classification of raw spatial imagery is commonly performed by employing supervised cla..."
Query_6,").'}]}, {'@xmlns': 'http://www.tei-c.org/ns/1.0', 'head': {'@n': '4.2.', '#text': '[Land use ]change in the study site'}, 'p': {'ref': [{'@type': 'figure', '@target': '#fig_1', '#text': '2a'}, {'@type': 'figure', '@target': '#fig_1', '#text': '2b'}], '#text': 'From 1996 to 2017, the area covered by cropped fields, C, has increased from 40% to 51.3% over the study site area, and from 47% to 64% of the arable lands in the study site due to the loss fallows",2,62,0.34643858671188354,"Analysis of Land Use/Land Cover Change and Its Implication On Natural Resources of the Dedo Watershed, Southwest Ethiopia","is study analyzed the land use/land cover (LULC) change and their causes and implications on the natural resources of the Dedo Watershed, Ethiopia. e study used 1984, 2000, and 2017  satellite images to detect the trends of land use/land cover change. Moreover, key informant interviews and focus group discussions were used to identify the driving forces linked to the changes and their impact on the natural resources of the watershed. e study identi ed ve LULC types as follows: cultivation, settl...","Introduction: Land use/land cover change (LULCC) is the modi cation of the Earth's terrestrial surface caused by human activities 
Land use/land cover changes (LULCCs) are triggered by the interplay of socioeconomic and natural environmental factors. Inappropriate farming practices, overgrazing, rapid growth in the human population 
Over the last decades, a number of studies conveyed the occurrences of LULC changes, their causes, and the resulting natural resource degradation in di erent parts o..."
Query_6,").'}]}, {'@xmlns': 'http://www.tei-c.org/ns/1.0', 'head': {'@n': '4.2.', '#text': '[Land use ]change in the study site'}, 'p': {'ref': [{'@type': 'figure', '@target': '#fig_1', '#text': '2a'}, {'@type': 'figure', '@target': '#fig_1', '#text': '2b'}], '#text': 'From 1996 to 2017, the area covered by cropped fields, C, has increased from 40% to 51.3% over the study site area, and from 47% to 64% of the arable lands in the study site due to the loss fallows",2,21,0.3408718407154083,"Analysis of Land Use/land Cover Changes and Prediction of Future Changes With Land Change Modeler: Case of Belek, Turkey","In the areas declared to be a tourism center, a rapid tourism-related development occurs depending on the investments in tourism, which causes a dramatic land use and land cover changes. Determining, monitoring, and modeling of land use and land cover changes are required in order to ensure the conservation-use balance and sustainability within such vulnerable areas that are under the development pressure. This study consists of four steps. In the rst step, the Landsat images dated 1985, 2000, a...","Introduction: Changes of the land use and land cover consist of a complex and dynamic process that occurs under the in uence of natural or anthropogenic activities, affecting the entire ecosystem. Constituting an important part of the ecosystem and being one of the primary scarce resources, coastal areas require planned development to ensure their sustainability and conservation-use balance. These ecologically vulnerable areas should be monitored for their change process over time and their land..."
Query_6,").'}]}, {'@xmlns': 'http://www.tei-c.org/ns/1.0', 'head': {'@n': '4.2.', '#text': '[Land use ]change in the study site'}, 'p': {'ref': [{'@type': 'figure', '@target': '#fig_1', '#text': '2a'}, {'@type': 'figure', '@target': '#fig_1', '#text': '2b'}], '#text': 'From 1996 to 2017, the area covered by cropped fields, C, has increased from 40% to 51.3% over the study site area, and from 47% to 64% of the arable lands in the study site due to the loss fallows",2,69,0.33957910537719727,"Spatiotemporal change detection of land use land cover (LULC) in Fashiakhali wildlife sanctuary (FKWS) impact area, Bangladesh, employing multispectral images and GIS","Land cover change has posed significant concerns to biodiversity and climate change in Bangladesh and globally. Despite the country's designation of forest regions as protected areas to conserve their valuable resources, deforestation and forest conversion remained unabated. Fashiakhali Wildlife Sanctuary (FKWS), a protected area in the Chittagong Hill Tracts, and its surrounding forested impact area have experienced considerable changes over the years, yet are deficient in extensive assessment....","Introduction: The alarming rate of deforestation and its repercussions have raised concerns on a global scale 
Bangladesh is a small developing nation with a vast population size that was around 147 million as of mid-2007 and is predicted to be 222 million by 2050 
The Fashiakhali Wildlife Sanctuary (FKWS), located within Fashiakhali Forest Reserve, is a protected area in the Chittagong Hill Tracts, Bangladesh and was declared a wildlife sanctuary in 2007 
The land cover describes the physical a..."
Query_6,").'}]}, {'@xmlns': 'http://www.tei-c.org/ns/1.0', 'head': {'@n': '4.2.', '#text': '[Land use ]change in the study site'}, 'p': {'ref': [{'@type': 'figure', '@target': '#fig_1', '#text': '2a'}, {'@type': 'figure', '@target': '#fig_1', '#text': '2b'}], '#text': 'From 1996 to 2017, the area covered by cropped fields, C, has increased from 40% to 51.3% over the study site area, and from 47% to 64% of the arable lands in the study site due to the loss fallows",2,76,0.3366433382034302,Assessment of land use and land cover changes in Kenya's Mt. Elgon forest ecosystem,Current land-use trends in Kenya's montane forest ecosystems show that land uses are changing fast due to natural and anthropogenic factors and these changes could have devastating effects on the environment. One such montane forest is the transboundary Mt. Elgon forest located in western Kenya. This study analysed trends in land use-land cover changes in Mt. Elgon forest ecosystem over the last 45 years. Landsat imageries downloaded from the United States Geological Survey archives were used to...,"Untitled Section: ests, bamboo forest, fallow land, tea plantation. The landsat images had an average overall classification accuracy of 87.12% and kappa coefficient (K) of 0.84. The kappa coefficient was rated as substantial and the classified images qualified for further analysis. Results established that there was an 18% decline in the natural forest cover between 1977 and 2019. There was a similar decline of 15.19% in bamboo forest cover. Plantation forests established in the 1990's also sho..."
Query_6,").'}]}, {'@xmlns': 'http://www.tei-c.org/ns/1.0', 'head': {'@n': '4.2.', '#text': '[Land use ]change in the study site'}, 'p': {'ref': [{'@type': 'figure', '@target': '#fig_1', '#text': '2a'}, {'@type': 'figure', '@target': '#fig_1', '#text': '2b'}], '#text': 'From 1996 to 2017, the area covered by cropped fields, C, has increased from 40% to 51.3% over the study site area, and from 47% to 64% of the arable lands in the study site due to the loss fallows",2,61,0.33093690872192383,Impact of land use and land cover change on the landscape pattern and service value of the village ecosystem in the karst desertification control,"Human activities have had a significant impact on ecosystems. Studying landscape patterns and ecosystem services (ES) at the village scale based on land use and land cover (LULC) is essential in addressing current ecosystem issues. Based on GF images, the paper selects village ecosystems of karst desertification control (KDC) as the research object. It uses the landscape pattern index, topographic position index (TPI), and value equivalent method to conduct a spatial and temporal analysis of the...","Introduction: Land use for producing goods and services is the most significant human change to the planet 
Land cover has been changing rapidly due to solid human activities such as agricultural and urban construction 
The value of ecosystem services is a quantitative indicator of ecosystem services 
A growing body of research on land use, landscape patterns, and ecosystem services aim to address scientific questions arising from specific regions and objectives (Q. J. 
Karst landscapes are a ty..."
Query_7,[Agriculture] in this region has been dominated over the past three decades by [cotton] production,2,25,0.46767494082450867,Land use land cover change and the resilience of social-ecological systems in a sub-region in South west Cameroon,"LULCC and magnitude of impact of the drivers and predictors of LULCC in the sub-region by engag-| ing 25 stakeholders in a focus group survey. Other cultivated areas of cropland, built-up, oil palm, and banana plantation covers increased by 21,360 ha (10.5%), 3152 ha (1.6%), 5721 ha (2.8%), and 1823 ha (0.9%), while dense forest, rubber and tea plantation covers decreased by -44,945 ha (-22.1%), -15,557 ha (-7.7%), and -110 ha (-0.1%), respectively, from 1986 to 2018. Most of the deforestation a...","Introduction: Holistically, landscape as a geographical area is characterised by its biophysical contents of observable, natural, and human-induced characteristics, including ecosystem type and socio-cultural relations to areas at different spatial scales 
Decision-making in land use land cover change (LULCC) can be explained, to a large extent, by the socio-economic, climatic, and soil conditions of a location 
SES are integrated complex and adaptive systems, in which social and ecological sub-..."
Query_7,[Agriculture] in this region has been dominated over the past three decades by [cotton] production,2,93,0.46767494082450867,Land use land cover change and the resilience of social-ecological systems in a sub-region in South west Cameroon,"LULCC and magnitude of impact of the drivers and predictors of LULCC in the sub-region by engag-| ing 25 stakeholders in a focus group survey. Other cultivated areas of cropland, built-up, oil palm, and banana plantation covers increased by 21,360 ha (10.5%), 3152 ha (1.6%), 5721 ha (2.8%), and 1823 ha (0.9%), while dense forest, rubber and tea plantation covers decreased by -44,945 ha (-22.1%), -15,557 ha (-7.7%), and -110 ha (-0.1%), respectively, from 1986 to 2018. Most of the deforestation a...","Introduction: Holistically, landscape as a geographical area is characterised by its biophysical contents of observable, natural, and human-induced characteristics, including ecosystem type and socio-cultural relations to areas at different spatial scales 
Decision-making in land use land cover change (LULCC) can be explained, to a large extent, by the socio-economic, climatic, and soil conditions of a location 
SES are integrated complex and adaptive systems, in which social and ecological sub-..."
Query_7,[Agriculture] in this region has been dominated over the past three decades by [cotton] production,2,63,0.43234390020370483,Global land use changes are four times greater than previously estimated,"Quantifying the dynamics of land use change is critical in tackling global societal challenges such as food security, climate change, and biodiversity loss. Here we analyse the dynamics of global land use change at an unprecedented spatial resolution by combining multiple open data streams (remote sensing, reconstructions and statistics) to create the HIstoric Land Dynamics Assessment + (HILDA +). We estimate that land use change has affected almost a third (32%) of the global land area in just ...","Untitled Section: A bout three-quarters of the Earth's land surface has been altered by humans within the last millennium 
Yet, in spite of its societal relevance, understanding how global land use/cover (LUC) has changed across space and through time is limited by a lack of comprehensive data and the large uncertainties within existing LUC reconstructions 
Even in the age of satellites, 'big data' and a growing trend of opening access to information, LUC data are still constrained by fragmented..."
Query_7,[Agriculture] in this region has been dominated over the past three decades by [cotton] production,2,45,0.428096204996109,"Annual emissions of carbon from land use, land-use change, and forestry from 1850 to 2020","Estimates of the annual emissions of carbon from land use, land-use change, and forestry (LULUCF) are important for constructing global, regional, and national carbon budgets, which in turn help predict future rates of climate change and define potential strategies for mitigation. Here, we update a long-term (1850-2020) series of annual national carbon emissions resulting from LULUCF (https://doi.org/10.7910/DVN/U7GHRH, Houghton and Castanho, 2023), based largely, after 1960, on statistics of la...","Introduction: The annual net exchanges of carbon between land and atmosphere are represented by two terms in the global carbon budget: one term for direct anthropogenic effects (i.e., management) and a second term for natural effects and indirect anthropogenic effects (e.g., the response of terrestrial ecosystems to environmental change) 
One surrogate for the emissions of carbon attributable to management is based on land use, land-use change, and forestry (LULUCF) 
A second approach for estima..."
Query_7,[Agriculture] in this region has been dominated over the past three decades by [cotton] production,2,101,0.42501312494277954,ISPRS Journal of Photogrammetry and Remote Sensing,"Products reveal that land cover change is significant across most land cover classes and time periods. The land cover product was validated using existing reference data from the legacy NLCD 2011 accuracy assessment, applied to the 2011 epoch of the NLCD 2016 product line. The legacy and new NLCD 2011 overall accuracies were 82% and 83%, respectively, (standard error (SE) was 0.5%), demonstrating a small but significant increase in overall accuracy. Between 2001 and 2016, the CONUS landscape exp...","Introduction: Change in land use and land cover type alters biophysical surface characteristics and can lead to major consequences including intensification of climate change, land degradation, and changes to biological diversity and ecosystem services 
However, databases that support large area land system science monitoring are relatively rare. There are numerous initiatives to map land cover globally and regionally, but mapping is not always monitoring. Further, change detection is not monito..."
Query_7,[Agriculture] in this region has been dominated over the past three decades by [cotton] production,2,84,0.4149249792098999,Land use and land cover change dynamics of Uzbekistan: a review,"Land use and land cover change (LULCC) is a dynamic process that shapes landscapes, ecosystems, and human societies. In the context of Uzbekistan, a country in Central Asia, LULCC has been driven by a complex interplay of socio-economic, political, and environmental factors. This review provides a comprehensive analysis of the historical trajectories, drivers, and implications of LULCC in Uzbekistan. Through the synthesis of diverse data sources including remote sensing imagery, government repor...","Introduction: The intricate relationship between human societies and their surrounding environment has led to the transformation of landscapes at an unprecedented pace 
Over the past few decades, Uzbekistan has undergone significant LULCC, driven by a myriad of factors ranging from population growth and urbanization to agricultural expansion and industrial development 
This manuscript delves into the multifaceted dimensions of LULCC within the context of Uzbekistan. By synthesizing existing lite..."
Query_7,[Agriculture] in this region has been dominated over the past three decades by [cotton] production,2,8,0.41037479043006897,Impacts of land use and land cover change in response to different driving forces in Uganda: evidence from a review,"This reviewe of Land Use Land Cover Change (LULCC) studies in Uganda indicate agriculture, forest, grassland, and woodland as the major land use and land cover types. Central Uganda is the most studied region (15%), followed by western ( ","Introduction: Land use and land cover change (LULCC) can result from both intentional and non-intentional human activities or as a result of natural causes. However, human forces are now known to be altering the natural global landscape at unprecedented magnitudes and at different spatial-temporal scales 
Many studies on LULCC change have been conducted in Uganda at different spatial and temporal scales for different reasons. For example, 
Uganda is geared to attain a middle income economy by 20..."
Query_7,[Agriculture] in this region has been dominated over the past three decades by [cotton] production,2,62,0.40616172552108765,"Analysis of Land Use/Land Cover Change and Its Implication On Natural Resources of the Dedo Watershed, Southwest Ethiopia","is study analyzed the land use/land cover (LULC) change and their causes and implications on the natural resources of the Dedo Watershed, Ethiopia. e study used 1984, 2000, and 2017  satellite images to detect the trends of land use/land cover change. Moreover, key informant interviews and focus group discussions were used to identify the driving forces linked to the changes and their impact on the natural resources of the watershed. e study identi ed ve LULC types as follows: cultivation, settl...","Introduction: Land use/land cover change (LULCC) is the modi cation of the Earth's terrestrial surface caused by human activities 
Land use/land cover changes (LULCCs) are triggered by the interplay of socioeconomic and natural environmental factors. Inappropriate farming practices, overgrazing, rapid growth in the human population 
Over the last decades, a number of studies conveyed the occurrences of LULC changes, their causes, and the resulting natural resource degradation in di erent parts o..."
Query_7,[Agriculture] in this region has been dominated over the past three decades by [cotton] production,2,49,0.3983374238014221,"7 Agriculture, Forestry and Other Land Uses (AFOLU)","AFOLU CO 2 sink in Europe due to forest regrowth and known other sinks in managed forests, and medium confidence of a net sink in North America and Eurasia since 2010.
Difference in Results?
The processes responsible for fluxes from land have been divided into three categories 
Global models estimate the anthropogenic land CO 2 flux considering only the impact of direct effects, and only those areas that were subject to intense and direct management such as clear-cut harvest. It is important to ...","7.7: Knowledge Gaps �������������������������������������������������������������������������� 830
Frequently Asked Questions (FAQs) ������������������������������������������������ 831 FAQ 7.1: Why is the Agriculture, Forestry and Other Land Uses (AFOLU) sector unique when considering GHG mitigation? ����������� 831 FAQ 7.2: What AFOLU measures have the greatest economic mitigation potential? 831 FAQ 7.3: What are potential impacts of large-scale establishment of dedicated bioenergy plantations..."
Query_7,[Agriculture] in this region has been dominated over the past three decades by [cotton] production,2,116,0.39688700437545776,"Mapping Land Use Land Cover Changes and Their Determinants in the Context of a Massive Free Labour Mobilisation Campaign: Evidence from South Wollo, Ethiopia","Northern Ethiopia is characterised by fragile mountain eco-systems that are highly susceptible to land degradation, impacting food security and livelihoods. This study appraises Land Use Land Cover Changes (LULCC) and their determinants from 2000 to 2020 in Dessie Zuria and Kutaber Woredas. It explores the LULCC and the key anthropogenic drivers of the change over the past 20 years through a mix of satellite imagery and a survey of local understandings. Six land use types (agriculture, forest, a...","Introduction: The sustainability of natural resources has been seriously constrained by enormous land degradation in Ethiopia 
Land degradation in Sub-Saharan Africa (SSA) is widespread. Sixty-five per cent of agricultural land is degraded due to wind and soil erosion, and 28% of the population lives in areas that are prone to land degradation. Specifically, 40% of the grassland, 26% of the forestland, and 12% of the cropland have severe land degradation 
Land degradation is negatively correlate..."
Query_8,"[Forest] land was decreased nearly by half in 2002 compared to its coverage in 1984, while the size of the gallery [forest] did not change much",2,101,0.637850284576416,ISPRS Journal of Photogrammetry and Remote Sensing,"Products reveal that land cover change is significant across most land cover classes and time periods. The land cover product was validated using existing reference data from the legacy NLCD 2011 accuracy assessment, applied to the 2011 epoch of the NLCD 2016 product line. The legacy and new NLCD 2011 overall accuracies were 82% and 83%, respectively, (standard error (SE) was 0.5%), demonstrating a small but significant increase in overall accuracy. Between 2001 and 2016, the CONUS landscape exp...","Introduction: Change in land use and land cover type alters biophysical surface characteristics and can lead to major consequences including intensification of climate change, land degradation, and changes to biological diversity and ecosystem services 
However, databases that support large area land system science monitoring are relatively rare. There are numerous initiatives to map land cover globally and regionally, but mapping is not always monitoring. Further, change detection is not monito..."
Query_8,"[Forest] land was decreased nearly by half in 2002 compared to its coverage in 1984, while the size of the gallery [forest] did not change much",2,11,0.6340261697769165,Land Use Policy,"Information on Land Use and Land Cover (LULC) changes and the driving forces behind such modifications underpin a proper understanding of the dynamics of LULC changes. This study aimed to analyse the dynamics of LULC change trends and its driving factors in Jimma Geneti District (JGD) for the year 1973-2019. Five satellite images downloaded from USGS were used to analyze and assess the geospatial and temporal changes in LULC. In addition, in-depth household interviews, key informant interview, f...","Introduction: Land is an indispensable natural resource, which has enormous economic, social and biophysical uses. As a result, land use and land cover (LULC) are under a continuous changes mainly because of societal development and natural causes. LULC changes are fundamental processes on the earth's surface and have significant impacts on human society, climate, biodiversity, hydrological cycles, ecosystems, biogeochemical cycles and many other processes 
Changes in land cover have become key ..."
Query_8,"[Forest] land was decreased nearly by half in 2002 compared to its coverage in 1984, while the size of the gallery [forest] did not change much",2,67,0.5687923431396484,"Trees, Forests and People","The present study examines the land use land cover (LULC) and change detection impacts on forest ecosystem in Achanakmaar Amarkantak Biosphere Reserve (AABR -area 626.76 km 2 ) of Central India. Results revealed that there has been a change in AABR land use pattern from 2008 to 2018. The major changes include loss of 19.72 km 2 of vegetation cover in various forest types due to increasing biotic interference and over grazing, conversion of 14.77 km 2 of Dense Sal mixed forest to open mixed fores...","Introduction: Undulating geography with anecdotal slopes covered with different forest type's viz. Dense mixed and Sal mixed forests, Bamboo plantations, Teak forest, Open mixed forest and manmade plantations harbor huge amount of diversity in and around the Achanakmaar Amarkantak Biosphere Reserve (AABR). There are many plant species endemic to this area such as Cupressus torulosa, Araucaria bidwilli, Thuja oreintalis, Pinus caribbea etc and are well distributed ( https://www.indianetzone. com/..."
Query_8,"[Forest] land was decreased nearly by half in 2002 compared to its coverage in 1984, while the size of the gallery [forest] did not change much",2,69,0.5638777017593384,"Spatiotemporal change detection of land use land cover (LULC) in Fashiakhali wildlife sanctuary (FKWS) impact area, Bangladesh, employing multispectral images and GIS","Land cover change has posed significant concerns to biodiversity and climate change in Bangladesh and globally. Despite the country's designation of forest regions as protected areas to conserve their valuable resources, deforestation and forest conversion remained unabated. Fashiakhali Wildlife Sanctuary (FKWS), a protected area in the Chittagong Hill Tracts, and its surrounding forested impact area have experienced considerable changes over the years, yet are deficient in extensive assessment....","Introduction: The alarming rate of deforestation and its repercussions have raised concerns on a global scale 
Bangladesh is a small developing nation with a vast population size that was around 147 million as of mid-2007 and is predicted to be 222 million by 2050 
The Fashiakhali Wildlife Sanctuary (FKWS), located within Fashiakhali Forest Reserve, is a protected area in the Chittagong Hill Tracts, Bangladesh and was declared a wildlife sanctuary in 2007 
The land cover describes the physical a..."
Query_8,"[Forest] land was decreased nearly by half in 2002 compared to its coverage in 1984, while the size of the gallery [forest] did not change much",2,76,0.5584942102432251,Assessment of land use and land cover changes in Kenya's Mt. Elgon forest ecosystem,Current land-use trends in Kenya's montane forest ecosystems show that land uses are changing fast due to natural and anthropogenic factors and these changes could have devastating effects on the environment. One such montane forest is the transboundary Mt. Elgon forest located in western Kenya. This study analysed trends in land use-land cover changes in Mt. Elgon forest ecosystem over the last 45 years. Landsat imageries downloaded from the United States Geological Survey archives were used to...,"Untitled Section: ests, bamboo forest, fallow land, tea plantation. The landsat images had an average overall classification accuracy of 87.12% and kappa coefficient (K) of 0.84. The kappa coefficient was rated as substantial and the classified images qualified for further analysis. Results established that there was an 18% decline in the natural forest cover between 1977 and 2019. There was a similar decline of 15.19% in bamboo forest cover. Plantation forests established in the 1990's also sho..."
Query_8,"[Forest] land was decreased nearly by half in 2002 compared to its coverage in 1984, while the size of the gallery [forest] did not change much",2,29,0.543165922164917,Land use and land cover changes along the China-Myanmar Oil and Gas pipelines -Monitoring infrastructure development in remote conflict-prone regions,"Energy infrastructures can have negative impacts on the environment. In remote and / or sparsely populated as well as in conflict-prone regions, these can be difficult to assess, in particular when they are of a large scale. Analyzing land use and land cover changes can be an important initial step towards establishing the quantity and quality of impacts. Drawing from very-high-resolution-multi-temporal-satellite-imagery, this paper reports on a study which employed the Random Forest Classifier ...","Introduction: Energy development has various potential environmental and social challenges. While coal, oil and gas generation have been the primary focus of research on how landscapes may change, pipeline operations have received less attention. However, over recent years, oil and gas pipelines have undergone substantial expansion globally 
With demand for energy growing very rapidly in China and India, Myanmar, sandwiched between them, has become both, a significant energy source and a transit..."
Query_8,"[Forest] land was decreased nearly by half in 2002 compared to its coverage in 1984, while the size of the gallery [forest] did not change much",2,45,0.5318114757537842,"Annual emissions of carbon from land use, land-use change, and forestry from 1850 to 2020","Estimates of the annual emissions of carbon from land use, land-use change, and forestry (LULUCF) are important for constructing global, regional, and national carbon budgets, which in turn help predict future rates of climate change and define potential strategies for mitigation. Here, we update a long-term (1850-2020) series of annual national carbon emissions resulting from LULUCF (https://doi.org/10.7910/DVN/U7GHRH, Houghton and Castanho, 2023), based largely, after 1960, on statistics of la...","Introduction: The annual net exchanges of carbon between land and atmosphere are represented by two terms in the global carbon budget: one term for direct anthropogenic effects (i.e., management) and a second term for natural effects and indirect anthropogenic effects (e.g., the response of terrestrial ecosystems to environmental change) 
One surrogate for the emissions of carbon attributable to management is based on land use, land-use change, and forestry (LULUCF) 
A second approach for estima..."
Query_8,"[Forest] land was decreased nearly by half in 2002 compared to its coverage in 1984, while the size of the gallery [forest] did not change much",2,40,0.5310568809509277,LAND USE/LAND COVER CHANGE PREDICTION USING MULTI-TEMPORAL SATELLITE IMAGERY AND MULTI-LAYER PERCEPTRON MARKOV MODEL,"This paper aims to predict the trend of land use land cover (LULC) changes in Dak Nong province over time. Data from Landsat images captured in 2009, 2015, and 2018 was employed to analyze and predict the spatial distributions of LULC categories. The Random Forest (RF) was adopted to classify the images into ten different LULC classes. Besides, integration of Multi-Layer Perceptron Markov Neural Network (MLP-NN) with Markov Chain (MC) was applied to predict the future LULC changes in the region ...","INTRODUCTION: Changes in land use land cover (LULC) relevant to anthropogenic activities have significantly changed the biological and geochemical processes on earth contributing to global environmental concerns 
Remote sensing (RS) and geographic information systems (GIS) have been popularly adopted as essential and useful tools in obtaining accurate spatial data of LULC and quantifying the alternations of spatial data. The application of the CA-Markov model in predicting LULC changes has conve..."
Query_8,"[Forest] land was decreased nearly by half in 2002 compared to its coverage in 1984, while the size of the gallery [forest] did not change much",2,114,0.5293939113616943,"Land-Use and Land-Cover Changes in Dong Trieu District, Vietnam, during Past Two Decades and Their Driving Forces","Land-use and land-cover (LULC) change analyses are useful in understanding the changes in our living environments and their driving factors. Modeling changes of LULC in the future, together with the driving factors derived through analyzing the trends of past LULC changes, bring the opportunity to assess and orientate the current and future land-use policies. As the entryway of Quang Ninh province, Vietnam, Dong Trieu locale has experienced significant LULC changes during the past two decades. I...","Introduction: In 2018, 55% of the total world populace lived in metropolitan areas. Projections show that urbanization, with the increasing trend of the total populace, could add another 2.5 billion individuals to metropolitan territories by 2050, with nearly 90% of this increment occurring in Asia and Africa 
Change detection is an important application of remote sensing, by observing objects or phenomena at different times through earth-orbiting satellites 
Land use depends on the indigenous h..."
Query_8,"[Forest] land was decreased nearly by half in 2002 compared to its coverage in 1984, while the size of the gallery [forest] did not change much",2,113,0.5179026126861572,Land Use and Land Cover in Tropical Forest: Global Research,"Tropical ecosystems play an important role in the environment. They provide multiple ecosystem services, such as carbon capture and sequestration, food supply, and climate regulation. Studying land use and land cover change makes it possible to understand the land's alterations associated with deforestation, degradation, erosion, soil desertification, and biodiversity loss. The objective of this study is to evaluate the different approaches to land use and land cover research in tropical forests...","Introduction: Tropical forests differentiate between neotropical (New World) and paleotropical (Old World) 
Tropical forests are classified according to their elevation, annual rainfall, and degree of seasonality. They fall into four main types: ever-humid, semi-green, dry, and montane deciduous forests 
The Amazon houses approximately 30% of the world's tropical forests 
Tropical forests play a vital role in the conservation of biodiversity, climate change, and the regulation of the water cycle..."
Query_9,"About 26 and 31% of the total area of natural vegetation ([forest], woodland and tree [savanna]) will be converted to farmland and degraded [savanna] by 2050 if we assume the dynamics recorded from 1975 to 1990 and 1990-2010, respectively",2,101,0.5873903036117554,ISPRS Journal of Photogrammetry and Remote Sensing,"Products reveal that land cover change is significant across most land cover classes and time periods. The land cover product was validated using existing reference data from the legacy NLCD 2011 accuracy assessment, applied to the 2011 epoch of the NLCD 2016 product line. The legacy and new NLCD 2011 overall accuracies were 82% and 83%, respectively, (standard error (SE) was 0.5%), demonstrating a small but significant increase in overall accuracy. Between 2001 and 2016, the CONUS landscape exp...","Introduction: Change in land use and land cover type alters biophysical surface characteristics and can lead to major consequences including intensification of climate change, land degradation, and changes to biological diversity and ecosystem services 
However, databases that support large area land system science monitoring are relatively rare. There are numerous initiatives to map land cover globally and regionally, but mapping is not always monitoring. Further, change detection is not monito..."
Query_9,"About 26 and 31% of the total area of natural vegetation ([forest], woodland and tree [savanna]) will be converted to farmland and degraded [savanna] by 2050 if we assume the dynamics recorded from 1975 to 1990 and 1990-2010, respectively",2,45,0.5837938785552979,"Annual emissions of carbon from land use, land-use change, and forestry from 1850 to 2020","Estimates of the annual emissions of carbon from land use, land-use change, and forestry (LULUCF) are important for constructing global, regional, and national carbon budgets, which in turn help predict future rates of climate change and define potential strategies for mitigation. Here, we update a long-term (1850-2020) series of annual national carbon emissions resulting from LULUCF (https://doi.org/10.7910/DVN/U7GHRH, Houghton and Castanho, 2023), based largely, after 1960, on statistics of la...","Introduction: The annual net exchanges of carbon between land and atmosphere are represented by two terms in the global carbon budget: one term for direct anthropogenic effects (i.e., management) and a second term for natural effects and indirect anthropogenic effects (e.g., the response of terrestrial ecosystems to environmental change) 
One surrogate for the emissions of carbon attributable to management is based on land use, land-use change, and forestry (LULUCF) 
A second approach for estima..."
Query_9,"About 26 and 31% of the total area of natural vegetation ([forest], woodland and tree [savanna]) will be converted to farmland and degraded [savanna] by 2050 if we assume the dynamics recorded from 1975 to 1990 and 1990-2010, respectively",2,11,0.575317919254303,Land Use Policy,"Information on Land Use and Land Cover (LULC) changes and the driving forces behind such modifications underpin a proper understanding of the dynamics of LULC changes. This study aimed to analyse the dynamics of LULC change trends and its driving factors in Jimma Geneti District (JGD) for the year 1973-2019. Five satellite images downloaded from USGS were used to analyze and assess the geospatial and temporal changes in LULC. In addition, in-depth household interviews, key informant interview, f...","Introduction: Land is an indispensable natural resource, which has enormous economic, social and biophysical uses. As a result, land use and land cover (LULC) are under a continuous changes mainly because of societal development and natural causes. LULC changes are fundamental processes on the earth's surface and have significant impacts on human society, climate, biodiversity, hydrological cycles, ecosystems, biogeochemical cycles and many other processes 
Changes in land cover have become key ..."
Query_9,"About 26 and 31% of the total area of natural vegetation ([forest], woodland and tree [savanna]) will be converted to farmland and degraded [savanna] by 2050 if we assume the dynamics recorded from 1975 to 1990 and 1990-2010, respectively",2,63,0.5650042295455933,Global land use changes are four times greater than previously estimated,"Quantifying the dynamics of land use change is critical in tackling global societal challenges such as food security, climate change, and biodiversity loss. Here we analyse the dynamics of global land use change at an unprecedented spatial resolution by combining multiple open data streams (remote sensing, reconstructions and statistics) to create the HIstoric Land Dynamics Assessment + (HILDA +). We estimate that land use change has affected almost a third (32%) of the global land area in just ...","Untitled Section: A bout three-quarters of the Earth's land surface has been altered by humans within the last millennium 
Yet, in spite of its societal relevance, understanding how global land use/cover (LUC) has changed across space and through time is limited by a lack of comprehensive data and the large uncertainties within existing LUC reconstructions 
Even in the age of satellites, 'big data' and a growing trend of opening access to information, LUC data are still constrained by fragmented..."
Query_9,"About 26 and 31% of the total area of natural vegetation ([forest], woodland and tree [savanna]) will be converted to farmland and degraded [savanna] by 2050 if we assume the dynamics recorded from 1975 to 1990 and 1990-2010, respectively",2,114,0.5279756784439087,"Land-Use and Land-Cover Changes in Dong Trieu District, Vietnam, during Past Two Decades and Their Driving Forces","Land-use and land-cover (LULC) change analyses are useful in understanding the changes in our living environments and their driving factors. Modeling changes of LULC in the future, together with the driving factors derived through analyzing the trends of past LULC changes, bring the opportunity to assess and orientate the current and future land-use policies. As the entryway of Quang Ninh province, Vietnam, Dong Trieu locale has experienced significant LULC changes during the past two decades. I...","Introduction: In 2018, 55% of the total world populace lived in metropolitan areas. Projections show that urbanization, with the increasing trend of the total populace, could add another 2.5 billion individuals to metropolitan territories by 2050, with nearly 90% of this increment occurring in Asia and Africa 
Change detection is an important application of remote sensing, by observing objects or phenomena at different times through earth-orbiting satellites 
Land use depends on the indigenous h..."
Query_9,"About 26 and 31% of the total area of natural vegetation ([forest], woodland and tree [savanna]) will be converted to farmland and degraded [savanna] by 2050 if we assume the dynamics recorded from 1975 to 1990 and 1990-2010, respectively",2,61,0.5232267379760742,Impact of land use and land cover change on the landscape pattern and service value of the village ecosystem in the karst desertification control,"Human activities have had a significant impact on ecosystems. Studying landscape patterns and ecosystem services (ES) at the village scale based on land use and land cover (LULC) is essential in addressing current ecosystem issues. Based on GF images, the paper selects village ecosystems of karst desertification control (KDC) as the research object. It uses the landscape pattern index, topographic position index (TPI), and value equivalent method to conduct a spatial and temporal analysis of the...","Introduction: Land use for producing goods and services is the most significant human change to the planet 
Land cover has been changing rapidly due to solid human activities such as agricultural and urban construction 
The value of ecosystem services is a quantitative indicator of ecosystem services 
A growing body of research on land use, landscape patterns, and ecosystem services aim to address scientific questions arising from specific regions and objectives (Q. J. 
Karst landscapes are a ty..."
Query_9,"About 26 and 31% of the total area of natural vegetation ([forest], woodland and tree [savanna]) will be converted to farmland and degraded [savanna] by 2050 if we assume the dynamics recorded from 1975 to 1990 and 1990-2010, respectively",2,33,0.5113047361373901,Analyzing and Predicting Land Use and Land Cover Changes in New Jersey Using Multi-Layer Perceptron-Markov Chain Model,This study analyzed the changes of land use and land cover (LULC) in New Jersey in the United States from 2007 to 2012. The goal was to identify the driving factors of these changes and to project the five-year trend to 2100. LULC data was obtained from the New Jersey Department of Environmental Protection. The original 86 classes were reclassified to 11 classes. Data analysis and projection were performed using TerrSet 2020. Results from 2007 to 2012 showed that the rate of LULC changes was rel...,"Introduction: Land use and land cover are two closely related concepts. Land cover consists of natural or human-related physical features, such as vegetation, soil, water bodies and urbanization identifiable on the Earth's surface. Land use characterizes how humans utilize these features for the purpose of development and/or conservation. Due to the variability in the land cover types, the management or usage of one type of land cover can be handled differently from area to another within the sa..."
Query_9,"About 26 and 31% of the total area of natural vegetation ([forest], woodland and tree [savanna]) will be converted to farmland and degraded [savanna] by 2050 if we assume the dynamics recorded from 1975 to 1990 and 1990-2010, respectively",2,67,0.5108498334884644,"Trees, Forests and People","The present study examines the land use land cover (LULC) and change detection impacts on forest ecosystem in Achanakmaar Amarkantak Biosphere Reserve (AABR -area 626.76 km 2 ) of Central India. Results revealed that there has been a change in AABR land use pattern from 2008 to 2018. The major changes include loss of 19.72 km 2 of vegetation cover in various forest types due to increasing biotic interference and over grazing, conversion of 14.77 km 2 of Dense Sal mixed forest to open mixed fores...","Introduction: Undulating geography with anecdotal slopes covered with different forest type's viz. Dense mixed and Sal mixed forests, Bamboo plantations, Teak forest, Open mixed forest and manmade plantations harbor huge amount of diversity in and around the Achanakmaar Amarkantak Biosphere Reserve (AABR). There are many plant species endemic to this area such as Cupressus torulosa, Araucaria bidwilli, Thuja oreintalis, Pinus caribbea etc and are well distributed ( https://www.indianetzone. com/..."
Query_9,"About 26 and 31% of the total area of natural vegetation ([forest], woodland and tree [savanna]) will be converted to farmland and degraded [savanna] by 2050 if we assume the dynamics recorded from 1975 to 1990 and 1990-2010, respectively",2,71,0.5084851384162903,"Analysis of carbon emissions from land cover change during 2000 to 2020 in Shandong Province, China","Land cover change affects the carbon emissions of ecosystems in some way. The qualitative and quantitative understanding of carbon emissions from human activities (e.g., land cover change, industrial production, etc.) is highly significant for realizing the objective of carbon neutrality. Therefore, this paper used GlobeLand30 land cover maps, annual average normalised difference vegetation index (NDVI) data, annual average net ecosystem productivity (NEP) data and statistical yearbook data from...","Untitled Section: provinces in mainland China from 2000 to 2015 
On 15 September 2020, the 30 m Global Land Cover 2020 remote sensing mapping data was released. The GlobeLand30 data consists of 10 primary types, e.g., cultivated land, forest, grassland, shrub land, wetland, water bodies, artificial surfaces, bare land, etc 
According to the China Emission Accounts and Datasets (CEADs), Shandong Province ranks among the top five provinces in China in terms of total carbon emissions, and is a prov..."
Query_9,"About 26 and 31% of the total area of natural vegetation ([forest], woodland and tree [savanna]) will be converted to farmland and degraded [savanna] by 2050 if we assume the dynamics recorded from 1975 to 1990 and 1990-2010, respectively",2,57,0.50797438621521,"Vegetation Trends, Drought Severity and Land Use-Land Cover Change during the Growing Season in Semi-Arid Contexts","Drought severity and impact assessments are necessary to effectively monitor droughts in semi-arid contexts. However, little is known about the influence land use-land cover (LULC) has-in terms of the differences in annual sizes and configurations-on drought effects. Coupling remote sensing and Geographic Information System techniques, drought evolution was assessed and mapped. During the growing season, drought severity and the effects on LULC were examined and whether these differed between ar...","Introduction: Drought as a slow-onset event is increasingly an environmental hazard due to its negative impacts on natural and human systems, including livelihoods  | Materials and Methods:  | Description of the Study Location: Seventeen constituencies in the Central District of Botswana (CDB) in the eastern part of the country were used as case studies (Figure 
based resources upon which much of livelihoods are dependent would either be exacerbated or ameliorated depending on how the land is pu..."
Query_10,"Although such schemes clearly have the potential to benefit biodiversity and the wider environment, further research is required to quantify the benefits and risks, assess the scales over which benefits are being and are likely to be delivered, and to assess the socio-economic implications for livelihoods and land-use .'}]}, {'@xmlns': 'http://www.tei-c.org/ns/1.0', 'head': {'@n': '4.3.', '#text': 'Wider implications'}, 'p': {'ref': [{'@type': 'figure', '@target': '#fig_0', '#text': '1'}, {'@type': 'bibr', '@target': '#b54', '#text': '(Laporte et al., 2007)'}, {'@type': 'bibr', '#text': '(Laurance et al., 2006a,b;'}, {'@type': 'bibr', '@target': '#b89', '#text': 'Wilkie et al., 2000;'}, {'@type': 'bibr', '@target': '#b92', '#text': 'Zhang et al., 2006)'}, {'@type': 'bibr', '@target': '#b16', '#text': '(Butler and Laurance, 2008)'}], '#text': 'The tropical [forest] zone in West Africa has experienced centuries of human modification, leading to a substantial decline in [forest] cover and loss of [forest] biodiversity",1,2,0.43636083602905273,Land-use change and biodiversity: Challenges for assembling evidence on the greatest threat to nature,"Land-use change is considered the greatest threat to nature, having caused worldwide declines in the abundance, diversity, and health of species and ecosystems. Despite increasing research on this global change driver, there are still challenges to forming an effective synthesis. The estimated impact of land-use change on biodiversity can depend on location, research methods, and taxonomic focus, with recent global metaanalyses reaching disparate conclusions. Here, we critically appraise this re...","| INTRODUC TI ON: The IPBES 2019 global report ranked land-use change as the greatest driver of declines in nature and biodiversity. Combined with the direct exploitation of nature through hunting, fishing, logging, and harvesting, these threats are thought to account for more than 50% of the human impacts on terrestrial and freshwater ecosystems 
It is estimated that the biodiversity of terrestrial communities has declined on average by more than one-fifth 
Land-use change can have direct impac..."
Query_10,"Although such schemes clearly have the potential to benefit biodiversity and the wider environment, further research is required to quantify the benefits and risks, assess the scales over which benefits are being and are likely to be delivered, and to assess the socio-economic implications for livelihoods and land-use .'}]}, {'@xmlns': 'http://www.tei-c.org/ns/1.0', 'head': {'@n': '4.3.', '#text': 'Wider implications'}, 'p': {'ref': [{'@type': 'figure', '@target': '#fig_0', '#text': '1'}, {'@type': 'bibr', '@target': '#b54', '#text': '(Laporte et al., 2007)'}, {'@type': 'bibr', '#text': '(Laurance et al., 2006a,b;'}, {'@type': 'bibr', '@target': '#b89', '#text': 'Wilkie et al., 2000;'}, {'@type': 'bibr', '@target': '#b92', '#text': 'Zhang et al., 2006)'}, {'@type': 'bibr', '@target': '#b16', '#text': '(Butler and Laurance, 2008)'}], '#text': 'The tropical [forest] zone in West Africa has experienced centuries of human modification, leading to a substantial decline in [forest] cover and loss of [forest] biodiversity",1,61,0.3928235173225403,Impact of land use and land cover change on the landscape pattern and service value of the village ecosystem in the karst desertification control,"Human activities have had a significant impact on ecosystems. Studying landscape patterns and ecosystem services (ES) at the village scale based on land use and land cover (LULC) is essential in addressing current ecosystem issues. Based on GF images, the paper selects village ecosystems of karst desertification control (KDC) as the research object. It uses the landscape pattern index, topographic position index (TPI), and value equivalent method to conduct a spatial and temporal analysis of the...","Introduction: Land use for producing goods and services is the most significant human change to the planet 
Land cover has been changing rapidly due to solid human activities such as agricultural and urban construction 
The value of ecosystem services is a quantitative indicator of ecosystem services 
A growing body of research on land use, landscape patterns, and ecosystem services aim to address scientific questions arising from specific regions and objectives (Q. J. 
Karst landscapes are a ty..."
Query_10,"Although such schemes clearly have the potential to benefit biodiversity and the wider environment, further research is required to quantify the benefits and risks, assess the scales over which benefits are being and are likely to be delivered, and to assess the socio-economic implications for livelihoods and land-use .'}]}, {'@xmlns': 'http://www.tei-c.org/ns/1.0', 'head': {'@n': '4.3.', '#text': 'Wider implications'}, 'p': {'ref': [{'@type': 'figure', '@target': '#fig_0', '#text': '1'}, {'@type': 'bibr', '@target': '#b54', '#text': '(Laporte et al., 2007)'}, {'@type': 'bibr', '#text': '(Laurance et al., 2006a,b;'}, {'@type': 'bibr', '@target': '#b89', '#text': 'Wilkie et al., 2000;'}, {'@type': 'bibr', '@target': '#b92', '#text': 'Zhang et al., 2006)'}, {'@type': 'bibr', '@target': '#b16', '#text': '(Butler and Laurance, 2008)'}], '#text': 'The tropical [forest] zone in West Africa has experienced centuries of human modification, leading to a substantial decline in [forest] cover and loss of [forest] biodiversity",1,45,0.3694581091403961,"Annual emissions of carbon from land use, land-use change, and forestry from 1850 to 2020","Estimates of the annual emissions of carbon from land use, land-use change, and forestry (LULUCF) are important for constructing global, regional, and national carbon budgets, which in turn help predict future rates of climate change and define potential strategies for mitigation. Here, we update a long-term (1850-2020) series of annual national carbon emissions resulting from LULUCF (https://doi.org/10.7910/DVN/U7GHRH, Houghton and Castanho, 2023), based largely, after 1960, on statistics of la...","Introduction: The annual net exchanges of carbon between land and atmosphere are represented by two terms in the global carbon budget: one term for direct anthropogenic effects (i.e., management) and a second term for natural effects and indirect anthropogenic effects (e.g., the response of terrestrial ecosystems to environmental change) 
One surrogate for the emissions of carbon attributable to management is based on land use, land-use change, and forestry (LULUCF) 
A second approach for estima..."
Query_10,"Although such schemes clearly have the potential to benefit biodiversity and the wider environment, further research is required to quantify the benefits and risks, assess the scales over which benefits are being and are likely to be delivered, and to assess the socio-economic implications for livelihoods and land-use .'}]}, {'@xmlns': 'http://www.tei-c.org/ns/1.0', 'head': {'@n': '4.3.', '#text': 'Wider implications'}, 'p': {'ref': [{'@type': 'figure', '@target': '#fig_0', '#text': '1'}, {'@type': 'bibr', '@target': '#b54', '#text': '(Laporte et al., 2007)'}, {'@type': 'bibr', '#text': '(Laurance et al., 2006a,b;'}, {'@type': 'bibr', '@target': '#b89', '#text': 'Wilkie et al., 2000;'}, {'@type': 'bibr', '@target': '#b92', '#text': 'Zhang et al., 2006)'}, {'@type': 'bibr', '@target': '#b16', '#text': '(Butler and Laurance, 2008)'}], '#text': 'The tropical [forest] zone in West Africa has experienced centuries of human modification, leading to a substantial decline in [forest] cover and loss of [forest] biodiversity",1,32,0.36717766523361206,Part III Tools to Validate Land Use Cover Maps: A Review,"The use of general descriptive names, registered names, trademarks, service marks, etc. in this publication does not imply, even in the absence of a specific statement, that such names are exempt from the relevant protective laws and regulations and therefore free for general use. The publisher, the authors and the editors are safe to assume that the advice and information in this book are believed to be true and accurate at the date of publication. Neither the publisher nor the authors or the e...","Untitled Section: This chapter sets out the aims of this book and explains the methods and approaches applied in its production. It also aspires to be a guide, offering readers instructions as to how best to use the book. We therefore strongly encourage all readers to read this chapter carefully, so as to gain a clearer understanding of all the different aspects analysed in this book. This chapter also provides essential information for those wishing to do the practical exercises in this book.
W..."
Query_10,"Although such schemes clearly have the potential to benefit biodiversity and the wider environment, further research is required to quantify the benefits and risks, assess the scales over which benefits are being and are likely to be delivered, and to assess the socio-economic implications for livelihoods and land-use .'}]}, {'@xmlns': 'http://www.tei-c.org/ns/1.0', 'head': {'@n': '4.3.', '#text': 'Wider implications'}, 'p': {'ref': [{'@type': 'figure', '@target': '#fig_0', '#text': '1'}, {'@type': 'bibr', '@target': '#b54', '#text': '(Laporte et al., 2007)'}, {'@type': 'bibr', '#text': '(Laurance et al., 2006a,b;'}, {'@type': 'bibr', '@target': '#b89', '#text': 'Wilkie et al., 2000;'}, {'@type': 'bibr', '@target': '#b92', '#text': 'Zhang et al., 2006)'}, {'@type': 'bibr', '@target': '#b16', '#text': '(Butler and Laurance, 2008)'}], '#text': 'The tropical [forest] zone in West Africa has experienced centuries of human modification, leading to a substantial decline in [forest] cover and loss of [forest] biodiversity",1,116,0.36312076449394226,"Mapping Land Use Land Cover Changes and Their Determinants in the Context of a Massive Free Labour Mobilisation Campaign: Evidence from South Wollo, Ethiopia","Northern Ethiopia is characterised by fragile mountain eco-systems that are highly susceptible to land degradation, impacting food security and livelihoods. This study appraises Land Use Land Cover Changes (LULCC) and their determinants from 2000 to 2020 in Dessie Zuria and Kutaber Woredas. It explores the LULCC and the key anthropogenic drivers of the change over the past 20 years through a mix of satellite imagery and a survey of local understandings. Six land use types (agriculture, forest, a...","Introduction: The sustainability of natural resources has been seriously constrained by enormous land degradation in Ethiopia 
Land degradation in Sub-Saharan Africa (SSA) is widespread. Sixty-five per cent of agricultural land is degraded due to wind and soil erosion, and 28% of the population lives in areas that are prone to land degradation. Specifically, 40% of the grassland, 26% of the forestland, and 12% of the cropland have severe land degradation 
Land degradation is negatively correlate..."
Query_10,"Although such schemes clearly have the potential to benefit biodiversity and the wider environment, further research is required to quantify the benefits and risks, assess the scales over which benefits are being and are likely to be delivered, and to assess the socio-economic implications for livelihoods and land-use .'}]}, {'@xmlns': 'http://www.tei-c.org/ns/1.0', 'head': {'@n': '4.3.', '#text': 'Wider implications'}, 'p': {'ref': [{'@type': 'figure', '@target': '#fig_0', '#text': '1'}, {'@type': 'bibr', '@target': '#b54', '#text': '(Laporte et al., 2007)'}, {'@type': 'bibr', '#text': '(Laurance et al., 2006a,b;'}, {'@type': 'bibr', '@target': '#b89', '#text': 'Wilkie et al., 2000;'}, {'@type': 'bibr', '@target': '#b92', '#text': 'Zhang et al., 2006)'}, {'@type': 'bibr', '@target': '#b16', '#text': '(Butler and Laurance, 2008)'}], '#text': 'The tropical [forest] zone in West Africa has experienced centuries of human modification, leading to a substantial decline in [forest] cover and loss of [forest] biodiversity",1,34,0.35854312777519226,"Addressing uncertainty and bias in land use, land use change, and forestry greenhouse gas inventories","National greenhouse gas inventories (NGHGIs) will play an increasingly important role in tracking country progress against United Nations (UN) Paris Agreement commitments. Yet uncertainty in land use, land use change, and forestry (LULUCF) NGHGHI estimates may undermine international confidence in emission reduction claims, particularly for countries that expect forests and agriculture to contribute large near-term GHG reductions. In this paper, we propose an analytical framework for implementin...","Introduction: National greenhouse gas (GHG) inventories (NGHGIs) are the primary tool for tracking anthropogenic (human-induced) GHG emissions at the country, sector, and source category level. Over the coming decade and beyond, NGHGIs will support setting and measuring progress against each country's ""nationally determined contributions"" (NDCs) for reducing GHG emissions under the United Nations (UN) Paris Agreement while also supporting domestic climate policy development and evaluation (UN Fr..."
Query_10,"Although such schemes clearly have the potential to benefit biodiversity and the wider environment, further research is required to quantify the benefits and risks, assess the scales over which benefits are being and are likely to be delivered, and to assess the socio-economic implications for livelihoods and land-use .'}]}, {'@xmlns': 'http://www.tei-c.org/ns/1.0', 'head': {'@n': '4.3.', '#text': 'Wider implications'}, 'p': {'ref': [{'@type': 'figure', '@target': '#fig_0', '#text': '1'}, {'@type': 'bibr', '@target': '#b54', '#text': '(Laporte et al., 2007)'}, {'@type': 'bibr', '#text': '(Laurance et al., 2006a,b;'}, {'@type': 'bibr', '@target': '#b89', '#text': 'Wilkie et al., 2000;'}, {'@type': 'bibr', '@target': '#b92', '#text': 'Zhang et al., 2006)'}, {'@type': 'bibr', '@target': '#b16', '#text': '(Butler and Laurance, 2008)'}], '#text': 'The tropical [forest] zone in West Africa has experienced centuries of human modification, leading to a substantial decline in [forest] cover and loss of [forest] biodiversity",1,42,0.3561003506183624,"Tropical Coastal Land-Use and Land Cover Changes Impact on Ecosystem Service Value during Rapid Urbanization of Benin, West Africa",West African coastal areas including the Beninese coastal zones have undergone an intensification of socio-economic activity in the last few decades that has been strongly driven by the effects of rapid urbanization. This has led to land-use and land cover changes that represent threats to the sustainability of various ecosystem functions. Such dynamics of land use and land cover changes pose challenges to coastal zone management. Correct assessment is vital for policymakers and planners to ensu...,"Introduction: The concept of ecosystem services brings challenges in evaluating and balancing between sustainable socio-economic development and natural resources protection. Scientific assessment of the concept has concerned scholars around the world since the last decade, and it has recently been discussed in the context of Sustainable Development Goals (SDGs), which call for synchronized international efforts towards a more resilient and rational use of ecosystem services 
The assessment of e..."
Query_10,"Although such schemes clearly have the potential to benefit biodiversity and the wider environment, further research is required to quantify the benefits and risks, assess the scales over which benefits are being and are likely to be delivered, and to assess the socio-economic implications for livelihoods and land-use .'}]}, {'@xmlns': 'http://www.tei-c.org/ns/1.0', 'head': {'@n': '4.3.', '#text': 'Wider implications'}, 'p': {'ref': [{'@type': 'figure', '@target': '#fig_0', '#text': '1'}, {'@type': 'bibr', '@target': '#b54', '#text': '(Laporte et al., 2007)'}, {'@type': 'bibr', '#text': '(Laurance et al., 2006a,b;'}, {'@type': 'bibr', '@target': '#b89', '#text': 'Wilkie et al., 2000;'}, {'@type': 'bibr', '@target': '#b92', '#text': 'Zhang et al., 2006)'}, {'@type': 'bibr', '@target': '#b16', '#text': '(Butler and Laurance, 2008)'}], '#text': 'The tropical [forest] zone in West Africa has experienced centuries of human modification, leading to a substantial decline in [forest] cover and loss of [forest] biodiversity",1,97,0.35568729043006897,"Spatio-Temporal Changes of Land-Use/Land Cover Change and the Effects on Ecosystem Service Values in Derong County, China, from 1992-2018","Monitoring the spatio-temporal variation of the land-use/land cover change (LULC) and ecosystem service value (ESV) changes will help achieve regional sustainable development and management. Derong County is a part of the Hengduan Mountains area, the most crucial ecological functional area in China, and LULC has changed tremendously in the past 30 years. However, the effects of LULC changes on ecosystem services is not well understood. Based on 1992Based on  , 1995Based on  , 2005Based on  ,  20...","Introduction: Ecosystem services are closely related to human well-being, are essential to human life, and involve all the benefits that humans obtain from natural ecosystems 
Globally, land-use/land cover change (LULC) is an extremely dominant factor affecting the ESV changes 
As a part of the Hengduan Mountains, Derong County is the most representative dry-hot valley region in China 
Based on the research gap identified above and remote sensing data, this study used the revised equivalent fact..."
Query_10,"Although such schemes clearly have the potential to benefit biodiversity and the wider environment, further research is required to quantify the benefits and risks, assess the scales over which benefits are being and are likely to be delivered, and to assess the socio-economic implications for livelihoods and land-use .'}]}, {'@xmlns': 'http://www.tei-c.org/ns/1.0', 'head': {'@n': '4.3.', '#text': 'Wider implications'}, 'p': {'ref': [{'@type': 'figure', '@target': '#fig_0', '#text': '1'}, {'@type': 'bibr', '@target': '#b54', '#text': '(Laporte et al., 2007)'}, {'@type': 'bibr', '#text': '(Laurance et al., 2006a,b;'}, {'@type': 'bibr', '@target': '#b89', '#text': 'Wilkie et al., 2000;'}, {'@type': 'bibr', '@target': '#b92', '#text': 'Zhang et al., 2006)'}, {'@type': 'bibr', '@target': '#b16', '#text': '(Butler and Laurance, 2008)'}], '#text': 'The tropical [forest] zone in West Africa has experienced centuries of human modification, leading to a substantial decline in [forest] cover and loss of [forest] biodiversity",1,18,0.35248246788978577,Reconstructing Three Decades of Land Use and Land Cover Changes in Brazilian Biomes with Landsat Archive and Earth Engine,"Brazil has a monitoring system to track annual forest conversion in the Amazon and most recently to monitor the Cerrado biome. However, there is still a gap of annual land use and land cover (LULC) information in all Brazilian biomes in the country. Existing countrywide efforts to map land use and land cover lack regularly updates and high spatial resolution time-series data to better understand historical land use and land cover dynamics, and the subsequent impacts in the country biomes. In thi...","Introduction: Our society is highly dependent on a functional and stable land system for food production, and to access natural resources including water, timber, fiber, ore and fuel, among other ecosystem services and goods 
Brazil is one of the richest biodiversity countries in the world 
Deforestation for pasture and agriculture expansion, infrastructure development, cities, and political and financial incentives to land occupation are the main drivers of LULC changes in the Brazilian biomes,..."
Query_10,"Although such schemes clearly have the potential to benefit biodiversity and the wider environment, further research is required to quantify the benefits and risks, assess the scales over which benefits are being and are likely to be delivered, and to assess the socio-economic implications for livelihoods and land-use .'}]}, {'@xmlns': 'http://www.tei-c.org/ns/1.0', 'head': {'@n': '4.3.', '#text': 'Wider implications'}, 'p': {'ref': [{'@type': 'figure', '@target': '#fig_0', '#text': '1'}, {'@type': 'bibr', '@target': '#b54', '#text': '(Laporte et al., 2007)'}, {'@type': 'bibr', '#text': '(Laurance et al., 2006a,b;'}, {'@type': 'bibr', '@target': '#b89', '#text': 'Wilkie et al., 2000;'}, {'@type': 'bibr', '@target': '#b92', '#text': 'Zhang et al., 2006)'}, {'@type': 'bibr', '@target': '#b16', '#text': '(Butler and Laurance, 2008)'}], '#text': 'The tropical [forest] zone in West Africa has experienced centuries of human modification, leading to a substantial decline in [forest] cover and loss of [forest] biodiversity",1,24,0.34749454259872437,"Global 10 m Land Use Land Cover Datasets: A Comparison of Dynamic World, World Cover and Esri Land Cover","The European Space Agency's Sentinel satellites have laid the foundation for global land use land cover (LULC) mapping with unprecedented detail at 10 m resolution. We present a cross-comparison and accuracy assessment of Google's Dynamic World (DW), ESA's World Cover (WC) and Esri's Land Cover (Esri) products for the first time in order to inform the adoption and application of these maps going forward. For the year 2020, the three global LULC maps show strong spatial correspondence (i.e., near...","Introduction: Global land use land cover (LULC) maps provide information necessary to quantify and understand Earth system processes and anthropogenic pressures, often at multiple spatial and temporal scales 
Global LULC maps are adopted in a vast range of scientific domains and application environments. A few examples of LULC map application include: data input into mesoscale models for operational numerical weather forecasts and climate models for future climate projections 
Over the past two ..."
