query_id,query_text,query_relevance_label,chunk_level,paper_id,chunk_idx,rank,similarity_score,paper_title,sections_name,chunk_text,chunk_length,paper_abstract
Query_1,"Assuming the dynamics recorded in the second period, the amounts of land covered by forest, woodland and tree savanna will decrease by 5, 9 and 17% of their cover in 1990, respectively, while the amount of degraded savanna and farmland will increase by 9 and 22% of the total area, respectively",2,paragraph,11,0,1,0.6637957096099854,Land Use Policy,abstract,"Information on Land Use and Land Cover (LULC) changes and the driving forces behind such modifications underpin a proper understanding of the dynamics of LULC changes. This study aimed to analyse the dynamics of LULC change trends and its driving factors in Jimma Geneti District (JGD) for the year 1973-2019. Five satellite images downloaded from USGS were used to analyze and assess the geospatial and temporal changes in LULC. In addition, in-depth household interviews, key informant interview, focus group discussions (FGD) and field observations were used to address the drivers of LULC changes. The result showed a decline in forest land from 8632.5 ha (20.9 %) in 1973-5647.23 ha (13.7 %) in 2019. The study further revealed that the total of forest land cleared between 1973 and 2019 was estimated to be 2985.27 ha (7.22 %). In other words, 34.6 % of the forest cover that existed in 1973 was lost. Similarly, wetlands declined from 9919.5 ha (24.0 %) in 1973-2000.24 ha (4.8 %) in 2019. Similarly, wetlands declined from 9919.5 ha (24.0 %) in 1973-2000.24 ha (4.8 %) in 2019. On the other hand, cultivated land has increased from 18617.0 ha (45.1 %) to 27708.1 ha (67.1 %). Similarly, the increment in settlement areas has elevated from 908.7 ha (2.2 %) to 4436.46 ha (10.7 %) during the same period. Agricultural expansion, cutting trees for various purposes (such as firewood, charcoal and construction material), overgrazing and the expansion of settlements, were identified as the major proximate causes of these changes. Moreover, the major underlying drivers of LULC changes include population growth, changes in policy and institutions, poverty and lack of awareness on the importance of natural resource conservation for sustainable livelihoods. From this study, it can be concluded that JGD has experienced a significant change in LULC over the past 46 years and were affected both positively and negatively. Hence, a wide range of policy packages are required for sustainable land management practices which take in to account synergies and trade-offs between the various land uses in the study area. The national and local governments should enforce sustainable land management approaches through integrating land use planning and management into all development programmes and projects.",2308,Information on Land Use and Land Cover (LULC) changes and the driving forces behind such modifications underpin a proper understanding of the dynamics of LULC changes. This study aimed to analyse the ...
Query_1,"Assuming the dynamics recorded in the second period, the amounts of land covered by forest, woodland and tree savanna will decrease by 5, 9 and 17% of their cover in 1990, respectively, while the amount of degraded savanna and farmland will increase by 9 and 22% of the total area, respectively",2,paragraph,92,0,2,0.6331685781478882,ISPRS Journal of Photogrammetry and Remote Sensing,abstract,"Products reveal that land cover change is significant across most land cover classes and time periods. The land cover product was validated using existing reference data from the legacy NLCD 2011 accuracy assessment, applied to the 2011 epoch of the NLCD 2016 product line. The legacy and new NLCD 2011 overall accuracies were 82% and 83%, respectively, (standard error (SE) was 0.5%), demonstrating a small but significant increase in overall accuracy. Between 2001 and 2016, the CONUS landscape experienced significant change, with almost 8% of the landscape having experienced a land cover change at least once during this period. Nearly 50% of that change involves forest, driven by change agents of harvest, fire, disease and pests that resulted in an overall forest decline, including increasing fragmentation and loss of interior forest. Agricultural change represented 15.9% of the change, with total agricultural spatial extent showing only a slight increase of 4778 km 2 , however there was a substantial decline (7.94%) in pasture/hay during this time, transitioning mostly to cultivated crop. Water and wetland change comprised 15.2% of change and represent highly dynamic land cover classes from epoch to epoch, heavily influenced by precipitation. Grass and shrub change comprise 14.5% of the total change, with most change resulting from fire. Developed change was the most persistent and permanent land change increase adding almost 29,000 km 2 over 15 years (5.6% of total CONUS change), with southern states exhibiting expansion much faster than most of the northern states. Temporal rates of developed change increased in 2001-2006 at twice the rate of 2011-2016, reflecting a slowdown in CONUS economic activity. Future NLCD plans include increasing monitoring frequency, reducing latency time between satellite imaging and product delivery, improving accuracy and expanding the variety of products available in an integrated database.",1955,Products reveal that land cover change is significant across most land cover classes and time periods. The land cover product was validated using existing reference data from the legacy NLCD 2011 accu...
Query_1,"Assuming the dynamics recorded in the second period, the amounts of land covered by forest, woodland and tree savanna will decrease by 5, 9 and 17% of their cover in 1990, respectively, while the amount of degraded savanna and farmland will increase by 9 and 22% of the total area, respectively",2,paragraph,43,0,3,0.6078627109527588,"Annual emissions of carbon from land use, land-use change, and forestry from 1850 to 2020",abstract,"Estimates of the annual emissions of carbon from land use, land-use change, and forestry (LULUCF) are important for constructing global, regional, and national carbon budgets, which in turn help predict future rates of climate change and define potential strategies for mitigation. Here, we update a long-term (1850-2020) series of annual national carbon emissions resulting from LULUCF (https://doi.org/10.7910/DVN/U7GHRH, Houghton and Castanho, 2023), based largely, after 1960, on statistics of land use from the Food and Agriculture Organization (FAO) of the United Nations (http://www.fao.org/faostat/en/#data/, FAO, 2021). Those data suggest that rates of deforestation in the tropics (and thus net emissions of carbon) have decreased over the last 10 years (2011)(2012)(2013)(2014)(2015)(2016)(2017)(2018)(2019)(2020). The data also indicate that the net loss of tropical forest area was greater than the net gain in agricultural lands, and we explore four alternative explanations for this apparent forest conversion, one of which is shifting cultivation. We also discuss how opposing trends in recent estimates of tropical deforestation (and emissions) might be reconciled. The calculated emissions of carbon attributable to LULUCF approximate the anthropogenic component of terrestrial carbon emissions, but limiting national carbon accounting to the anthropogenic component may also limit the potential for managing carbon on land.",1442,"Estimates of the annual emissions of carbon from land use, land-use change, and forestry (LULUCF) are important for constructing global, regional, and national carbon budgets, which in turn help predi..."
Query_1,"Assuming the dynamics recorded in the second period, the amounts of land covered by forest, woodland and tree savanna will decrease by 5, 9 and 17% of their cover in 1990, respectively, while the amount of degraded savanna and farmland will increase by 9 and 22% of the total area, respectively",2,paragraph,98,0,4,0.592052161693573,"The impact of land use and land cover changes on socioeconomic factors and livelihood in the Atwima Nwabiagya district of the Ashanti region, Ghana",abstract,"Land use and land cover change (LULCC) is a general term for the human modification of Earth's terrestrial surface. These modifications come by direct and indirect activities of human actions when securing essential resources. Therefore, it is necessary to analyze these land changes for the best management of natural resources and to ensure better livelihood of the inhabitants.
The influx of population from the Kumasi metropolis and peripheral areas coupled with urbanization is causing rapid changes to LULC in the Atwima Nwabiagya District. This has put pressure on the land cover especially in the forest cover areas and has affected the socioeconomic activities in the district. In view of this problem, this research sought to map and analyze the spatio-temporal LULCC patterns using multi-temporal satellite images from 1986-2019 and to identify the socioeconomic factors and their impact of LULC on the study area. Seven LULC classes were identified including; bare land, closed forest, cropland, open forest, savannah, settlement, and water. The results showed that during the period under review  there have been losses of 4178.5 hectares (7%) in closed and open forest and bare land whilst crop land and settlement have seen an increase of 21685.3 hectares (37%). In all, settlement establishment as a result of population increase, commercial activities, and porous land tenure system was identified as the main factors for LULCC in the Atwima Nwabiagya District.",1478,Land use and land cover change (LULCC) is a general term for the human modification of Earth's terrestrial surface. These modifications come by direct and indirect activities of human actions when sec...
Query_1,"Assuming the dynamics recorded in the second period, the amounts of land covered by forest, woodland and tree savanna will decrease by 5, 9 and 17% of their cover in 1990, respectively, while the amount of degraded savanna and farmland will increase by 9 and 22% of the total area, respectively",2,paragraph,67,0,5,0.5902581810951233,"Predicting the Future Land Use and Land Cover Changes for Bhavani Basin, Tamil Nadu, India Using QGIS MOLUSCE Plugin",abstract,"Human population growth, movement, and 9 demand have a substantial impact on land use 10 and land cover dynamics. Thematic maps of land 11 use and land cover (LULC) serve as a reference 12 for scrutinizing, source administration, and 13 forecasting, making it easier to establish plans 14 that balance preservation, competing uses, and 15 growth compressions. The objective of this study 16 is to identify the changeover of land-use changes 17 in the Bhavani basin for the two periods 2005 18 and 2015, as well as to forecast and establish 19 potential land-use changes in the year 2025 and 20 2030 by using QGIS 2.18.24 version MOLUSCE",636,"Human population growth, movement, and 9 demand have a substantial impact on land use 10 and land cover dynamics. Thematic maps of land 11 use and land cover (LULC) serve as a reference 12 for scrutin..."
Query_2,"About 26 and 31% of the total area of natural vegetation (forest, woodland and tree savanna) will be converted to farmland and degraded savanna by 2050 if we assume the dynamics recorded from 1975 to 1990 and 1990-2010, respectively",2,paragraph,1,0,1,0.5963969230651855,Environmental & Socio-economic Studies,content,"Introduction: According to the literature, land use is a landbased feature of what can be built and what the land can be used for. It identifies what types of communities, environments, or settlements can be used for a particular kind of ground (ABARES, 2020). Land use is also a manifestation of various human activities to exploit the landscape. Therefore, landuse change is seen as a human activity to change the natural landscape and emphasize the role and function of land for socio-economic activities 
Urbanization is a socio-economic process manifested by a rapid increase in the number and size of urban population characteristics. It is also defined as urban expansion, as the process of concentrating the population into cities, or as the rapid formation of urban population points based on production and life development 
Scientists also examine and observe urbanization from many different angles  | Land use change in the World: a literature review: Land area of the world is estimated at 13 billion hectares, of which agricultural land accounts for 37.6%, equivalent to 4.9 billion hectares 
Built-up land occupied a relatively small area of about 1-3% in 2005, but it is expected to increase to about 260 to 420 million hectares (about 4-5%) by 2050 (ELECTRIS ET AL., 2009). As for urban land, this area could expand from 40 to 143 million hectares in about 45 years, from 2007 to 2050 (SETO ET AL., 2010). The annual increase in built-up land in developing countries is about 3.6%, while 2.9% is the average increase in industrial countries. The Pacific and Southeast Asia regions have witnessed considerable land conversion rates from 1990 to 2000, at 7.2% and 6.4%, respectively (ANGEL 
Along with labour and capital, the land is a crucial factor for production in classical economics, and land use is considered the agricultural economy's backbone 
Although land-use conversion is essential to promote social progress and economic development, it also has many undesirable effects. These impacts are divided into three main categories: displacement and loss of housing, loss of livelihoods, and environmental pollution thus degradation with  | Methodology:  | Research area: Vietnam is the centre of Southeast Asia and is located on the eastern edge of the Indo-Chinese peninsula. Vietnam's land border is 4,639 km long, bordering the South China Sea (in Vietnam known as the East Sea) and the Gulf of Thailand. In the north, Vietnam borders China; and in the west Laos and Cambodia. The length of the country from north to south is 1,650 km, while the narrowest position, east to west, is nearly 50 km. It is a tropical country, with most of the area being hilly (accounting for half of the territory), and where the terrain is mainly low mountains. With a coastline of 3,260 km, Vietnam is among those countries with a high coastline index compared with its territorial area. Accordingly, on average, there is 1 km of coastline for every 10 km 2 of land, six times higher than the world average. With an area stretching from north to south, Vietnam's zoning also goes through different historical periods.   | Data source: As this study's primary purpose was to evaluate land-use change, the author had to combine many different methods and data sources for comparison. First, raw land cover data were collected from the JAXA. These maps were computed in 2007 for all three regions, 2015 for the North (including Red River Delta and Northen Midland and Mountains), and 2017 for the Central and South regions (the remaining regions). While the North's area of spatial resolution is 15 m, this figure is 10 m for the other two regions. Overall accuracy is above 90% (kappa factor 0.9). This map data has a higher spatial accuracy and resolution than other overlay maps in Vietnam, ensuring user reliability (DUONG  | Results -land use change in Vietnam: Due to Vietnam's complicated location and topography, its land resources are very diverse and differentiated from plains to high mountains, from north to south, and from east to west. Land in this country can be classified into 13 main land groups and 31 categories. Almost all of the population lives in rural areas and works in the agricultural sector, so one-third of the land is used for agriculture (FAO 2019). According to land use purposes, the land is divided into three main land groups: non-agricultural, agricultural, and unused land. Agricultural land is divided into ground for production agriculture, forestry land, aquaculture land, salt-making, and other agriculture. Land for production agriculture includes annual cropland (paddy land and other short-term cropland) and perennial cropland. The forest land is divided into protection, production, and special-use forest land. Fig. 
Land conversion has different effects the types of land use. Paddy land in Vietnam is concentrated in two main areas, the Mekong Delta and Red River Delta Delta (Fig. 
There is a mismatch when comparing data published by the GSO with calculations based on land cover maps. While non-agricultural land is reported to have increased, the area of this GIS layer showed a 21.5% decrease when verified by the land cover map. Published figures are those used in the planning scheme for projects. However, slow progress, inefficiency, misuse, and waste still occur in many projects. In 2019, the progress of 1,878 projects were delayed. Land acquisition and land clearance were the main reasons for this delay (1,267 projects). 73,992.96 ha of land was found to be violated and delayed in project construction. In particular, construction in industrial zones is rampant, but the occupancy rate remains low, leading to a decrease in land-use efficiency. By 2019, Vietnam had established 373 industrial zones with a total area of 114.4 thousand hectares, accounting for 56.9% of the total planned land area. Of these, 280 Industrial Zones were in operation, and 93 are still in the construction and infrastructure stage. The occupancy rate in industrial zones is low, at about 57.4%. Some localities also have lower occupancy rates than the national average (Data collected from the reports of MoNRE). These figures indicate a waste of land resources.
According to the statistics, the evolution of land use purpose is occurring in all localities (Fig.  | Discussion: This study's main aim was to explore land use pattern changes, emphasizing the conversion of agricultural land to built-up land (urban land) in Vietnam. Moreover, rapid urbanization has been a significant highlight in the development process of Vietnam in recent decades. In 1990, the number of urban areas in Vietnam was about 500 and the urbanization rate was about 17%. By 2019, the number of urban areas in Vietnam had increased to 846 (MONRE, 2019). In 1986, Vietnam's urban population was under 13 million, but by 2019, that number was 37 million (WORLD BANK, 2020a).
Urban economic growth is twice the national average, contributing over half of the gross domestic product ( 
According to the objective rule, urbanization must originate from non-agricultural economic development such as industry, commerce, and services (SATTERTHWAITE ET AL., 2010) to replace the agricultural economy gradually. However, unlike other countries in the region and the world, urbanization in Vietnam is characterized by rural urbanization. That is, it transforms agricultural villages and communities into urban districts and wards. Urban developments and growth in Vietnam are late and slower than in some regional countries 
The trend of changing land use purposes in urban areas is to reduce agricultural land, unused land and increase non-agricultural land. Growth in the non-agricultural land area is mainly due to expanding urban land, land for industrial zones, and construction activities. The size of urban land increased due to the conversion from agricultural land, of which rice land was the primary type. In 2011-2015, following the data from MoNRE, Vietnam converted 89.4 thousand hectares of rice land to urban land. In a broader view for the 2007-2017 period, the converted area is estimated at 125.9 thousand ha (data calculated by the author through the land cover maps). This transition is mainly concentrated in three regions: the Southeast, the Red River Delta, and the Mekong River Delta.
Conversion of agricultural land for investment in urban, industrial, and economic zone projects occurs in major urban areas like Binh 
The current status of such land conversion has a significant impact on people's lives, especially those living in peri-urban areas. This problem occurs in Vietnam and occurs in developing countries with high urbanization rates (KUSILUKA ET AL., 2011; AUTAM & ANDERSEN, 2016; NIKUZE ET AL., 2019). Socially, the lifestyle change from rural to urban residents has changed cultural standards and leads to a transformation in the social lives and behavior of each suburban resident. Urbanization also transforms kinship relationships, village communities have multidimensional social relationships, which are complicated by combining many classes of the population and the transformation of orgaizational models. This is one of the characteristics of urban communities (MINISTRY OF CONSTRUCTION, 2020). Land use change has also created social conflicts and intensified violence due to land contention and because the land is the primary source of livelihood for many peri-urban farming households. Land in the peri-urban area is becoming increasingly scarce, leading to higher land prices in this area, inadvertently creating psychological pressure on people. Consequently, the poor may be pushed further out of town/city or are forced into areas of land of little value or which lack public services.
In economic terms, urbanization creates a change in land use in the peri-urban area. The transfer of a large part of the agricultural land into the construction or industrial zones and urban residential areas has resulted in loss of the livelihoods of many farmers. This problem forces them to switch from agricultural production to non-agricultural activities  | Conclusions: Urban expansion and rural restructuring due to land-use conflicts are increasing worldwide 
The study data also showed that land conversion is mainly concentrated in the North Central and Central Coast areas. The percentage of agricultural and non-agricultural land in these regions' provinces has mostly increased by over 7%, while unused land decreased by over 100%. These regions contain many of Vietnam's cities. However, the conversion of land from agriculture to urban areas is concentrated in two regions: the Southeast and the Red River Delta. Furthermore, the transition trend has also shifted to the East of Vietnam to take advantage of the long coastline. This transformation aims to help the development of coastal tourism and facilitate domestic and international trade.
The study has shown the socio-economic impacts on the lives of peri-urban residents after converting agricultural land. Economically, urbanization and industrialization have left 11 million hectares of land abandoned and in danger of degradation and reduces the quality and productivity of agricultural products, thereby significantly affecting the income of farmers. In addition, the transformation of agricultural land to non-agricultural also forces farmers to switch to non-agricultural activities. It is a challenge for farmers because it requires time and investment in both money and intelligence to adapt to the new conditions. Socially, people's lifestyles also require a transition from rural to urban. The change in land use has also created social conflicts and intensified violence due to land disputes.",11742,"Land-use change is a human process aimed at transforming the natural landscape and emphasizing the role and function of land for socio-economic activities. However, we do not know how the land transit..."
Query_2,"About 26 and 31% of the total area of natural vegetation (forest, woodland and tree savanna) will be converted to farmland and degraded savanna by 2050 if we assume the dynamics recorded from 1975 to 1990 and 1990-2010, respectively",2,paragraph,92,0,2,0.5867984294891357,ISPRS Journal of Photogrammetry and Remote Sensing,abstract,"Products reveal that land cover change is significant across most land cover classes and time periods. The land cover product was validated using existing reference data from the legacy NLCD 2011 accuracy assessment, applied to the 2011 epoch of the NLCD 2016 product line. The legacy and new NLCD 2011 overall accuracies were 82% and 83%, respectively, (standard error (SE) was 0.5%), demonstrating a small but significant increase in overall accuracy. Between 2001 and 2016, the CONUS landscape experienced significant change, with almost 8% of the landscape having experienced a land cover change at least once during this period. Nearly 50% of that change involves forest, driven by change agents of harvest, fire, disease and pests that resulted in an overall forest decline, including increasing fragmentation and loss of interior forest. Agricultural change represented 15.9% of the change, with total agricultural spatial extent showing only a slight increase of 4778 km 2 , however there was a substantial decline (7.94%) in pasture/hay during this time, transitioning mostly to cultivated crop. Water and wetland change comprised 15.2% of change and represent highly dynamic land cover classes from epoch to epoch, heavily influenced by precipitation. Grass and shrub change comprise 14.5% of the total change, with most change resulting from fire. Developed change was the most persistent and permanent land change increase adding almost 29,000 km 2 over 15 years (5.6% of total CONUS change), with southern states exhibiting expansion much faster than most of the northern states. Temporal rates of developed change increased in 2001-2006 at twice the rate of 2011-2016, reflecting a slowdown in CONUS economic activity. Future NLCD plans include increasing monitoring frequency, reducing latency time between satellite imaging and product delivery, improving accuracy and expanding the variety of products available in an integrated database.",1955,Products reveal that land cover change is significant across most land cover classes and time periods. The land cover product was validated using existing reference data from the legacy NLCD 2011 accu...
Query_2,"About 26 and 31% of the total area of natural vegetation (forest, woodland and tree savanna) will be converted to farmland and degraded savanna by 2050 if we assume the dynamics recorded from 1975 to 1990 and 1990-2010, respectively",2,paragraph,11,0,3,0.5697697401046753,Land Use Policy,abstract,"Information on Land Use and Land Cover (LULC) changes and the driving forces behind such modifications underpin a proper understanding of the dynamics of LULC changes. This study aimed to analyse the dynamics of LULC change trends and its driving factors in Jimma Geneti District (JGD) for the year 1973-2019. Five satellite images downloaded from USGS were used to analyze and assess the geospatial and temporal changes in LULC. In addition, in-depth household interviews, key informant interview, focus group discussions (FGD) and field observations were used to address the drivers of LULC changes. The result showed a decline in forest land from 8632.5 ha (20.9 %) in 1973-5647.23 ha (13.7 %) in 2019. The study further revealed that the total of forest land cleared between 1973 and 2019 was estimated to be 2985.27 ha (7.22 %). In other words, 34.6 % of the forest cover that existed in 1973 was lost. Similarly, wetlands declined from 9919.5 ha (24.0 %) in 1973-2000.24 ha (4.8 %) in 2019. Similarly, wetlands declined from 9919.5 ha (24.0 %) in 1973-2000.24 ha (4.8 %) in 2019. On the other hand, cultivated land has increased from 18617.0 ha (45.1 %) to 27708.1 ha (67.1 %). Similarly, the increment in settlement areas has elevated from 908.7 ha (2.2 %) to 4436.46 ha (10.7 %) during the same period. Agricultural expansion, cutting trees for various purposes (such as firewood, charcoal and construction material), overgrazing and the expansion of settlements, were identified as the major proximate causes of these changes. Moreover, the major underlying drivers of LULC changes include population growth, changes in policy and institutions, poverty and lack of awareness on the importance of natural resource conservation for sustainable livelihoods. From this study, it can be concluded that JGD has experienced a significant change in LULC over the past 46 years and were affected both positively and negatively. Hence, a wide range of policy packages are required for sustainable land management practices which take in to account synergies and trade-offs between the various land uses in the study area. The national and local governments should enforce sustainable land management approaches through integrating land use planning and management into all development programmes and projects.",2308,Information on Land Use and Land Cover (LULC) changes and the driving forces behind such modifications underpin a proper understanding of the dynamics of LULC changes. This study aimed to analyse the ...
Query_2,"About 26 and 31% of the total area of natural vegetation (forest, woodland and tree savanna) will be converted to farmland and degraded savanna by 2050 if we assume the dynamics recorded from 1975 to 1990 and 1990-2010, respectively",2,paragraph,59,0,4,0.5646448731422424,Global land use changes are four times greater than previously estimated,abstract,"Quantifying the dynamics of land use change is critical in tackling global societal challenges such as food security, climate change, and biodiversity loss. Here we analyse the dynamics of global land use change at an unprecedented spatial resolution by combining multiple open data streams (remote sensing, reconstructions and statistics) to create the HIstoric Land Dynamics Assessment + (HILDA +). We estimate that land use change has affected almost a third (32%) of the global land area in just six decades (1960-2019) and, thus, is around four times greater in extent than previously estimated from long-term land change assessments. We also identify geographically diverging land use change processes, with afforestation and cropland abandonment in the Global North and deforestation and agricultural expansion in the South. Here, we show that observed phases of accelerating (~1960-2005) and decelerating (2006-2019) land use change can be explained by the effects of global trade on agricultural production.",1016,"Quantifying the dynamics of land use change is critical in tackling global societal challenges such as food security, climate change, and biodiversity loss. Here we analyse the dynamics of global land..."
Query_2,"About 26 and 31% of the total area of natural vegetation (forest, woodland and tree savanna) will be converted to farmland and degraded savanna by 2050 if we assume the dynamics recorded from 1975 to 1990 and 1990-2010, respectively",2,paragraph,66,0,5,0.5544105172157288,"Analysis of carbon emissions from land cover change during 2000 to 2020 in Shandong Province, China",abstract,"Land cover change affects the carbon emissions of ecosystems in some way. The qualitative and quantitative understanding of carbon emissions from human activities (e.g., land cover change, industrial production, etc.) is highly significant for realizing the objective of carbon neutrality. Therefore, this paper used GlobeLand30 land cover maps, annual average normalised difference vegetation index (NDVI) data, annual average net ecosystem productivity (NEP) data and statistical yearbook data from 2000 to 2020 to explore the relationship between land cover change and carbon emissions. Specifically, it included land cover change, carbon storage changes influenced by land cover change, spatial and temporal analysis of carbon sources and sinks, land use intensity change and anthropogenic carbon emissions. The results of the study show that the main land cover changes in Shandong province during 2000-2020 was cultivated land conversion to artificial surfaces. Among them, the area of cultivated land converted to artificial surfaces from 2000 to 2010 was 4930.62 km 2 , and the proportion of cultivated land converted to artificial surfaces from 2010 to 2020 was as high as 78.35%. The total carbon stock of vegetation affected by land cover change decreased by 463.96 × 10 4 t and 193.50 × 10 4 t in 2000-2010 and 2010-2020 respectively. The spatial and temporal distribution of carbon sources and sinks differed more markedly from 2000 to 2020, and land use intensity changes in Shandong Province showed an upward trend. Of the total energy production, industry has the largest energy consumption, followed closely by total energy consumption in transportation, storage and postal services.
Phenomena such as global warming, melting glaciers, rising sea levels and hazy weather indicate that climate change brought about by the greenhouse effect is seriously affecting the future survival of mankind 1-3 . The Earth's climate is witnessing changes due to the influence of various factors. In recent years, global warming has become a hot issue for research. Emissions of greenhouse gases, e.g., carbon dioxide (CO 2 ) emissions, are regarded as a major contributor to global warming 4-6 . Studies have shown that the global average surface temperature has increased by 0.74 °C since the last century 7 , and atmospheric CO 2 concentrations have increased by up to 1.9 ppm per year 8 . The Global Carbon Budget Project shows that emissions of fossil CO 2 will increase by 0.5% in 2019, with emissions falling in the US and EU28 and increasing in China, India and the rest of the world 9 . With increasing levels of urbanisation and industrialisation, human activities are emitting large amounts of CO 2 into the atmosphere. Of these, land cover change is an important contributor to carbon emissions, making up roughly one-third of the carbon emissions generated by human activities from the industrial revolution 10 , contributing to increasing concentrations of CO 2 . Therefore, the study of the interrelationship between land cover change and carbon emissions is of great importance to further reduce carbon emissions.
The implementation of the reform and opening-up policy has led to a significant acceleration of urbanisation in China, most notably the dramatic expansion of artificial surfaces. Land cover change, energy consumption and other related human activities are the sources of carbon emissions and account for a relatively large share. Rapid economic development and high urbanisation levels in China's cities are hotspots for studying carbon emissions caused by land cover change. For example, Deng et al. analysed the influence of expanding construction land on carbon emissions related to energy in China and its provinces from 2001 to 2011 11 . Lu et al. explored the development process and characteristics of regional differences in carbon emissions from agricultural land in 31",3910,"Land cover change affects the carbon emissions of ecosystems in some way. The qualitative and quantitative understanding of carbon emissions from human activities (e.g., land cover change, industrial ..."
Query_3,reported a moderate land cover change from 1965 to 2000 a decrease in savanna from 74% to 70% concurring with an expansion of cropland from 17% to 21%,2,paragraph,92,0,1,0.7066913843154907,ISPRS Journal of Photogrammetry and Remote Sensing,abstract,"Products reveal that land cover change is significant across most land cover classes and time periods. The land cover product was validated using existing reference data from the legacy NLCD 2011 accuracy assessment, applied to the 2011 epoch of the NLCD 2016 product line. The legacy and new NLCD 2011 overall accuracies were 82% and 83%, respectively, (standard error (SE) was 0.5%), demonstrating a small but significant increase in overall accuracy. Between 2001 and 2016, the CONUS landscape experienced significant change, with almost 8% of the landscape having experienced a land cover change at least once during this period. Nearly 50% of that change involves forest, driven by change agents of harvest, fire, disease and pests that resulted in an overall forest decline, including increasing fragmentation and loss of interior forest. Agricultural change represented 15.9% of the change, with total agricultural spatial extent showing only a slight increase of 4778 km 2 , however there was a substantial decline (7.94%) in pasture/hay during this time, transitioning mostly to cultivated crop. Water and wetland change comprised 15.2% of change and represent highly dynamic land cover classes from epoch to epoch, heavily influenced by precipitation. Grass and shrub change comprise 14.5% of the total change, with most change resulting from fire. Developed change was the most persistent and permanent land change increase adding almost 29,000 km 2 over 15 years (5.6% of total CONUS change), with southern states exhibiting expansion much faster than most of the northern states. Temporal rates of developed change increased in 2001-2006 at twice the rate of 2011-2016, reflecting a slowdown in CONUS economic activity. Future NLCD plans include increasing monitoring frequency, reducing latency time between satellite imaging and product delivery, improving accuracy and expanding the variety of products available in an integrated database.",1955,Products reveal that land cover change is significant across most land cover classes and time periods. The land cover product was validated using existing reference data from the legacy NLCD 2011 accu...
Query_3,reported a moderate land cover change from 1965 to 2000 a decrease in savanna from 74% to 70% concurring with an expansion of cropland from 17% to 21%,2,paragraph,11,0,2,0.6887487173080444,Land Use Policy,abstract,"Information on Land Use and Land Cover (LULC) changes and the driving forces behind such modifications underpin a proper understanding of the dynamics of LULC changes. This study aimed to analyse the dynamics of LULC change trends and its driving factors in Jimma Geneti District (JGD) for the year 1973-2019. Five satellite images downloaded from USGS were used to analyze and assess the geospatial and temporal changes in LULC. In addition, in-depth household interviews, key informant interview, focus group discussions (FGD) and field observations were used to address the drivers of LULC changes. The result showed a decline in forest land from 8632.5 ha (20.9 %) in 1973-5647.23 ha (13.7 %) in 2019. The study further revealed that the total of forest land cleared between 1973 and 2019 was estimated to be 2985.27 ha (7.22 %). In other words, 34.6 % of the forest cover that existed in 1973 was lost. Similarly, wetlands declined from 9919.5 ha (24.0 %) in 1973-2000.24 ha (4.8 %) in 2019. Similarly, wetlands declined from 9919.5 ha (24.0 %) in 1973-2000.24 ha (4.8 %) in 2019. On the other hand, cultivated land has increased from 18617.0 ha (45.1 %) to 27708.1 ha (67.1 %). Similarly, the increment in settlement areas has elevated from 908.7 ha (2.2 %) to 4436.46 ha (10.7 %) during the same period. Agricultural expansion, cutting trees for various purposes (such as firewood, charcoal and construction material), overgrazing and the expansion of settlements, were identified as the major proximate causes of these changes. Moreover, the major underlying drivers of LULC changes include population growth, changes in policy and institutions, poverty and lack of awareness on the importance of natural resource conservation for sustainable livelihoods. From this study, it can be concluded that JGD has experienced a significant change in LULC over the past 46 years and were affected both positively and negatively. Hence, a wide range of policy packages are required for sustainable land management practices which take in to account synergies and trade-offs between the various land uses in the study area. The national and local governments should enforce sustainable land management approaches through integrating land use planning and management into all development programmes and projects.",2308,Information on Land Use and Land Cover (LULC) changes and the driving forces behind such modifications underpin a proper understanding of the dynamics of LULC changes. This study aimed to analyse the ...
Query_3,reported a moderate land cover change from 1965 to 2000 a decrease in savanna from 74% to 70% concurring with an expansion of cropland from 17% to 21%,2,paragraph,9,0,3,0.6718347072601318,"Vegetation Trends, Drought Severity and Land Use-Land Cover Change during the Growing Season in Semi-Arid Contexts",title,"Vegetation Trends, Drought Severity and Land Use-Land Cover Change during the Growing Season in Semi-Arid Contexts",114,"Drought severity and impact assessments are necessary to effectively monitor droughts in semi-arid contexts. However, little is known about the influence land use-land cover (LULC) has-in terms of the..."
Query_3,reported a moderate land cover change from 1965 to 2000 a decrease in savanna from 74% to 70% concurring with an expansion of cropland from 17% to 21%,2,paragraph,84,0,4,0.6471835970878601,Rapid Land Cover Change in a Submerging Coastal County,abstract,"Sea level rise is reshaping the coasts, allowing coastal habitats such as tidal marshes to migrate inland. To predict where changes will occur, it is critical to understand the factors that influence land cover transition. Here, we test the influence of land cover type on land cover transition. We hypothesized that marsh migration may vary by upland land cover type, due to dominant plant species' differences in salinity and inundation tolerance. Additionally, the response of people may make specific land cover types more likely to be protected from transition. We measured land cover change in high resolution aerial imagery over the relatively short period of 2009 to 2017 in coastal Somerset County, Maryland. In logistic models of land cover transition, we found that 'agricultural land' and 'scrub shrub wetland / forested wetland' cover classes were more likely to transition to 'emergent wetland' than 'forest/scrub shrub' or 'urban or built-up land' cover classes, after controlling for elevation and distance to shore, two wellknown predictors of marsh migration. Over only 8 years, loss of upland area in the county totaled 6.1 km 2 , of which 5.7 km 2 was agricultural land. This represents a loss of over 2% of the farmland in the county, the majority of which converted to emergent wetland during the study period.",1332,"Sea level rise is reshaping the coasts, allowing coastal habitats such as tidal marshes to migrate inland. To predict where changes will occur, it is critical to understand the factors that influence ..."
Query_3,reported a moderate land cover change from 1965 to 2000 a decrease in savanna from 74% to 70% concurring with an expansion of cropland from 17% to 21%,2,paragraph,49,0,5,0.6163627505302429,The Global 2000-2020 Land Cover and Land Use Change Dataset Derived From the Landsat Archive: First Results,title,The Global 2000-2020 Land Cover and Land Use Change Dataset Derived From the Landsat Archive: First Results,107,"Recent advances in Landsat archive data processing and characterization enhanced our capacity to map land cover and land use globally with higher precision, temporal frequency, and thematic detail. He..."
Query_4,The major LULC changes in LCB from 1975 to 2013 stated by were the transition of water bodies and wetland around the Lake to cropland the loss of water bodies to other vegetation and an increase in urban area at the expense of other vegetation,2,paragraph,11,0,1,0.5809366703033447,Land Use Policy,abstract,"Information on Land Use and Land Cover (LULC) changes and the driving forces behind such modifications underpin a proper understanding of the dynamics of LULC changes. This study aimed to analyse the dynamics of LULC change trends and its driving factors in Jimma Geneti District (JGD) for the year 1973-2019. Five satellite images downloaded from USGS were used to analyze and assess the geospatial and temporal changes in LULC. In addition, in-depth household interviews, key informant interview, focus group discussions (FGD) and field observations were used to address the drivers of LULC changes. The result showed a decline in forest land from 8632.5 ha (20.9 %) in 1973-5647.23 ha (13.7 %) in 2019. The study further revealed that the total of forest land cleared between 1973 and 2019 was estimated to be 2985.27 ha (7.22 %). In other words, 34.6 % of the forest cover that existed in 1973 was lost. Similarly, wetlands declined from 9919.5 ha (24.0 %) in 1973-2000.24 ha (4.8 %) in 2019. Similarly, wetlands declined from 9919.5 ha (24.0 %) in 1973-2000.24 ha (4.8 %) in 2019. On the other hand, cultivated land has increased from 18617.0 ha (45.1 %) to 27708.1 ha (67.1 %). Similarly, the increment in settlement areas has elevated from 908.7 ha (2.2 %) to 4436.46 ha (10.7 %) during the same period. Agricultural expansion, cutting trees for various purposes (such as firewood, charcoal and construction material), overgrazing and the expansion of settlements, were identified as the major proximate causes of these changes. Moreover, the major underlying drivers of LULC changes include population growth, changes in policy and institutions, poverty and lack of awareness on the importance of natural resource conservation for sustainable livelihoods. From this study, it can be concluded that JGD has experienced a significant change in LULC over the past 46 years and were affected both positively and negatively. Hence, a wide range of policy packages are required for sustainable land management practices which take in to account synergies and trade-offs between the various land uses in the study area. The national and local governments should enforce sustainable land management approaches through integrating land use planning and management into all development programmes and projects.",2308,Information on Land Use and Land Cover (LULC) changes and the driving forces behind such modifications underpin a proper understanding of the dynamics of LULC changes. This study aimed to analyse the ...
Query_4,The major LULC changes in LCB from 1975 to 2013 stated by were the transition of water bodies and wetland around the Lake to cropland the loss of water bodies to other vegetation and an increase in urban area at the expense of other vegetation,2,paragraph,13,0,2,0.576776921749115,"Monitoring land use and land cover change near a nuclear power plant construction site: Akkuyu case, Turkey",abstract,". The agricultural areas in the study area were changed into other LULC classes: 9.1% to artificial surfaces, 27.6% to barren lands, and 21.7% to forest. The rise in the area of artificial surfaces was especially noticeable within the 1 km buffer zone: construction activities converted 36.1% of agricultural fields, 54.1% of forests, and 23.2% of barren lands into artificial surfaces. The filling activities on the seashore resulted in a loss of water bodies of up to 26.5%. The study provides an overview of how the LULC classes have evolved on the construction site and in the region. In the end, the study discusses how the current land use preferences in the region contradict the issues and concerns mentioned in the existing body of literature.",752,". The agricultural areas in the study area were changed into other LULC classes: 9.1% to artificial surfaces, 27.6% to barren lands, and 21.7% to forest. The rise in the area of artificial surfaces wa..."
Query_4,The major LULC changes in LCB from 1975 to 2013 stated by were the transition of water bodies and wetland around the Lake to cropland the loss of water bodies to other vegetation and an increase in urban area at the expense of other vegetation,2,paragraph,61,0,3,0.5637784004211426,"Spatial relationship between land-use/land-cover change and land surface temperature in the Dongting Lake area, china",content,"Untitled Section: research 
The Dongting Lake area is a typical water-land eco-fragile zone that has been strongly affected by human activities in recent decades. In particular, the Three Gorges Dam began to impound water on June 1, 2003, which accelerated the shrinking of water bodies and significantly altered the land cover state in the Dongting Lake area, and this process has been accompanied by many discussions about its environmental impacts. Some studies have said the dam has had important impacts on the elements of the regional climate system and the interactions between the land surface and the atmosphere. Specifically, it has changed the distribution pattern of regional precipitation and temperature. To verify the impact of the Three Gorges Dam on environmental changes, especially the relationship between LULC change and LST, we used U.S. Geological Survey Landsat TM/ETM + data to obtain LULC change and winter LST information for the Dongting Lake area in this study. Thus, we could better understand the influence of human activities on regional LST and its response to global warming. The exploration of such regional LULC and climate change patterns and processes can provide a typical case for a larger range of global change studies. | Extraction of LULC change information and inversion of LST: Research areas and data. The Dongting Lake area is located in the middle and lower reaches of the Yangtze River (28°30′N-30°20′N, 111°40′E-113°10′E), mostly below 50 m above sea level (Fig. 
To analyse the change in land use/land cover and its impact on LST in the Donting Lake area before and after Three Gorges impoundment of the Yangtze River, we selected 16 remote sensing images from the winters of 1995,  2001, 2004 and 2013 as the main data sources (Table  | Extraction of LULC information.: To reduce the classification error caused by the large study area, we first divided the study area into three parts, namely, the eastern Dongting Lake area, the southern Dongting Lake area, and the western Dongting Lake area. Based on the the Convention on Wetlands of International Importance especially as Waterfowl Habitat and actual situation of the study area and the characteristics of the remote-sensing image, we divided the Dongting Lake area's LULC types into nine categories-water body, mud beach, marshland, reed beach land, riparian forest, paddy field, dryland, built-up land, and forest land. According to the high-resolution Google Earth images and field survey, we identified training samples to classified the LULC using the decision tree methodology which is based on the classification and regression tree (CART) algorithm 
LSt retrieval and grading. The single-window algorithm is derived by Qin et al. 29 based on the surface thermal radiation conduction equation, which uses Landsat TM/ETM + data to invert LST. The single-window algorithm has the greatest consistency with the actual measurements. We compared the retrieval results of 2001, 2004, and 2013 with the MODIS temperature products from the same time, and the results indicated a relative error of 2% or less.
where C = ε 6 × τ 6 (ε 6 is the surface emissivity; τ 6 is the atmospheric transmittance),
T 6 is the land surface brightness temperature, and T a is the mean atmospheric temperature. The values of a in the TM and ETM+ sensors are -67.35535 and -63.18853, respectively, and the values of b are -0.458608 and 0.44411, respectively.
The acquisition time for each image was in the winter. To reduce the influence of other factors, such as rainfall or snowfall, on the LST retrieval results and increase the comparability of the results, we standardized the results of the retrieval using a normalization method. The LST distribution range was standardized between 0 and 1, and the normalization formula is as follows:
where N i is the normalized pixel value; LST i is the retrieval of LST for pixel i; LST max is the maximum LST value in the range; and LST min is the minimum LST value in the range. We graded LST using standard deviation classification and obtained the annual temperature grading of the Dongting Lake area (Table  | Statistical analysis.: Using overlay analysis in ArcGIS software (Esri Redlands, CA), we calculated the mean temperature of each LULC type and the change in the area of each temperature grade. We graded the DEM, NDVI, NDMI and distance from the water body at regular intervals (NDVI and NDMI were in steps of 0.01 m, digital elevation was in steps of 10 m and distance from water body was in steps of 100 m). Then, we used correlation analysis to reveal the relationships between LST and these factors.
where m t is the mean LST value of the whole study area in year t; LST i is the LST value of pixel i; m t,j is the mean LST value of land type j in year t; LST j,k is the LST value of pixel k in land type j; D t,j is the difference between the mean LST value of land type j and the LST value of the whole study area in year t. LST for different LULC types. The mean LST of the Dongting Lake area in the last 20 years increased from 7.13 °C to 11.01 °C, an increase of approximately 3.5 °C, which is consistent with the global warming trend (Table 
correlation between LSt and other factors (nDVi, nDMi, DeM and distance from water body). In terms of the correlation of mean LST with these factors (Fig.  | Discussion: Observational analyses show that the surface temperature changes in China in recent decades have shown significant warming in the north but not in the south, especially in the southwest and parts of the lower Yangtze River  | conclusion: In this study, LST was extracted from Landsat TM/ETM+ data using a single-window algorithm, the differences in LST among different LULC types were analysed, the spatial distribution characteristics of LST and the NDMI, NDVI, DEM, and distance were discussed, their quantitative relationships were determined, and the spatiotemporal distribution laws and influencing factors of LST were clarified. The main conclusions were as follows. (1) The LULC type in the Dongting Lake area has changed significantly, with the area of water body and paddy field declining continuously and the area of built-up land and dryland increasing gradually; these results indicate that the changes in the LULC type in the area are related to the water impoundment of the Three Gorges Dam and the ecological management policies. (2) LST in the Dongting Lake area increased by 3.5 °C in winter, with differences in LST of different LULC types, LST of forest land and dryland is higher than that of other land types, and the LST of water body is much lower than that of other land types, also is much lower than the mean LST of the study area. In addition, within 300 m to the water body, the closer to the water body, the lower the LST. It suggests that the water body has a moderating effect on the LST and surface thermal effects at a certain distance around it. (3) The NDMI showed a strong negative spatial correlation with LST, while the NDVI, DEM and distance showed a weak spatial correlation with LST. In winter, water vapor plays a major role in altering the pattern of heat distribution on the lower mat, and the NDMI is a valid indicator for thermal environment studies and is more suitable for quantitative analysis of LST. Digital remote sensing methods can not only provide a range of surface temperatures across a region but also demonstrate its spatial pattern. These results have increased the understanding of the consequences of land change on the spatiotemporal dynamics of LST.",7582,"the Dongting Lake area (china) is a climate change-sensitive and ecologically fragile area and plays a crucial role in the regulation of the regional climate. in recent decades, rapid social and econo..."
Query_4,The major LULC changes in LCB from 1975 to 2013 stated by were the transition of water bodies and wetland around the Lake to cropland the loss of water bodies to other vegetation and an increase in urban area at the expense of other vegetation,2,paragraph,68,0,4,0.5623828172683716,Comprehensive review on land use/land cover change classification in remote sensing,content,"Introduction: Analysing multispectral (MSP) and hyperspectral (HSP) satellite images in the field of remote sensing and the geographic information system (GIS) environment have become some of the hottest topics among researchers around the world. Everyday changes on the Earth's surface have a significant impact on society, and this has been the driver for researchers to work on the land use/land cover (LU/LC) change problem. The information gathered from various satellites has been used by researchers to map the Earth's features and infrastructures. Land use and land cover are two different terms to describe the Earth's surface. The land cover area represents the forest-covered areas, wetlands, grasslands, water-covered areas, mountainous regions and deserts etc. Specific events and changes that take place in land cover represent changes in land use categories, such as urbanisation, shopping centres, reservoirs and parks etc.  | LU/LC applications and study area selection: The modification of the Earth's surface or natural environment results in LU/LC change. We can see LU/LC change happening during the loss or development of forests, agricultural land, bodies of water and urban areas. Causes of LU/LC change are shown in Figure 
The initial process in LU/LC change research is selecting the study area. Many researchers around the world have carried out LU/LC change analysis research over many years. Some of the study areas for LU/LC analysis have been North-eastern Latvia,  | Data acquisition:  | Geospatial software: MSP and HSP satellite images are analysed and processed through different geospatial software tools. Some of these tools are described in    | Pre-processing techniques: Pre-processing is an essential technique used to improve the quality of raw satellite data. The satellite data can be calibrated by using the process of atmospheric, radiometric, geometric and topographic corrections. The uses and limitations of these methods are shown in Table  | LU/LC classification and clustering: Every pixel in a pre-processed satellite image is a unique entity and it has to be labelled to obtain the LU/LC classification maps using different classification techniques.
Researchers have proposed and worked with many algorithms for extracting LU/LC data from satellite data. Classification or supervised learning works with known information about the data and is used in classifying LU/LC classes. Clustering is used for unsupervised learning, since there is no prior information about the labelled data. A few LU/LC classifications, supervised and clustering unsupervised methods are explained and shown in Table  | Spectral unmixing: Spectral unmixing helps to identify pixels that contain more than one LU/LC type. The measured range of a mixed pixel is decomposed into a group of endmembers and their corresponding abundances, which specify the amount of each endmember within the pixel. Spectral unmixing methods are mostly used when processing HSP satellite images. The few spectral unmixing methods are explained and shown in Table  | Landscape change models: Landscape change models are used for forecasting past, current and future LU/LC changes. LU/LC change analysis results will assist urban planners in taking the necessary action to protect the LU/LC environment. Table 
Researchers have used the information from satellite images to determine land cover. They used the spectral bands directly to identify the level of vegetation over the area and validated the LU/LC classified map with reference data. Distance metrics were used to identify the LU/LC class in satellite images through the evaluation of the spectral distance between the pixels. Researchers have also calculated the amount of LU/LC changes experienced between certain time periods. | Spectral distance metrics: By evaluating the spectral distance between the pixels in satellite images, LU/LC classes were assessed and this also helps to model spatial variables like slope, elevation, aspect, distance from the road, forest edge, farmland and water bodies etc. The frequently used distance metrics described in the following section are: Euclidean Distance, Mahalanobis Distance, Manhattan Distance, Canberra Distance, Jeffries-Matusita and SAM. | Euclidean Distance: Remote sensing researchers frequently use Euclidean Distance d(x,y) to measure the distance between spectral signatures of satellite image pixels in n-dimensional spectral space. 
,
where x and y represent the spectral signature vectors of image pixels and n represents the number of bands in the image. | Mahalanobis Distance: The Mahalanobis Distance classifier, which computes the Mahalanobis distance D i (x) between two data points in multivariate space is: 4,42,47 | Techniques Uses Limitations: Image Enhancement 
Information loss when compared to original satellite images.
Radiometric Correction 
High computation time for larger datasets. | Atmospheric: Correction 
Removing the whole cloud or atmospheric effects in a satellite image that was acquired during the winter season is not easy.
Geometric Correction 
Edges are flattened and some limits of the data pixel values will be lost.
Topographic Correction 
Spatial misregistration can occur.  | Methods Purpose Limitations: Classification methods | Maximum Likelihood: Classification 
Increase in computation time when the number of bands of the satellite image increases.
k-Nearest Neighbour Classification (kNN) 
With high dimensional data, the kNN algorithm performs a slower calculation of distance in each dimension.
SVM Classification 
The performance of SVM will be weak when the pixels of the satellite image are overlapped, i.e. when the satellite data are noisy.
ANN Classification 
More massive datasets take a long time to train-time consuming.
Parallelepiped Classification 
Problems occur when the class ranges are overlapped. | Minimum Distance to Mean: Classification 
Choosing the wrong number of clusters will lead to misclassification.
Mahalanobis Distance Classification 
If the variables are highly correlated, misclassification will occur.
SAM Classification 
Similar spectra are wrongly classified, for example, needle leaf and broadleaf forests are misclassified. | CART model:  | Logistic Regression: Model 
Non-linear problems were difficult to solve with the logistic regression model.
Random Forest Classification 
Constructing decision trees consumes more time while performing Random Forest Classification. ( ) ( ) ( )
where i represents the i th class, x represents the number of bands of n-dimensional data, m i represents the mean vector of the class and 1 i å represents the inverse covariance matrix of a class. | Manhattan and Canberra Distance: Manhattan Distance D M (x,y) computes the distance between the spectral values of the image pixel in a gridlike path. 
,
where n is the number of bands, and x i and y j are the spectral values of the image pixel. | Jeffries-Matusita Distance: Both the Jeffries-Matusita Distance and transformed divergence 
where x represents the first spectral signature vector, y represents the second spectral signature vector, and S x and S y represent the covariance matrix of samples x and y. | Spectral angular mapper: The SAM, q(x,y), differentiates the spectral similarity by measuring the angle between the spectral signatures of satellite image pixels and the training spectral signatures. 
The MARS method is not suitable when handling missing data.
CART 
Computational time is high to train every decision tree and tree structure is unstable when the data is changed. | Clustering methods: K-Means Clustering 
The k-Means method does not perform well when the clusters are of different sizes.
Fuzzy C Means (FCM) 
Computational time is high for more substantial dimensionality data.
ISODATA 
Computational time is high when the data is unstructured.
( )
where x represents the spectral signature vector of an image pixel, y represents the spectral signature vector of a training area and n represents the number of satellite image bands. | Vegetation index metrics: Spectral information helps researchers to monitor the surface of the Earth and, therefore, provides the time series status of the land cover regions. The spectral features of vegetation help to gain information about the growth of plants and green areas throughout the world. The spatial resolution of each satellite spectrum differs, and Table 
We have explained the most commonly used vegetation indices for measuring the level of vegetation and the water content in the specific land cover region: EVI, NDVI and Normalised Difference Water Index (NDWI). The optimised vegetation index or EVI is useful in computing the global vegetation greenness. It corrects the canopy background noise of the data and displays areas with more dense vegetation. 2 ( ) ( )
where G represents the Gain factor, NIR represents the near infrared band, RED represents the red band and BLUE the blue band. C 1 , C 2 and L are the coefficients of aerosol resistance. The coefficient value of L = 1, C 1 = 6, C 2 = 7.5 and gain factor G = 2.5 were represented using the standard MODIS EVI algorithm. | Methods Purpose Limitations: MESMA 
The output will not be accurate when the given inputs have the wrong parameters and distributions.
Linear Spectral Mixture Model (LSMM) 
The main limitation of LSMM is endmember variability.
Fully Constrained Least Squares (FCLS) 
The image correction is not trivial and errors occur frequently.
Unconstrained Least Squares (UCLS) 
The low spatial resolution of the satellite image can lead to the most challenging problem of mixed pixels. | Mixture Tuned Matched: Filtering (MTMF) Method 
The flexibility of the method can also be a drawback since, due to spectral variability, false detection may occur in mixed pixels of the satellite image. | Monte Carlo Spectral: Mixture Analysis (MCSMA) 
Computational time is high and there is a risk of false precision.  The high and low possibilities of vegetation are identified by using NDVI values. 
( )
The high and low possibilities of having water content are identified by NDWI values. 
( ) | Classification metrics: The most important metric for validating LU/LC classification results is accuracy assessment. The accuracy of the LU/LC classified map is assessed by creating random point locations with their class value from the ground truth/reference data and by validating that with the classified data in a confusion matrix. The overall accuracy and the kappa coefficient are computed to validate the LU/LC classified result. 
( ) ( )   | Conversion of Land Use and its: Effects (CLUE) model  | Stand-alone model: This model used in the spatial allocation of LU/LC changes.
Cannot directly be applied at the regional scale.
Modules for land use Change Evaluation (MOLUSCE) 
where OA represents overall accuracy, KC represents the kappa coefficient, N signifies the matrix total observations, r signifies the number of rows in the error matrix, x ii denotes row i and column i observations, x i+ denotes row i observations and x +i represents column i observations. | LU/LC change metrics: The rate and percentage of change are calculated to analyse the LU/LC change.  | Conclusion: In this paper, we have provided a review of the LU/LC change analysis process and the methods frequently used by researchers to analyse MSP and HSP satellite images. LU/LC change has been explained for various application areas such as deforestation, urban expansion, agriculture/crop damage, vegetation loss and wetland change. This review provides detailed information about the characteristics of satellite data, geospatial software, pre-processing techniques, classification, clustering and spectral unmixing methods, landscape change models and the performance metrics for evaluating the satellite images. Amongst geospatial software, Matlab, Python and Rstudio have the advantage in developing new algorithms for analysing LU/LC changes using HSP and MSP satellite images. Pre-processing should be performed to correct the geometric, radiometric, topographic and atmospheric effects present in satellite images. Classification, clustering and spectral unmixing methods are used to extract the spectral features from satellite images. Effective landscape models were used to analyse the LU/LC change for specific time intervals in a particular region. The importance of performance metrics has been discussed in this review. It should help future researchers to work on the LU/LC change analysis process in the field of remote sensing. Developing a new optimised algorithm for LU/ LC classification and for analysing LU/LC change remains a challenge for future researchers. Information about LU/LC change will help to assist Government officials responsible for land resource planning to take adequate measures to protect the LU/LC environment.",12899,Research in the field of remote sensing of the environment is valuable and informative. Hyperspectral (HSP) and multispectral (MSP) satellite images have been used for different remote sensing applica...
Query_4,The major LULC changes in LCB from 1975 to 2013 stated by were the transition of water bodies and wetland around the Lake to cropland the loss of water bodies to other vegetation and an increase in urban area at the expense of other vegetation,2,paragraph,63,0,5,0.5606871247291565,"Dynamic change of land use/land cover patterns and driving factors of Nansihu Lake Basin in Shandong Province, China",content,"Introduction: Land use is one of the key forms of human impacts on the natural environment, thereby resulting in changes of land cover which provide fundamental information related to the biophysical properties of the earth's land surfaces 
Many LULC pattern metrics have been developed to reflect the LULC structural composition and spatial configuration characteristics 
The Nansihu Lake basin of Shandong Province is a crucial production base of grain, fisheries, coal and energy in both Shandong Province and China as a whole. Some mining activities in the basin started in the 1980s and continue today 
The scale effect of LULC patterns is a prerequisite for accurately understanding its characteristic 
However, LULC change detection methods rarely used at grid scale. We introduce the LULC gradient method, which is based on a grid, can effectively compare the regional differences in LULC patterns change. Therefore, by combining the LULC pattern index, dynamic change index, LULC transfer matrix and LULC gradient, this paper aims to reveal the dynamic change of LULC patterns in Shandong Nansihu Lake basin from 1987 to 2017. The driving factors of LULC patterns were analysed using a logistic regression model. Based on CLUE-S model, the differences in LULC patterns evolution under different simulated scenarios from 2017 to 2047 were further analysed. This study can provide theory support for land management decision-making and urban planning. It can also provide a reference to resolve the contradiction between economic development and land-use balance. | Materials and methods:  | Study area: The Nansihu Lake basin of Shandong Province contains 28 counties and districts of Jining, Zaozhuang, Heze and Tai'an Cities (Fig.  | Data source and processing: Landsat Thematic Mapper (TM) and Operational Land Imager (OLI) images of 1987, 2002 and 2017 were obtained from the Geo-spatial Data Cloud Platform (http://www.gsclo ud.cn/). All the images were acquired from April to September during the vigorous growing season of vegetation, with low cloud cover (Table  | Methods: The structure framework of the methodology used in this research is summarized in Fig.  | LULC change detection methods: On the basis of previous studies 
With reference to the related studies 
where K denotes the dynamic degree, U a and U b denote the area of LULC type in the beginning and at the end of the study period, respectively.
(1)
where LC denotes the comprehensive LULC dynamic degree, LU denotes the area of the study area, and △LU i-j denotes the absolute value of the area that was converted from one type to another type.
To further analyse the transfer between different LULC types and identify the number and direction of change during a period 
The LULC gradient was used to intuitively reflect the regional differences 
where DI denotes the LULC gradient, CA denotes the area of a certain LULC type in a grid, and CA i denotes the total area of different LULC types in a grid. | Logistic regression model: Logistic regression is designed to estimate the parameters of a multivariate explanatory model in situations where the dependent variables are binary and the independent variables are continuous or mixed variables 
where P denotes the occurrence probability of the event, x denotes the independent variable, α denotes the constant,
(3)
and β denotes the regression coefficient. The goodness-of-fit of the logistic regression model was evaluated by the relative operating characteristic (ROC)  | CLUE-S model: The CLUE-S model is composed of non-spatial and spatial modules. The non-spatial module is used to calculate the LULC demands by the Markov model. The spatial module translates these demands into LULC changes at different locations within the study area 
The NS was formulated based on the historical LULC changes trends. The LULC demand was simulated using the Markov model at a simulation step of 15 years based on the actual percentages of different LULC types in 2017 and the initial transition probability matrix from 2002 to 2017. The ES and CS were policy-based scenarios, and their LULC demand were calculated using the modified Markov transition matrix 
The conversion elasticity (ELAS) is related to the reversibility of LULC changes, which reflects the ease or difficulty of LULC conversion  | Results:  | Spatial-temporal change of LULC patterns:  | LULC pattern index analysis: At the patch level (Table 
On the whole basin, the ED and PAFRAC displayed a continuous growing trend (Table  | LULC dynamic transfer analysis: As seen in Table  | Regional differences analysis: According to the preliminary analysis, the two main LULC types in the basin were cultivated land and construction land, and waters were the most typical LULC in Shandong Nansihu Lake basin. Therefore, this section used cultivated land, construction land and waters as examples and analysed the regional differences in LULC changes on the basis of LULC gradient (Fig. 
In 1987, cultivated land was densely distributed in most of the basin, except for the central areas of cities, the eastern mountains and Nansihu Lake. The cultivated land with a high DI (80 < DI ≤ 100) reached 19,455.61 km 2 , covering 67.13%. The largest distribution area of construction land was the region with DI varying from 10 to 20. The construction land with DI ranging from 50 to 100 accounted for only 0.99%. The waters with a high DI (80 < DI ≤ 100) covered 306.2 km 2 , with a distribution mainly in Nansihu Lake. The waters with DI ranging from 50 to 100 covered 631.36 km 2 and were distributed along the Yellow River, Si River, Zhuzhaoxin River and Dongyu River.
In 2002, cultivated land showed an overall decreasing trend. The cultivated land with DI ranging from 80 to 100 decreased by 1915.21 km 2 . The construction land with a high DI (80 < DI ≤ 100) gradually emerged in Juancheng, Dongming, Dingtao, Chengwu, Caoxian and other counties. The construction land with DI ranging from 50 to 100 reached 593.24 km 2 , with the areal proportion increasing to 2.05%. A large amount of cultivated land surrounding cities was occupied, and the decrement in cultivated land Fig. 
In 2017, construction land increased significantly, while cultivated land tended to decline. The cultivated land with a high DI (80 < DI ≤ 100) decreased by 8166.05 km 2 , and the areal proportion decreased from 67.13% to 38.96%. The construction land with DI ranging from 50 to 100 increased from 287.24 km 2 to 2494.91 km 2 , and the areal proportion increased to 8.61%. The change was more prominent in Mudan District of Heze, downtown Jining and Tengzhou City, where the decrement in cultivated land reached 0.57 km 2 to 1 km 2 within a grid and the increment in construction land reached 0.67-1 km 2 . The waters with a high DI (80 < DI ≤ 100) increased significantly, reaching 688.96 km 2 , with a maximum increment in a grid of 1 km 2 , especially in Weishan Lake, Liangji Canal and the junction of Qufu, Yanzhou and Zoucheng Cities. | Driving factors analysis: The Wald statistic represents the relative weight per variable, and it evaluates the contribution of each variable to the event prediction. According to the Wald statistics shown in Table  | Simulation of LULC patterns under different scenarios: The simulations exhibited similar change trends of cultivated land and construction land under different scenarios, i.e., the expansion of construction land generally would mainly occur at the edges of original cities and at the expense of cultivated land. However, there would be marked differences in the magnitude and position of areal change. Under the NS, the change in construction land would be the largest. The conversion would occur mainly in Mudan District, Dingtao and Juye Counties of Heze, Jiaxiang County, Rencheng District, Yanzhou, Qufu and Zoucheng Cities of Jining, Tengzhou City of Zaozhuang and other regions with greater development potential along the main railways and highways. Under the ES, the increase range of construction land would decrease. The most significant change would be observed in Mudan District, downtown Jining and Rencheng District. Under the CS, the rangeability of cultivated land and construction land would decrease drastically. This result revealed that the cultivated land would receive effective protection.
Under the NS and CS, the forestland and grassland would decrease in the eastern mountains, the reduction under the CS would be more variable. The waters would have an increasing tendency, the increment under the CS would be slightly lower. Under the ES, these ecological lands would have an ascending tendency. Among them, the grassland would have the largest increase mainly at the expense of cultivated land, which would sharply increase by 1247.61 km 2 , especially in Juye County, Zoucheng City, Sishui and Ningyang Counties. The forestland would increase mainly in the eastern mountains, such as southern Sishui County, eastern Zoucheng City and Shanting District. Compared to the other two scenarios, the increase range of waters would be the largest under the ES, reaching 291.96 km 2 , focused primarily in Weishan County and western Dongming County. Under the three different scenarios, the change trend of unused land would be basically the same. There would be a decreasing trend mainly on the bank of Nansihu Lake and in the eastern mountains for the tendency of unused land. | Discussion:  | Spatial-temporal dynamic change of LULC patterns: Our results revealed that construction land increased sharply and cultivated land decreased dramatically from 1987 to 2017 in Nansihu Lake basin, waters fluctuated with climate and anthropogenic factors. As a result, cultivated land and construction land were the dominant LULC types. Urbanization and the reclaiming of cultivated land increased fragmentation, heterogeneity and shape complexity of LULC patterns. The rivers and lakes were invaded and replaced by grassland on the river bank and lakeshore due to the severe drought in 2002. Because of the increasing of agricultural irrigation and imperfect urban planning systems, waters decreased from 1987 to 2002. With the promulgation of the water laws of the People's Republic of China in 2002, the occurrence of an abrupt drought-flood transition during the flood season of 2003, the establishment of the Nansihu Nature Reserve, the introduction of the overall land use planning in 2006 and the increase in coal mining subsidence areas, waters showed an increasing tendency between 2002 and 2017.
A novelty of this study is that it reflects the regional differences based on gradient analysis. Our results demonstrated that during 1987-2017, the main change direction involved in cultivated land reduction was the conversion to construction land, and 4109.22 km 2 was converted into construction land, accounting for 86.38% of the cultivated land change; finally, the contribution rate to the construction land was 95.24%. Due to the forms of urban growth, the construction land expanded outward from the original city centre and along the main lines of communication. The largest transformation to construction land occurred in the areas surrounding cities and towns, especially in Mudan District of Heze, downtown Jining and downtown Zaozhuang. These change trends were similar to the findings of  | Driving factors of LULC changes: Generally, LULC changes in Nansihu Lake basin were strongly influenced by natural environment and socio-economic factors. Altitude and slope were negative explanatory variables for cultivated land, construction land and waters, suggesting that the areas with higher altitude and steeper slope were not suitable for the requirements of agricultural production and livelihood. However, the higher distribution probability of forestland and grassland were found at higher altitude and steeper slope. Temperature and precipitation as climatic factors had important impacts on vegetation and waters. A negative correlation was found between temperature and cultivated land, which is consistent with the study of 
GDP, POP and distance to cities were the most important explanatory variables for the construction land distribution. GDP and POP to some extent reflected the regional economic and social development. With the acceleration of urbanization, the urban land demand for infrastructure driving by population growth and economic development increased gradually. The scale of construction land expanded rapidly, which led to a serious loss of cultivated land and a significant LULC change in the peripheral areas of cities. Influenced by the radiating and driving effects of the city centre, with the decrease in the distance to cities, the distribution probability of construction land was increased. The areas surrounding the main roads had become active economic growth areas because of the convenient traffic conditions; moreover, the increase in distribution probability of residential area, township and other construction land led to a remarkable LULC change. Similar studies found that areas with good transport access experience a higher probability of LULC changes 
Coal mining induced surface subsidence and waterlogging in the late 1980s and continue today. The surrounding areas of the coal mines were not suitable for production and livelihood. In addition, policy planning had been considered the important driving factor for LULC changes  | LULC change prediction: The Overall Land Use Planning of Jining, Zaozhuang, Heze and Tai'an Cities emphasize the clusterization of cities, land consolidation and ecological space protection. Compared with the historical LULC patterns and the future development orientation and strategies outlined in the planning, the LULC patterns would become more regular, simpler and more aggregated in 2047, evidenced by the reduction in ED, PAFRAC and SPLIT, and the increase in AI (Fig.  | Conclusions: This study demonstrated the effectiveness of the combined method of LULC pattern index, dynamic change index, LULC transfer matrix and gradient analysis for deciphering the dynamic change of LULC patterns in response to natural environmental and anthropogenic activities. Based on logistic regression model and CLUE-S model, the driving factors analysis and scenario simulation analysis were conducted. The results showed that the basin was dominated by cultivated land and construction land. The areas surrounding counties, cities, districts and main roads became hotspots of LULC changes, which led a large amount of cultivated land to be occupied by construction land. LULC changes were driven by the complex interactions of natural environment and socio-economic factors. Under different scenarios, the expansion of construction land and occupation of cultivated land will continue to be the main characteristics of LULC changes in the future. The LULC patterns will become more regular and more aggregated and the distribution will show a uniform trend. Overall, this study can help identify the characteristics of historical LULC changes and near-future critical locations in the face of the continuous pressure on environment. The results can assist decision-makers in implementing effective protection strategies and sustainable land-use management.
This paper analysed the dynamic change of LULC patterns from the perspective of the grid method, which can compensate for the shortage of expressing the LULC distribution of the study area by using the average value. However, the results will vary with patch sizes. In the future, the scale effect should be fully explored through transforming the grid size in the spatial dimension. Additionally, the accuracy and comprehensiveness of the driving factors should be improved. Determining how to integrate policy implementation, values and other dynamic driving factors quantitatively and spatially to construct the driving forces model of LULC changes should be the focus of further research.",15992,Anthropogenic activities and natural factors have a significant effect on land use/land cover (LULC) patterns of Nansihu Lake basin. Understanding the LULC change is essential for regional sustainable...
Query_5,In Fakara the landscape was converted from a Sahelian savanna to largely eroded agricultural agroforestry parkland during the 20th century,2,paragraph,62,0,1,0.5218746662139893,"Trees, Forests and People",abstract,"The present study examines the land use land cover (LULC) and change detection impacts on forest ecosystem in Achanakmaar Amarkantak Biosphere Reserve (AABR -area 626.76 km 2 ) of Central India. Results revealed that there has been a change in AABR land use pattern from 2008 to 2018. The major changes include loss of 19.72 km 2 of vegetation cover in various forest types due to increasing biotic interference and over grazing, conversion of 14.77 km 2 of Dense Sal mixed forest to open mixed forest and cultivable land, and 5.0 km 2 teak plantation and Bamboo brakes to agricultural land. Despite losing many plant species due to anthropogenic pressure, the present study found that the AABR as a unique repository of plant species rich in biodiversity. Many spots of this area are invaded or replaced by exotic species which is causing the loss of ecology and diversity of this region. Based on our study Sal mixed forest reduced by 2.88% (5.23 km 2 ), Dense mixed forest 4.02% (9.54 km 2 ), Teak plantation 6.77% (2.61 km 2 ) and Bamboo brakes reduced by 7.66% (2.34 km 2 ). The study concludes that the Landsat 7 TM and Resourcesat 2A satellite images are the most suitable for studying the LULC change on forest ecosystem of AABR. We advocate that by adopting the rigorous conservation measures, especially in open & dense forest and young under-stocked teak forests can restore the vegetation density and diversity in the area. Moreover, Sal natural regeneration of vegetation would remain crucial, and invasion of exotic species over native species needs to be restored in the forest area. Such findings on major changes occurring in forest ecosystem hold tremendous implications in relation to the welfare of the resource-poor tribal communities who are greatly dependent on the natural resources available in AABR for their livelihood.",1846,The present study examines the land use land cover (LULC) and change detection impacts on forest ecosystem in Achanakmaar Amarkantak Biosphere Reserve (AABR -area 626.76 km 2 ) of Central India. Resul...
Query_5,In Fakara the landscape was converted from a Sahelian savanna to largely eroded agricultural agroforestry parkland during the 20th century,2,paragraph,24,0,2,0.5208121538162231,Land use land cover change and the resilience of social-ecological systems in a sub-region in South west Cameroon,content,"Introduction: Holistically, landscape as a geographical area is characterised by its biophysical contents of observable, natural, and human-induced characteristics, including ecosystem type and socio-cultural relations to areas at different spatial scales 
Decision-making in land use land cover change (LULCC) can be explained, to a large extent, by the socio-economic, climatic, and soil conditions of a location 
SES are integrated complex and adaptive systems, in which social and ecological sub-systems are coupled and interdependent, each a function of the other, expressed in a series of mutual feedback relationships 
Landscapes and their ecosystems are influenced by the institutions that govern their use and by the indigenous communities dependent on the forest resources 
The spatio-temporal patterns, processes, and causes of LULCC are still not well understood in land system science 
The old paradigm of horizontal expansion of agricultural land and built-up areas over highland and lowland ecosystems remains the norm in Cameroon, causing significant changes in LULC and undermining the resilience and sustainability of SES along its western highland region, where the study area of Fako division is located. The biophysical landscape of the study area is composed of important lowland agricultural estates, mountain forests, and coastal mangrove ecological systems across its five sub-divisions, which are undergoing increasing transformation. In this study, the concept of SES was used to understand human-environment interactions and outcome, while that of LULCC was used to understand the spatio-temporal patterns and processes of change related to biophysical and socio-economic factors in Fako division from 1986 to 2018. 
The main objective of this study is to explore LULCC and expert stakeholder perceptions of changing SES in Fako division, South west region of Cameroon. Specifically, the study aims  | Methods:  | Study area: The study area is Fako division (Fig. 
The sub-region falls within the tropical rainforest zone with an equatorial monsoon climate. Annual rainfall ranges from 2000 to 4000 mm, attributed to the effect of the forested Mount Cameroon (4095 m above sea level), which intercepts wet air masses and its proximity to the Atlantic Coast of Cameroon. The highest rainfall comes between July and September with monthly amounts ranging from 400 to 500 mm, particularly in Limbe, Buea, and West Coast sub-divisions, with the latter receiving even higher monthly and annual rainfall. The high annual rainfall and historical volcanic eruption of lava and ash contributes to the very high soil fertility in the sub-region, which is highly exploited for small-, medium-, and large-scale agricultural production activities. The sub-region presents the best example of historically human-induced progressive conversion and changes in lowland dense forest and grassland cover in Cameroon, predominantly for plantation agriculture, a legacy of German colonial administration. Current urban sprawl dominated by housing development and expanding arable cropland and agro-industrial plantations in peri-urban areas are significantly transforming the landscape and producing varied social-ecological systems in Fako Division. | Data sources:  | Land use land cover data: A combination of Multispectral Scanner 3 (MSS), Landsat Enhanced Thematic Mapper Plus 7 (ETM +), and Landsat Operational Land Imager 8 (OLI) was used to obtain the LULC and LULCC data of Fako division, in the South west region of Cameroon (http:// glovis. usgs. gov/), supplemented with Google Earth Imagery data. Details of the methods of LULCC data collection and the general procedure for acquisition of the LULC maps and classification of LULC classes can be found in 
The study is based on the biophysical landscape characterisation approach using statistical analyses to obtain LULC data in order to identify gradients of variation in the presence and /or abundance of landscape diversity 
The study used two LULC maps of Fako division for the period 1986 (Fig.  | Focus group survey data: This exploratory study followed a stakeholder-driven scenario development during multi-stakeholder questionnaire administration in focus group discussion sessions held in Buea, headquarter of Fako division. Focus group survey is a form of group interview that capitalises on communication and deliberation between participants to generate data based on a group consensus 
Stakeholders play an important role in scenario analysis, especially for assessing and modelling future LULCC and their possible impacts 
The identification and selection of participants for the stakeholder focus group interview took into consideration the participant's knowledge of evolving land uses, their drivers, and indicators, and demonstrated interest, willingness, and readiness in local knowledge sharing and collaborative learning. The survey method involved the selection of economic sectors and development of qualitative and semiquantitative sector trajectories; assessing the likelihood of LULCC, identifying the drivers, indicators, and the spatial patterns. In the stakeholder scenario analysis, we used the business as usual scenario (BUS) and green economy scenario (GES). In the BUS, continuous expansion of human degradation activities such as land use conversion to agricultural uses impacts forests, woodland, and wetlands, with no productivity gain expected. In the GES, decreasing deforestation and degradation with increasing productivity and implementation of payment for ecosystem service schemes is envisaged 
In this study, we identified 8 socio-economic drivers of LULCC specific to Cameroon, including population growth, agricultural and cropland expansion, biomass energy (fuelwood and charcoal) exploitation, livestock grazing, commercial logging/timber exploitation (legal and illegal), bushfires (human-set fire), infrastructural development, and mining expansion. All the 25 participants in the focus groups were presented with these socio-economic sectors most relevant to local livelihoods and national economy. It is invaluable to define a representation of the proximate and most important groups of drivers and underlying causes of deforestation and LULCC 
During the focus groups, participants were encouraged to use information such as specific sites of potential LULCC such as administrative units or gazetted sites, or biophysical factors associated with them such as nearness to mountain, sea and national road network, proportion of cultivable land, endemism, conservation attraction, size of farm labour, and business growth attractions, among others, in the ranking exercises. The stakeholders discussed their different perspectives to generate consensus and harmonise visions within each sub-division and in the sub-region. Each expert focus group discussion session was led by a facilitator, who took notes and ensure a collective understanding of the objectives, without actively participating in the discussion. The structured questions were designed to explore expert stakeholder observations, perceptions, and future scenarios of either continuous resource degradation or improved resource governance, sustainable land use planning and green economy development based on the current activities and practices in the sub-region. | Data analysis: Quantitative analyses for LULCC assessment statistics and understanding of evolving spatial patterns and trajectories in the sub-region from 1986 to 2018 were performed using ArcGIS 10.2. Data on the likelihood for potential changes from one LULC class to another in each of the sub-divisions was analysed using a likelihood probability ratio scale to locate the points of similarity or dissimilarity of variables within the sub-divisions and sub-region. We used the likelihood probability ratio scale of 0.95-1.0 (Extremely likely), 0.9-1.0 (Very likely), 0.66-1.0 (Likely), 0.50-1.0 (Possible), 0.33-1.0 (Unlikely), 0.10-1.0 (Very unlikely), and 0.05-1.0 (Extremely unlikely). This vulnerability or likelihood scale enabled stakeholders to deliberate and negotiate uncertainty and confidence intervals of variables in the LULCC and scenario analysis framework. Data from stakeholder ranking of the drivers and indicators of LULCC under the BUS and GES were also analysed using radar charts while statistically significant differences in the stakeholder perceptions ranking across the five sub-divisions was detected using Friedman test statistics in XLSTAT version 2020. In a radar chart, the data length of a spoke is proportional to the magnitude of the variable for the data point starting from a center point of 0.0 relative to the maximum magnitude point of 1.0 of the variable across all the data points  | Results:  | Spatial distribution of land use land cover change assessment: The spatial distribution of LULCC among the five sub-divisions in the sub-region showed appreciable spatial and temporal variability but with somehow similar trends from 1986 to 2018 (Appendix 1). In Buea sub-division, dense forest cover decreased from 25,937 to 12,736 ha (-50.9%), that is, by 22.3% of the total land surface area, and at an annual rate of 0.7% (Table 
In Limbe sub-division, dense forest cover decreased from 12,675 to 9818 ha (-22.5%), that is, by 11.76% of the total land surface area, and at an average annual rate of 0.37% from 1986 to 2018 (Table 
In Tiko sub-division, dense forest cover decreased from 16,221 to 5179 ha (-68.1%), that is, by 23.8% of the total land surface area, and at an average annual rate of 0.67% from 1986 to 2018 (Table 
In Muyuka sub-division, dense forest cover decreased from 29,618 to 6859 ha (-76.8%), that is, by 47.4% of the total land surface area, and at an average annual rate of 1.48% from 1986 to 2018 (Table 
In West Coast sub-division, dense forest decreased from 17,565 to 6232 ha (-64.5%), that is, by 46.1% of the total land surface area, at an average annual rate of 1.44% from 1986 to 2018 (Table 
For LULCC at the sub-regional scale, mangrove forest, grassland, and montane forest increased from 14,971 to 20,155 ha (2.55%), 9062 to 9686 ha (0.31%), and 2795 to 28,733 ha (12.8%), respectively, from 1986 to 2018 (Table 
Under the GES analysis, sustainable land management (e.g. adequate master and land use plans), good governance (e.g. law enforcement, capacity building, community awareness), conservation (e.g. creation of protected areas, community forest, council forest), and afforestation and reforestation (ecosystem restoration initiatives) were ranked as the most important measures towards LULCC reduction in all the subdivisions. On the other hand, sustainable forest management (good practices, access, and equity in benefit sharing), incentives (payment for ecosystem services to smallholders and communities), and technological improvement (improved stoves, alternative energy sources) were ranked as the lowest impact measures towards LULCC reduction under GES in the subdivisions (Fig. 
Furthermore, the expert stakeholders ranked the indicators of the socio-economic drivers of LULCC under the BUS and GES and the results were similar on the most part, with only small variations in the order of the ranking of the indicators among the subdivisions (Figs. 
The likelihood of a potential change from one LULC to another was envisaged to be highest for mangrove forest, oil palm plantation, banana planation, water, dense forest, and other cultivated areas in Buea subdivision (Fig. 
The spatial pattern of degradation of LULC under the BUS in the future is presented in Fig. 
The spatial pattern of degradation of LULC under the GES in the future is presented in Fig.  | Discussion: In the 1980s, landscape transformation in the study area was mainly dominated by conversion of lowland dense forest and grassland to agro-industrial plantations in a time of low population growth and low land and food demand, thus producing more resilient and adaptable SES. In the 2000s, the historical hot zones for agro-industrial plantations that were initial sites of rapid dense forest cover conversion became attractive sites for conversion to built-up areas and other cultivated areas of cropland in the sub-region, following increased population growth and high land and food demand, thus producing less resilient and adaptable SES. The spatial pattern of LULCC show some appreciable common decreasing trends in dense forest cover in all the five sub-divisions, with the decrease ranging from 11.76 to 47.4% from 1986 to 2018. The increased LULCC from the year 2000 are associated with the dwindling resilience and adaptability of SES in areas closer to the sea and national road networks in the sub-region, where social systems such as student villages, residential suburbs, migrant settlements, and farming and fishing village communities have developed and expanded at the detriment of ecological systems such as lowland forests, grassland and mangroves. Consistent with this result, forest cover loss showed increasing trends in four community forests in Fako division from 2001 to 2018, due to mainly to agricultural expansion, illegal exploitation of wood and non-wood products, and weak governance 
The decrease in rubber plantation cover, ranging from 1.08 to 13.2% across all the sub-divisions, is indicative of changing global commodity consumption patterns and falling commodity product prices in the export market, consistent with the observations of 
The population of Fako division has almost doubled over the last 30 years, that is, from 248,032 inhabitants in 1987 to 466,412 inhabitants in 2005 with a growth rate of 4.89, compared to a national average of 2.59%. Urban sprawl remains the dominant and widely prevailing form of urban growth in the sub-region. The observed significant differences in the increase of built-up areas between the sub-divisions are attributable to differences in population growth, socio-economic attractions, and strength and resilience of the local economy. Buea and Limbe sub-divisions have higher population growth rates (> 4.5% compared to 2.59% national average), urbanisation rate, socio-economic attractions, business growth rate, and traffic density than Tiko, Muyuka, and West Coast sub-divisions with significantly more agrarian local economy. Beyond 2000, much of the expansion in built-up areas and other cultivated areas of cropland occurred more in non-forest than forest areas in Buea and Limbe subdivisions, leading to a decrease in the area cover of agro-industrial plantations. Built-up land expansion due to urban growth usually occurs at the expense of ecological land cover classes in many developing countries 
In addition, the rapid population growth is causing high land value and increasing competition for farmland, leading to increased food prices, and threatening food security in Buea and Limbe sub-divisions. In particular, the rapid population growth rate due mainly to migration is triggering unprecedented progressive land tenure change from public land tenure to customary tenure and private land ownership since the 2000s to meet up with the increasing land demand for housing and farmland development. The wellintended government development strategy of land redistribution (land reform) has increased land and land use conflict, systematic land grabbing by local elites, wealthy business owners and decentralised government administrators, and exacerbated forest clearing and land use conversion for personal gains, consistent with the results of 
The old paradigm of horizontal expansion of smallholder cultivated areas of cropland and agro-industrial (including non-industrial oil palm) plantations remains the main form of agricultural growth in the sub-region. It occurs in both non-forest and dense forest areas, mostly in West Coast, Muyuka, and Tiko sub-divisions of the sub-region, with higher farming population and poorer socio-economic development. Smallholder land use decision-making in terms of survivalist, subsistence-oriented, and market-oriented types are more likely found in areas with higher poverty levels and overall lower levels of socio-economic development 
Results on the spatial distribution of LULCC in the sub-region indicated dense forest cover and other cultivated areas of cropland, respectively, decreased and increased the highest in the Northern and Eastern zones, located in Muyuka (-47.4% and 16.2%) and Tiko (-23.8% and 11.9%) sub-divisions from 1986 to 2018. In both sub-divisions, the topography is relatively low-lying, high farming population, and large proportion of cultivable land favoured the conversion of dense forest to cocoa, arable cropland, and agro-industrial plantations. In the northern zone, the on-going armed conflict in Anglophone Cameroon is causing more and more people to seek semi-permanent refuge in the forests, clearing more forest land to expand farmland and semi-permanent settlements. In general, the lowland ecological systems in the subregion experienced tremendous transformation due to greater vulnerability to overwhelming human pressure, undermining their resilience and sustainability. The lowland dense forest and grassland covers were converted to other land uses, mainly other cultivated areas (10.51%), oil palm (2.82%), banana (0.92%) plantations, and built-up areas (1.6%). In the lowland ecological systems, LULCC mostly increased with nearness to the Atlantic Coastline and settlements, and along national road networks and major markets linking main cities, towns, and villages in the sub-region, emphasising the vulnerability of lowland and coastalland boundary ecosystems. Consistent with this study results, 
On the other hand, the conversion of dense forest to other land uses was lower (-13,201 ha and -22.3%) in the mountain ecological systems in Buea sub-division, indicating their greater resilience to human-induced change relating to deforestation and forest degradation, and lesser vulnerability to agricultural expansion activities compared to lowland areas of Muyuka and Tiko sub-divisions. The results confirm the hypothesis that LULCC decreased with increase in elevation of Mount Cameroon (4095 m), a biophysical barrier in the northwest zone, emphasising the resilience of the mountain ecosystem in the sub-region. 
The stakeholder groups successfully ranked the drivers and indicators of LULCC under the BUS and GES despite the technical complexity of the questionnaire, thanks to the higher education level, academic and professional background, and technical experience. Under the BUS, the expert stakeholders emphasised that population growth, agricultural land expansion, infrastructural development, and biomass energy exploitation (fuelwood and charcoal), respectively, are the key drivers of increased LULCC in the sub-region. This is consistent with the findings of  | 338: Page 20 of 23
The expansion of agricultural and croplands is consistent with government policy encouraging more youths to engage in agriculture as a means of employment, with the aim of increasing national GDP from export earnings, food security, nutrition diversity, household income, and local economic resilience. This is consistent with reports that arable production in Cameroon is declining or stagnating, and the situation is pushing more people to facing the problems of food insecurity 
The expert stakeholders ranked sustainable land management, good governance, conservation, and reforestation, respectively, as the highest impact drivers and predictors of green economy development, with only small variations in stakeholder perceptions between the sub-divisions. Consistent with this result, 
The stakeholders emphasised that population growth and sustainable land management, respectively, are the main drivers of increased and decreased degradation under the BUS and GES in the subregion. Population growth drives expansion in oil palm plantations at small scale, while national agricultural development plan triggers expansion of agroindustrial plantations at large spatial scales in the subregion  | Conclusion: Natural vegetation landscapes are undergoing significant human transformations, causing significant alterations of ecosystem services and functions, and undermining the resilience and sustainability of SES. We analysed satellite imagery of 1986 and 2018 to examine the extent and spatial patterns of LULCC and validated current and future LULCC scenarios with expert multi-stakeholder perceptions in five subdivisions of Fako division of Cameroon. The increase in other cultivated areas of cropland, oil palm plantations and built-up areas, and decrease in dense forest and rubber plantation covers dominated the LULCC in the sub-region from 1986 to 2018. However, most of the deforestation and LULCC was caused by expansion of other cultivated areas of cropland by smallholders, contrary to the widely publicised narrative of agro-industrial and built-up areas expansion. Expansion of other cultivated areas of cropland, oil palm, and banana plantations were highest in the northern and eastern zones located in Muyuka and Tiko sub-divisions, respectively. The low-lying topography, higher proportion of cultivable land, farm labour, and predominantly agrarian local economy favoured horizontal agricultural land expansion more in the northern and eastern zones of the subregion. The increase in built-up areas was highest in Page 21 of 23 338 the central, south, and western coastal zones due to rapid population growth, unregulated urbanisation, and better socio-economic opportunities in Buea and Limbe sub-divisions. Due to the rapid unregulated urbanisation, urban sprawl was the dominant mode of urban growth in the sub-region. Rubber plantations and lowland dense forest are extremely vulnerable to degradation based on the economics of changing commodity market prices. Oil palm and banana plantations, mangrove, and montane forests showed appreciable resilience to human transformation activities in the sub-region. Population growth, agricultural and farmland expansion, and infrastructural development were ranked as the three most important drivers of degradation under the BUS, while sustainable land management, good governance, and afforestation/reforestation were ranked as the three most important predictors of LULCC reduction under the GES. LULCC decreased with increase in elevation of Mount Cameroon (4095 m) in the northwest zone, but increased with nearness to the Atlantic Coast in the western zone and national road networks, emphasising the resilience of the mountain ecosystem and the vulnerability of lowland and coastal-land boundary ecosystems. The west and south facing slopes of Mount Cameroon harbours high value forests with high endemism and conservation attractiveness, and remains a key biodiversity hot spot, watershed providing clean water, healthy soil and regulating the climate in the central Africa sub-region and beyond. In general, production and living land covers significantly increased at the expense of ecological land covers. Therefore, increasing the legal protection of the mountain and coastal land-boundary ecological systems while providing for production and living land is invaluable for the sustainability of ecosystem functions and services in the western highland region of Cameroon and in the rainforest-rich Congo Basin.",23425,"LULCC and magnitude of impact of the drivers and predictors of LULCC in the sub-region by engag-| ing 25 stakeholders in a focus group survey. Other cultivated areas of cropland, built-up, oil palm, a..."
Query_5,In Fakara the landscape was converted from a Sahelian savanna to largely eroded agricultural agroforestry parkland during the 20th century,2,paragraph,63,0,3,0.4925110340118408,"Dynamic change of land use/land cover patterns and driving factors of Nansihu Lake Basin in Shandong Province, China",abstract,"Anthropogenic activities and natural factors have a significant effect on land use/land cover (LULC) patterns of Nansihu Lake basin. Understanding the LULC change is essential for regional sustainable development. Based on LULC change detection methods, we characterized the spatial-temporal change of LULC patterns. Logistic regression model and the Conversion of Land Use and its Effects at Small regional extent (CLUE-S) model were used in driving factors analysis and scenario simulation. The results showed that cultivated land and construction land were the dominant LULC types. As construction land gradually expanded to the surrounding areas, a large amount of cultivated land was occupied, especially in the peripheral areas of the central cities. During 1987During  -2017, 4109, 4109.22 km 2 of cultivated land was converted into construction land, accounting for 86.38% of cultivated land change, and the contribution rate to construction land was 95.24%. Because of the severe drought in 2002, waters first decreased and then increased. The dynamic degree of waters reached 2.11%, and the increment of waters was mainly converted from cultivated land and unused land. The degree of LULC fragmentation was strengthened, and the distribution showed a diversified trend. The LULC changes were deeply influenced by natural environment and socio-economic factors. Under different scenarios, the expansion of construction land and occupation of cultivated land will continue to be the main features of LULC changes in the future. The LULC patterns will become more regular and more aggregated. This study can help address the interwoven challenges of urbanization development and ecological protection.",1708,Anthropogenic activities and natural factors have a significant effect on land use/land cover (LULC) patterns of Nansihu Lake basin. Understanding the LULC change is essential for regional sustainable...
Query_5,In Fakara the landscape was converted from a Sahelian savanna to largely eroded agricultural agroforestry parkland during the 20th century,2,paragraph,13,0,4,0.49012047052383423,"Monitoring land use and land cover change near a nuclear power plant construction site: Akkuyu case, Turkey",abstract,". The agricultural areas in the study area were changed into other LULC classes: 9.1% to artificial surfaces, 27.6% to barren lands, and 21.7% to forest. The rise in the area of artificial surfaces was especially noticeable within the 1 km buffer zone: construction activities converted 36.1% of agricultural fields, 54.1% of forests, and 23.2% of barren lands into artificial surfaces. The filling activities on the seashore resulted in a loss of water bodies of up to 26.5%. The study provides an overview of how the LULC classes have evolved on the construction site and in the region. In the end, the study discusses how the current land use preferences in the region contradict the issues and concerns mentioned in the existing body of literature.",752,". The agricultural areas in the study area were changed into other LULC classes: 9.1% to artificial surfaces, 27.6% to barren lands, and 21.7% to forest. The rise in the area of artificial surfaces wa..."
Query_5,In Fakara the landscape was converted from a Sahelian savanna to largely eroded agricultural agroforestry parkland during the 20th century,2,paragraph,57,0,5,0.4812924265861511,Impact of land use and land cover change on the landscape pattern and service value of the village ecosystem in the karst desertification control,title,Impact of land use and land cover change on the landscape pattern and service value of the village ecosystem in the karst desertification control,145,Human activities have had a significant impact on ecosystems. Studying landscape patterns and ecosystem services (ES) at the village scale based on land use and land cover (LULC) is essential in addre...
