sentence_id,sentence,source,relationship,target,confidence
0,"After the droughts in the 1970s and 1980s, the observed loss of woody vegetation cover was often considered as irreversible [desertification] and large parts of the Sahel were designated as degraded land (e.g",droughts,CAUSES,loss,HIGH
0,"After the droughts in the 1970s and 1980s, the observed loss of woody vegetation cover was often considered as irreversible [desertification] and large parts of the Sahel were designated as degraded land (e.g",loss,DECREASES_BY,woody_vegetation_cover,MEDIUM
0,"After the droughts in the 1970s and 1980s, the observed loss of woody vegetation cover was often considered as irreversible [desertification] and large parts of the Sahel were designated as degraded land (e.g",large_parts,LOCATED_IN,Sahel,HIGH
2,The forests of West and Central Africa probably originally covered a combined area of about 3 million km 2,forests,LOCATED_IN,West and Central Africa,HIGH
2,The forests of West and Central Africa probably originally covered a combined area of about 3 million km 2,forests,MEASURES,area of about 3 million km,MEDIUM
3,"(1993)'}], '#text': ""An increase of land under [cultivation] can be in the form of either (a) clearing more land within the present territory, or (b) migrating to other areas to develop new land for [cultivation]",increase,INCREASES_BY,cultivation,HIGH
4,"(2006), who estimate an increase in the national [urban] share of 0.45 percent with a reduction in national rainfall of 1 percent",(2006),OCCURS_DURING,[study],HIGH
4,"(2006), who estimate an increase in the national [urban] share of 0.45 percent with a reduction in national rainfall of 1 percent",[study],ENABLES,(estimation),MEDIUM
5,").'}]}, {'@xmlns': 'http://www.tei-c.org/ns/1.0', 'head': {'@n': '4.2.', '#text': '[Land use ]change in the study site'}, 'p': {'ref': [{'@type': 'figure', '@target': '#fig_1', '#text': '2a'}, {'@type': 'figure', '@target': '#fig_1', '#text': '2b'}], '#text': 'From 1996 to 2017, the area covered by cropped fields, C, has increased from 40% to 51.3% over the study site area, and from 47% to 64% of the arable lands in the study site due to the loss fallows",1996 to 2017,OCCURS_DURING,change,HIGH
5,").'}]}, {'@xmlns': 'http://www.tei-c.org/ns/1.0', 'head': {'@n': '4.2.', '#text': '[Land use ]change in the study site'}, 'p': {'ref': [{'@type': 'figure', '@target': '#fig_1', '#text': '2a'}, {'@type': 'figure', '@target': '#fig_1', '#text': '2b'}], '#text': 'From 1996 to 2017, the area covered by cropped fields, C, has increased from 40% to 51.3% over the study site area, and from 47% to 64% of the arable lands in the study site due to the loss fallows",change,INCREASES_BY,11.3% --FROM_TO-- 40% --TO-- 51.3%,HIGH
5,").'}]}, {'@xmlns': 'http://www.tei-c.org/ns/1.0', 'head': {'@n': '4.2.', '#text': '[Land use ]change in the study site'}, 'p': {'ref': [{'@type': 'figure', '@target': '#fig_1', '#text': '2a'}, {'@type': 'figure', '@target': '#fig_1', '#text': '2b'}], '#text': 'From 1996 to 2017, the area covered by cropped fields, C, has increased from 40% to 51.3% over the study site area, and from 47% to 64% of the arable lands in the study site due to the loss fallows",change,INCREASES_BY,17% --FROM_TO-- 47% --TO-- 64%,HIGH
5,").'}]}, {'@xmlns': 'http://www.tei-c.org/ns/1.0', 'head': {'@n': '4.2.', '#text': '[Land use ]change in the study site'}, 'p': {'ref': [{'@type': 'figure', '@target': '#fig_1', '#text': '2a'}, {'@type': 'figure', '@target': '#fig_1', '#text': '2b'}], '#text': 'From 1996 to 2017, the area covered by cropped fields, C, has increased from 40% to 51.3% over the study site area, and from 47% to 64% of the arable lands in the study site due to the loss fallows",loss,CAUSES,change,MEDIUM
5,").'}]}, {'@xmlns': 'http://www.tei-c.org/ns/1.0', 'head': {'@n': '4.2.', '#text': '[Land use ]change in the study site'}, 'p': {'ref': [{'@type': 'figure', '@target': '#fig_1', '#text': '2a'}, {'@type': 'figure', '@target': '#fig_1', '#text': '2b'}], '#text': 'From 1996 to 2017, the area covered by cropped fields, C, has increased from 40% to 51.3% over the study site area, and from 47% to 64% of the arable lands in the study site due to the loss fallows",study_site,LOCATED_IN,study_site_area,HIGH
7,"[Forest] land was decreased nearly by half in 2002 compared to its coverage in 1984, while the size of the gallery [forest] did not change much",forest (1984),DECREASES_BY,forest (2002),HIGH
8,"About 26 and 31% of the total area of natural vegetation ([forest], woodland and tree [savanna]) will be converted to farmland and degraded [savanna] by 2050 if we assume the dynamics recorded from 1975 to 1990 and 1990-2010, respectively",26%,DECREASES_BY,forest,HIGH
8,"About 26 and 31% of the total area of natural vegetation ([forest], woodland and tree [savanna]) will be converted to farmland and degraded [savanna] by 2050 if we assume the dynamics recorded from 1975 to 1990 and 1990-2010, respectively","forest, woodland, tree savanna",CHANGE_TO,farmland,HIGH
8,"About 26 and 31% of the total area of natural vegetation ([forest], woodland and tree [savanna]) will be converted to farmland and degraded [savanna] by 2050 if we assume the dynamics recorded from 1975 to 1990 and 1990-2010, respectively",farmland,LOCATED_IN,total area,MEDIUM
8,"About 26 and 31% of the total area of natural vegetation ([forest], woodland and tree [savanna]) will be converted to farmland and degraded [savanna] by 2050 if we assume the dynamics recorded from 1975 to 1990 and 1990-2010, respectively",2050,OCCURS_DURING,future,HIGH
8,"About 26 and 31% of the total area of natural vegetation ([forest], woodland and tree [savanna]) will be converted to farmland and degraded [savanna] by 2050 if we assume the dynamics recorded from 1975 to 1990 and 1990-2010, respectively",1975,OCCURS_DURING,past,HIGH
8,"About 26 and 31% of the total area of natural vegetation ([forest], woodland and tree [savanna]) will be converted to farmland and degraded [savanna] by 2050 if we assume the dynamics recorded from 1975 to 1990 and 1990-2010, respectively",1990,OCCURS_DURING,past,HIGH
9,"Although such schemes clearly have the potential to benefit biodiversity and the wider environment, further research is required to quantify the benefits and risks, assess the scales over which benefits are being and are likely to be delivered, and to assess the socio-economic implications for livelihoods and land-use .'}]}, {'@xmlns': 'http://www.tei-c.org/ns/1.0', 'head': {'@n': '4.3.', '#text': 'Wider implications'}, 'p': {'ref': [{'@type': 'figure', '@target': '#fig_0', '#text': '1'}, {'@type': 'bibr', '@target': '#b54', '#text': '(Laporte et al., 2007)'}, {'@type': 'bibr', '#text': '(Laurance et al., 2006a,b;'}, {'@type': 'bibr', '@target': '#b89', '#text': 'Wilkie et al., 2000;'}, {'@type': 'bibr', '@target': '#b92', '#text': 'Zhang et al., 2006)'}, {'@type': 'bibr', '@target': '#b16', '#text': '(Butler and Laurance, 2008)'}], '#text': 'The tropical [forest] zone in West Africa has experienced centuries of human modification, leading to a substantial decline in [forest] cover and loss of [forest] biodiversity",West_Africa,LOCATED_IN,tropical_zone,HIGH
9,"Although such schemes clearly have the potential to benefit biodiversity and the wider environment, further research is required to quantify the benefits and risks, assess the scales over which benefits are being and are likely to be delivered, and to assess the socio-economic implications for livelihoods and land-use .'}]}, {'@xmlns': 'http://www.tei-c.org/ns/1.0', 'head': {'@n': '4.3.', '#text': 'Wider implications'}, 'p': {'ref': [{'@type': 'figure', '@target': '#fig_0', '#text': '1'}, {'@type': 'bibr', '@target': '#b54', '#text': '(Laporte et al., 2007)'}, {'@type': 'bibr', '#text': '(Laurance et al., 2006a,b;'}, {'@type': 'bibr', '@target': '#b89', '#text': 'Wilkie et al., 2000;'}, {'@type': 'bibr', '@target': '#b92', '#text': 'Zhang et al., 2006)'}, {'@type': 'bibr', '@target': '#b16', '#text': '(Butler and Laurance, 2008)'}], '#text': 'The tropical [forest] zone in West Africa has experienced centuries of human modification, leading to a substantial decline in [forest] cover and loss of [forest] biodiversity",centuries_of_human_modification,CAUSES,substantial_decline,HIGH
10,Another variance analysis using GLM was conducted for the variable means of all recorded trees and [shrubs] per [land use] type to assess the contribution of the size of individual trees and [shrubs] to the differences in woody vegetation between [land use] types,variable means of all recorded trees and shrubs,MEASURES,differences in woody vegetation between land use types,HIGH
10,Another variance analysis using GLM was conducted for the variable means of all recorded trees and [shrubs] per [land use] type to assess the contribution of the size of individual trees and [shrubs] to the differences in woody vegetation between [land use] types,another variance analysis using GLM,ENABLES,assessment of contribution of size of individual trees and shrubs,MEDIUM
10,Another variance analysis using GLM was conducted for the variable means of all recorded trees and [shrubs] per [land use] type to assess the contribution of the size of individual trees and [shrubs] to the differences in woody vegetation between [land use] types,variable means of all recorded trees and shrubs,AFFECTS,differences in woody vegetation between land use types,HIGH
10,Another variance analysis using GLM was conducted for the variable means of all recorded trees and [shrubs] per [land use] type to assess the contribution of the size of individual trees and [shrubs] to the differences in woody vegetation between [land use] types,assessment of contribution of size of individual trees and shrubs,CAUSES,variation analysis using GLM,HIGH
11,"Assuming the dynamics recorded in the second period , the amounts of land covered by [forest], woodland and tree [savanna] will decrease by 5, 9 and 17% of their cover in 1990, respectively, while the amount of degraded [savanna] and farmland will increase by 9 and 22% of the total area, respectively",forest,DECREASES_BY,5%,HIGH
11,"Assuming the dynamics recorded in the second period , the amounts of land covered by [forest], woodland and tree [savanna] will decrease by 5, 9 and 17% of their cover in 1990, respectively, while the amount of degraded [savanna] and farmland will increase by 9 and 22% of the total area, respectively",forest,DECREASES_BY,17%,HIGH
11,"Assuming the dynamics recorded in the second period , the amounts of land covered by [forest], woodland and tree [savanna] will decrease by 5, 9 and 17% of their cover in 1990, respectively, while the amount of degraded [savanna] and farmland will increase by 9 and 22% of the total area, respectively",woodland,DECREASES_BY,9%,HIGH
11,"Assuming the dynamics recorded in the second period , the amounts of land covered by [forest], woodland and tree [savanna] will decrease by 5, 9 and 17% of their cover in 1990, respectively, while the amount of degraded [savanna] and farmland will increase by 9 and 22% of the total area, respectively",savanna,DECREASES_BY,5%,HIGH
11,"Assuming the dynamics recorded in the second period , the amounts of land covered by [forest], woodland and tree [savanna] will decrease by 5, 9 and 17% of their cover in 1990, respectively, while the amount of degraded [savanna] and farmland will increase by 9 and 22% of the total area, respectively",savanna,DECREASES_BY,17%,HIGH
11,"Assuming the dynamics recorded in the second period , the amounts of land covered by [forest], woodland and tree [savanna] will decrease by 5, 9 and 17% of their cover in 1990, respectively, while the amount of degraded [savanna] and farmland will increase by 9 and 22% of the total area, respectively",savanna,INCREASES_BY,9%,HIGH
11,"Assuming the dynamics recorded in the second period , the amounts of land covered by [forest], woodland and tree [savanna] will decrease by 5, 9 and 17% of their cover in 1990, respectively, while the amount of degraded [savanna] and farmland will increase by 9 and 22% of the total area, respectively",farmland,INCREASES_BY,22%,HIGH
11,"Assuming the dynamics recorded in the second period , the amounts of land covered by [forest], woodland and tree [savanna] will decrease by 5, 9 and 17% of their cover in 1990, respectively, while the amount of degraded [savanna] and farmland will increase by 9 and 22% of the total area, respectively",degraded_savanna,INCREASES_BY,9%,HIGH
12,"Conversely the decrease in the herbaceous standing [crop], due to the shortening of the [fallow] period, the extension of cultivated and cleared fields, the grazing by cattle, and more generally the increment in landscape discontinuities limit the spread of fire and the size of burnt areas",decrease in herbaceous standing,CAUSES,limitation in fire spread,HIGH
12,"Conversely the decrease in the herbaceous standing [crop], due to the shortening of the [fallow] period, the extension of cultivated and cleared fields, the grazing by cattle, and more generally the increment in landscape discontinuities limit the spread of fire and the size of burnt areas",decrease in herbaceous standing,CAUSES,limitation in burnt areas size,HIGH
12,"Conversely the decrease in the herbaceous standing [crop], due to the shortening of the [fallow] period, the extension of cultivated and cleared fields, the grazing by cattle, and more generally the increment in landscape discontinuities limit the spread of fire and the size of burnt areas",shortening of fallow period,CAUSES,decrease in herbaceous standing,MEDIUM
12,"Conversely the decrease in the herbaceous standing [crop], due to the shortening of the [fallow] period, the extension of cultivated and cleared fields, the grazing by cattle, and more generally the increment in landscape discontinuities limit the spread of fire and the size of burnt areas",extension of cultivated and cleared fields,CAUSES,decrease in herbaceous standing,MEDIUM
12,"Conversely the decrease in the herbaceous standing [crop], due to the shortening of the [fallow] period, the extension of cultivated and cleared fields, the grazing by cattle, and more generally the increment in landscape discontinuities limit the spread of fire and the size of burnt areas",grazing by cattle,CAUSES,decrease in herbaceous standing,MEDIUM
12,"Conversely the decrease in the herbaceous standing [crop], due to the shortening of the [fallow] period, the extension of cultivated and cleared fields, the grazing by cattle, and more generally the increment in landscape discontinuities limit the spread of fire and the size of burnt areas",increase in landscape discontinuities,CAUSES,limitation in fire spread,MEDIUM
12,"Conversely the decrease in the herbaceous standing [crop], due to the shortening of the [fallow] period, the extension of cultivated and cleared fields, the grazing by cattle, and more generally the increment in landscape discontinuities limit the spread of fire and the size of burnt areas",increase in landscape discontinuities,CAUSES,limitation in burnt areas size,MEDIUM
13,"Coping capacities were therefore assumed to be lower for the Bolgatanga area, which could lead to local food crises provoked by [urban] sprawl where land becomes useless for [agriculture].']}, {'@xmlns': 'http://www.tei-c.org/ns/1.0', 'head': {'@n': '3.2.', '#text': 'Driving forces of [[urban] development]'}, 'p': [{'ref': {'@type': 'table', '#text': '6a'}, '#text': 'Our three data sets show at a high confidence level that population growth is a driving force of [[urban] development] in both study areas (Table )",urban sprawl,CAUSES,local food crises,HIGH
13,"Coping capacities were therefore assumed to be lower for the Bolgatanga area, which could lead to local food crises provoked by [urban] sprawl where land becomes useless for [agriculture].']}, {'@xmlns': 'http://www.tei-c.org/ns/1.0', 'head': {'@n': '3.2.', '#text': 'Driving forces of [[urban] development]'}, 'p': [{'ref': {'@type': 'table', '#text': '6a'}, '#text': 'Our three data sets show at a high confidence level that population growth is a driving force of [[urban] development] in both study areas (Table )",Bolgatanga,LOCATED_IN,area,HIGH
13,"Coping capacities were therefore assumed to be lower for the Bolgatanga area, which could lead to local food crises provoked by [urban] sprawl where land becomes useless for [agriculture].']}, {'@xmlns': 'http://www.tei-c.org/ns/1.0', 'head': {'@n': '3.2.', '#text': 'Driving forces of [[urban] development]'}, 'p': [{'ref': {'@type': 'table', '#text': '6a'}, '#text': 'Our three data sets show at a high confidence level that population growth is a driving force of [[urban] development] in both study areas (Table )",urban,CHANGE_TO,sprawl,HIGH
13,"Coping capacities were therefore assumed to be lower for the Bolgatanga area, which could lead to local food crises provoked by [urban] sprawl where land becomes useless for [agriculture].']}, {'@xmlns': 'http://www.tei-c.org/ns/1.0', 'head': {'@n': '3.2.', '#text': 'Driving forces of [[urban] development]'}, 'p': [{'ref': {'@type': 'table', '#text': '6a'}, '#text': 'Our three data sets show at a high confidence level that population growth is a driving force of [[urban] development] in both study areas (Table )",agriculture,CHANGE_TO,land becomes useless,MEDIUM
13,"Coping capacities were therefore assumed to be lower for the Bolgatanga area, which could lead to local food crises provoked by [urban] sprawl where land becomes useless for [agriculture].']}, {'@xmlns': 'http://www.tei-c.org/ns/1.0', 'head': {'@n': '3.2.', '#text': 'Driving forces of [[urban] development]'}, 'p': [{'ref': {'@type': 'table', '#text': '6a'}, '#text': 'Our three data sets show at a high confidence level that population growth is a driving force of [[urban] development] in both study areas (Table )",urban development,ENABLES,urban sprawl,HIGH
13,"Coping capacities were therefore assumed to be lower for the Bolgatanga area, which could lead to local food crises provoked by [urban] sprawl where land becomes useless for [agriculture].']}, {'@xmlns': 'http://www.tei-c.org/ns/1.0', 'head': {'@n': '3.2.', '#text': 'Driving forces of [[urban] development]'}, 'p': [{'ref': {'@type': 'table', '#text': '6a'}, '#text': 'Our three data sets show at a high confidence level that population growth is a driving force of [[urban] development] in both study areas (Table )",urban development,OCCURS_DURING,both study areas,HIGH
14,"describes Rwandan [agriculture] as caught in a ""low investment trap""; less than 10% of cropland is irrigated, while tractors, bank credit and government aid are all scarce",less_than_10_percent,CAUSES,low_irrigation,LOW
15,"Due to the weeding practice, [bare soil] dominates in cropped fields in the early growing season while herbaceous vegetation continues to grow in fallows and rangelands",weeding practice,CAUSES,change in LULC,HIGH
16,"From the expert interviews, we learned that migration is a driver and a consequence of [LULCC] and population pressure to which the driver ""labour shortage"" is related",labour_shortage,CAUSES,[LULCC],HIGH
17,"In 1986, the grazing land had much higher proportion of the total regional area than other [land use] types while the size of croplands was substantially high after 16 years (Table )",1986,OCCURS_DURING,[event],HIGH
17,"In 1986, the grazing land had much higher proportion of the total regional area than other [land use] types while the size of croplands was substantially high after 16 years (Table )",croplands,INCREASES_BY,[quantity],MEDIUM
17,"In 1986, the grazing land had much higher proportion of the total regional area than other [land use] types while the size of croplands was substantially high after 16 years (Table )",grazing_land,CHANGE_TO,[other_type],MEDIUM
18,"In 1990, woodland and tree [savanna] were still the dominant [land cover] types",1990,OCCURS_DURING,"""In 1990""",HIGH
19,"In fact, some NTFP-providing trees, such as the baobab (Adansonia digitata) and the shea tree (Vitellaria paradoxa), are protected by farmers during the agricultural cycle of [cultivation] and fallows and are therefore still well preserved",cultivation,OCCURS_DURING,agricultural cycle,HIGH
19,"In fact, some NTFP-providing trees, such as the baobab (Adansonia digitata) and the shea tree (Vitellaria paradoxa), are protected by farmers during the agricultural cycle of [cultivation] and fallows and are therefore still well preserved",fallows,LOCATED_IN,agricultural cycle,MEDIUM
20,"In his study of the ICRISAT villages, he argues that, except in Sayero, all ""have passed or are approaching the stage at which reliance on long bush-[fallow] rotation to maintain soil fertility is no longer feasible.""",bush-[fallow] rotation,AFFECTS,soil fertility,HIGH
21,"In northern Burkina Faso, temporary migration is also one of the diversification strategies observed .'}}, {'@xmlns': 'http://www.tei-c.org/ns/1.0', 'head': {'@n': '2.5.', '#text': '[Land use ]conflicts'}, 'p': {'ref': [{'@type': 'bibr', '@target': '#b34', '#text': '(Homer-Dixon, 1994)'}, {'@type': 'bibr', '@target': '#b7', '#text': '(Benjaminsen and Ba, 2009)'}, {'@type': 'bibr', '@target': '#b4', '#text': 'Bassett, 1988;'}, {'@type': 'bibr', '@target': '#b7', '#text': 'Benjaminsen and Ba, 2009;'}, {'@type': 'bibr', '@target': '#b47', '#text': 'Moritz, 2008;'}, {'@type': 'bibr', '@target': '#b83', '#text': 'Turner, 2004)'}, {'@type': 'bibr', '@target': '#b33', '#text': '(Hesse and Cotula, 2006'}, {'@type': 'bibr', '@target': '#b6', '#text': '(Behnke and Scoones, 1993;'}, {'@type': 'bibr', '@target': '#b17', '#text': 'Ellis, 1988;'}, {'@type': 'bibr', '@target': '#b81', '#text': 'Turner, 1999)'}], '#text': ""During the last few years, violent [land use] conflicts in the Sahel have become the most popular example of the alleged link between global climate change and conflict",[Land use conflicts],OCCURS_DURING,[last few years],HIGH
21,"In northern Burkina Faso, temporary migration is also one of the diversification strategies observed .'}}, {'@xmlns': 'http://www.tei-c.org/ns/1.0', 'head': {'@n': '2.5.', '#text': '[Land use ]conflicts'}, 'p': {'ref': [{'@type': 'bibr', '@target': '#b34', '#text': '(Homer-Dixon, 1994)'}, {'@type': 'bibr', '@target': '#b7', '#text': '(Benjaminsen and Ba, 2009)'}, {'@type': 'bibr', '@target': '#b4', '#text': 'Bassett, 1988;'}, {'@type': 'bibr', '@target': '#b7', '#text': 'Benjaminsen and Ba, 2009;'}, {'@type': 'bibr', '@target': '#b47', '#text': 'Moritz, 2008;'}, {'@type': 'bibr', '@target': '#b83', '#text': 'Turner, 2004)'}, {'@type': 'bibr', '@target': '#b33', '#text': '(Hesse and Cotula, 2006'}, {'@type': 'bibr', '@target': '#b6', '#text': '(Behnke and Scoones, 1993;'}, {'@type': 'bibr', '@target': '#b17', '#text': 'Ellis, 1988;'}, {'@type': 'bibr', '@target': '#b81', '#text': 'Turner, 1999)'}], '#text': ""During the last few years, violent [land use] conflicts in the Sahel have become the most popular example of the alleged link between global climate change and conflict",[Sahel region],LOCATED_IN,[northern Burkina Faso],HIGH
21,"In northern Burkina Faso, temporary migration is also one of the diversification strategies observed .'}}, {'@xmlns': 'http://www.tei-c.org/ns/1.0', 'head': {'@n': '2.5.', '#text': '[Land use ]conflicts'}, 'p': {'ref': [{'@type': 'bibr', '@target': '#b34', '#text': '(Homer-Dixon, 1994)'}, {'@type': 'bibr', '@target': '#b7', '#text': '(Benjaminsen and Ba, 2009)'}, {'@type': 'bibr', '@target': '#b4', '#text': 'Bassett, 1988;'}, {'@type': 'bibr', '@target': '#b7', '#text': 'Benjaminsen and Ba, 2009;'}, {'@type': 'bibr', '@target': '#b47', '#text': 'Moritz, 2008;'}, {'@type': 'bibr', '@target': '#b83', '#text': 'Turner, 2004)'}, {'@type': 'bibr', '@target': '#b33', '#text': '(Hesse and Cotula, 2006'}, {'@type': 'bibr', '@target': '#b6', '#text': '(Behnke and Scoones, 1993;'}, {'@type': 'bibr', '@target': '#b17', '#text': 'Ellis, 1988;'}, {'@type': 'bibr', '@target': '#b81', '#text': 'Turner, 1999)'}], '#text': ""During the last few years, violent [land use] conflicts in the Sahel have become the most popular example of the alleged link between global climate change and conflict",[Global climate change],CAUSES,[land use conflicts],MEDIUM
22,"In rangelands, the main cause of woody vegetation decrease is the increasing pressure on wood resources to satisfy the demand for fuel and construction wood, not only from the local rural population, but also from the rapidly growing [urban] population of Niamey only 80 km away",increasing pressure,CAUSES,decrease in woody vegetation,HIGH
23,"In Saloum Senegal, with the increase of cultivated land and shortening of [fallow] cycles, soils have become less fertile close to the villages, although [fallow] land away from the settlement gained in size, mainly due to out-migration",increase,CAUSES,decrease,HIGH
23,"In Saloum Senegal, with the increase of cultivated land and shortening of [fallow] cycles, soils have become less fertile close to the villages, although [fallow] land away from the settlement gained in size, mainly due to out-migration",decrease,INCREASES_BY,gain,MEDIUM
23,"In Saloum Senegal, with the increase of cultivated land and shortening of [fallow] cycles, soils have become less fertile close to the villages, although [fallow] land away from the settlement gained in size, mainly due to out-migration",fallow,LOCATED_IN,Saloum,HIGH
23,"In Saloum Senegal, with the increase of cultivated land and shortening of [fallow] cycles, soils have become less fertile close to the villages, although [fallow] land away from the settlement gained in size, mainly due to out-migration",fallow,LOCATED_IN,Senegal,HIGH
23,"In Saloum Senegal, with the increase of cultivated land and shortening of [fallow] cycles, soils have become less fertile close to the villages, although [fallow] land away from the settlement gained in size, mainly due to out-migration",fallow,CAUSES,less_fertile,MEDIUM
23,"In Saloum Senegal, with the increase of cultivated land and shortening of [fallow] cycles, soils have become less fertile close to the villages, although [fallow] land away from the settlement gained in size, mainly due to out-migration",out-migration,CAUSES,gain,MEDIUM
24,"In the case of Ghana, that statement might be true for Kumasi as expanding [city] in the hinterlands, but not for Bolgatanga",Ghana,LOCATED_IN,Africa,HIGH
25,"In the past, missing or low fertilizer input was compensated by the [crop]-[fallow] practice, but land pressure due to population growth has led to permanent and recurrent use of agricultural parcels and recurrent [cultivation] of the same crops",population_growth,CAUSES,land_pressure,HIGH
26,"In Yale ´, the size of [crop] and grazing lands increased by 9 and 18% in 2002 compared to the sizes in 1984, while the [forest] land and the gallery forests declined by nearly 50% (Table and Fig",crop,INCREASES_BY,9%,HIGH
26,"In Yale ´, the size of [crop] and grazing lands increased by 9 and 18% in 2002 compared to the sizes in 1984, while the [forest] land and the gallery forests declined by nearly 50% (Table and Fig",crop,INCREASES_BY,18%,HIGH
26,"In Yale ´, the size of [crop] and grazing lands increased by 9 and 18% in 2002 compared to the sizes in 1984, while the [forest] land and the gallery forests declined by nearly 50% (Table and Fig",forest,DECREASES_BY,nearly 50%,HIGH
26,"In Yale ´, the size of [crop] and grazing lands increased by 9 and 18% in 2002 compared to the sizes in 1984, while the [forest] land and the gallery forests declined by nearly 50% (Table and Fig",1984,OCCURS_DURING,past,HIGH
26,"In Yale ´, the size of [crop] and grazing lands increased by 9 and 18% in 2002 compared to the sizes in 1984, while the [forest] land and the gallery forests declined by nearly 50% (Table and Fig",2002,OCCURS_DURING,past,HIGH
27,Ineffective [land use] planning can contribute to an increase in land fragmentation resulting in loss of land for food provision,Ineffective [land use] planning,CAUSES,increase | CHANGE,HIGH
28,Interviews and literature review showed that biophysical factors as drivers of [LULCC] were frequently mentioned in relation to anthropogenic drivers,drivers,CAUSES,LULCC,HIGH
30,It is well known that the availability of [fallow] land and hence the duration of [fallow] periods decrease with increasing population density in rural areas,population density,INCREASES_BY,increasing,HIGH
31,"On the one hand, the shallow soils were not able to temper droughts, leading to a massive dying of trees and [shrubs]",droughts,CAUSES,dying,HIGH
31,"On the one hand, the shallow soils were not able to temper droughts, leading to a massive dying of trees and [shrubs]",dying,AFFECTS,trees,HIGH
31,"On the one hand, the shallow soils were not able to temper droughts, leading to a massive dying of trees and [shrubs]",dying,AFFECTS,shrubs,HIGH
32,"On the one hand, tree growth and [agroforestry] on fields have led to an increase of woody cover in proximity to the village",[tree growth],INCREASES_BY,[woody cover],HIGH
32,"On the one hand, tree growth and [agroforestry] on fields have led to an increase of woody cover in proximity to the village",[agroforestry],CAUSES,[tree growth],MEDIUM
33,"One explanation could be the indistinct influence of indirect drivers on [LULCC], for example, changes in religious patterns",drivers,CAUSES,changes,HIGH
33,"One explanation could be the indistinct influence of indirect drivers on [LULCC], for example, changes in religious patterns",religious_patterns,CAUSES,changes,MEDIUM
34,One of the fundamental factors has been demographic growth and the growth in [urban] food demands,demographic_growth,CAUSES,growth,HIGH
35,Other areas have experienced a decrease in [crop] land despite a population increase,population_increase,CAUSES,increase_in_demand_for_resources,HIGH
35,Other areas have experienced a decrease in [crop] land despite a population increase,decrease_in_crop_land,DECREASES_BY,population_growth,MEDIUM
36,"P9: We know that [urbanisation] is coming, it\'s growing",urbanisation,AFFECTS,,HIGH
37,"Rangelands are grazed year-round under communal access but grazing also extends to fallows, year-round or only in the dry season depending on accessibility, and to cropped fields after the [crop] harvest",rangelands,LOCATED_IN,communal_access,HIGH
37,"Rangelands are grazed year-round under communal access but grazing also extends to fallows, year-round or only in the dry season depending on accessibility, and to cropped fields after the [crop] harvest",grazing,AFFECTS,rangelands,MEDIUM
37,"Rangelands are grazed year-round under communal access but grazing also extends to fallows, year-round or only in the dry season depending on accessibility, and to cropped fields after the [crop] harvest",year-round,OCCURS_DURING,grazing,MEDIUM
37,"Rangelands are grazed year-round under communal access but grazing also extends to fallows, year-round or only in the dry season depending on accessibility, and to cropped fields after the [crop] harvest",dry_season,OCCURS_DURING,grazing,MEDIUM
37,"Rangelands are grazed year-round under communal access but grazing also extends to fallows, year-round or only in the dry season depending on accessibility, and to cropped fields after the [crop] harvest",accessibility,AFFECTS,grazing_on_fallow,MEDIUM
39,Regular [cultivation] keeps the soil penetrable and farmers are aware of the benefits of trees in their fields,cultivation,LOCATED_IN,fields,HIGH
39,Regular [cultivation] keeps the soil penetrable and farmers are aware of the benefits of trees in their fields,trees,LOCATED_IN,fields,HIGH
46,The actual size and proportion of the different [land use] types changed during the study period,study_period,OCCURS_DURING,change,HIGH
47,"The available evidence suggests that [forest] loss and degradation has been caused primarily by agricultural expansion, sometimes facilitated by other human activities such as wood extraction",forest_loss,CAUSES,deforestation,HIGH
47,"The available evidence suggests that [forest] loss and degradation has been caused primarily by agricultural expansion, sometimes facilitated by other human activities such as wood extraction",deforestation,ENABLES,agricultural_expansion,MEDIUM
47,"The available evidence suggests that [forest] loss and degradation has been caused primarily by agricultural expansion, sometimes facilitated by other human activities such as wood extraction",agricultural_expansion,CHANGE_TO,cropland,HIGH
48,The dependent variable is growth in the [urbanization] rate,growth,INCREASES_BY,urbanization_rate,MEDIUM
48,The dependent variable is growth in the [urbanization] rate,urbanization,CAUSES,growth,LOW
49,"The majority (94%) of the households keep livestock which plays an important role as a saving and security system, especially in years with [crop] failure",94%,MEASURES,majority (of households),HIGH
50,"The plots were only cropped one year and with little success, after which irreversible soil [erosion] started to take place",agricultural land,DECREASES_BY,productivity,HIGH
50,"The plots were only cropped one year and with little success, after which irreversible soil [erosion] started to take place",agricultural land,CAUSES,soil erosion,MEDIUM
51,"The reasons for the decline described by the authors are droughts and declining rainfall in the past 30 years, bringing about such risks in rain-fed [cultivation] that farmers abandoned their crops in favour of other economic activities",droughts and declining rainfall,CAUSES,decline,HIGH
51,"The reasons for the decline described by the authors are droughts and declining rainfall in the past 30 years, bringing about such risks in rain-fed [cultivation] that farmers abandoned their crops in favour of other economic activities",the past 30 years,OCCURS_DURING,decline,HIGH
51,"The reasons for the decline described by the authors are droughts and declining rainfall in the past 30 years, bringing about such risks in rain-fed [cultivation] that farmers abandoned their crops in favour of other economic activities",risk,AFFECTS,rain-fed cultivation,MEDIUM
56,"Thus, changes in [land use] strategies result not only in a simple expansion of fields to new and less attractive land",changes_in_land_use_strategies,CAUSES,expansion_of_fields,HIGH
58,"Thus, the coherence between spatially related socio-economic characteristics of the households, agricultural strategies and pastoral strategies at the household level and the [land use] patterns can be investigated.'}}, {'@xmlns': 'http://www.tei-c.org/ns/1.0', 'head': 'Results of the [land use] analysis', 'p': [{'ref': {'@type': 'figure', '@target': '#fig_9', '#text': '3c'}, '#text': 'Farmers in Yomboli distinguish between four main landscape units: the dune, the pediplain, the piedmont and the border of the mare",Yomboli,LOCATED_IN,{unspecified},HIGH
59,To investigate and quantify [land cover] changes over 44 years including aspects of degradation and human expansion,CHANGE,OCCURS_DURING,44 years,HIGH
61,"Tree cover, in both dense [forest] and the agricultural mosaics, is lost as a result",forest,DECREASES_BY,Tree cover,HIGH
61,"Tree cover, in both dense [forest] and the agricultural mosaics, is lost as a result",agricultural mosaics,CAUSES,Loss of tree cover,MEDIUM
63,"We then turn to evidence on the migration channel itself.'}}, {'@xmlns': 'http://www.tei-c.org/ns/1.0', 'head': {'@n': '7.1.', '#text': 'Conflict'}, 'p': [{'ref': [{'@type': 'bibr', '#text': '25'}, {'@type': 'bibr', '#text': '26'}, {'@type': 'table', '@target': '#tab_0', '#text': '1'}], '#text': 'Conflict could influence [urbanization] in strikingly different ways depending on where it occurs",conflict,AFFECTS,urbanization,HIGH
63,"We then turn to evidence on the migration channel itself.'}}, {'@xmlns': 'http://www.tei-c.org/ns/1.0', 'head': {'@n': '7.1.', '#text': 'Conflict'}, 'p': [{'ref': [{'@type': 'bibr', '#text': '25'}, {'@type': 'bibr', '#text': '26'}, {'@type': 'table', '@target': '#tab_0', '#text': '1'}], '#text': 'Conflict could influence [urbanization] in strikingly different ways depending on where it occurs",urbanization,LOCATED_IN,7.1,MEDIUM
63,"We then turn to evidence on the migration channel itself.'}}, {'@xmlns': 'http://www.tei-c.org/ns/1.0', 'head': {'@n': '7.1.', '#text': 'Conflict'}, 'p': [{'ref': [{'@type': 'bibr', '#text': '25'}, {'@type': 'bibr', '#text': '26'}, {'@type': 'table', '@target': '#tab_0', '#text': '1'}], '#text': 'Conflict could influence [urbanization] in strikingly different ways depending on where it occurs",conflict,CAUSES,urbanization_change,MEDIUM
63,"We then turn to evidence on the migration channel itself.'}}, {'@xmlns': 'http://www.tei-c.org/ns/1.0', 'head': {'@n': '7.1.', '#text': 'Conflict'}, 'p': [{'ref': [{'@type': 'bibr', '#text': '25'}, {'@type': 'bibr', '#text': '26'}, {'@type': 'table', '@target': '#tab_0', '#text': '1'}], '#text': 'Conflict could influence [urbanization] in strikingly different ways depending on where it occurs",urbanization,OCCURS_DURING,study_period,MEDIUM
63,"We then turn to evidence on the migration channel itself.'}}, {'@xmlns': 'http://www.tei-c.org/ns/1.0', 'head': {'@n': '7.1.', '#text': 'Conflict'}, 'p': [{'ref': [{'@type': 'bibr', '#text': '25'}, {'@type': 'bibr', '#text': '26'}, {'@type': 'table', '@target': '#tab_0', '#text': '1'}], '#text': 'Conflict could influence [urbanization] in strikingly different ways depending on where it occurs",urbanization,INCREASES_BY,urban_growth_rate,HIGH
63,"We then turn to evidence on the migration channel itself.'}}, {'@xmlns': 'http://www.tei-c.org/ns/1.0', 'head': {'@n': '7.1.', '#text': 'Conflict'}, 'p': [{'ref': [{'@type': 'bibr', '#text': '25'}, {'@type': 'bibr', '#text': '26'}, {'@type': 'table', '@target': '#tab_0', '#text': '1'}], '#text': 'Conflict could influence [urbanization] in strikingly different ways depending on where it occurs",urban_growth_rate,MEASURES,urbanization_expansion,HIGH
63,"We then turn to evidence on the migration channel itself.'}}, {'@xmlns': 'http://www.tei-c.org/ns/1.0', 'head': {'@n': '7.1.', '#text': 'Conflict'}, 'p': [{'ref': [{'@type': 'bibr', '#text': '25'}, {'@type': 'bibr', '#text': '26'}, {'@type': 'table', '@target': '#tab_0', '#text': '1'}], '#text': 'Conflict could influence [urbanization] in strikingly different ways depending on where it occurs",urbanization_expansion,LOCATED_IN,study_area,HIGH
64,"Whereas most [shrubs] are annually coppiced in fields prior to [cultivation], they are left to grow in fallowed fields, leading to a higher shrub/ woody plant cover",coppicing,CAUSES,shrubs_in_fields,HIGH
65,"(2004)'}], '#text': 'With regard to population growth, the literature analysis revealed that only rural population growth can be considered as driver of [LULCC] with high agreement, while [urban] population growth was considered with medium agreement (33%, see Table )",population_growth,CAUSES,LULCC,HIGH
65,"(2004)'}], '#text': 'With regard to population growth, the literature analysis revealed that only rural population growth can be considered as driver of [LULCC] with high agreement, while [urban] population growth was considered with medium agreement (33%, see Table )",urban_population_growth,CAUSES,LULCC,MEDIUM
65,"(2004)'}], '#text': 'With regard to population growth, the literature analysis revealed that only rural population growth can be considered as driver of [LULCC] with high agreement, while [urban] population growth was considered with medium agreement (33%, see Table )",LULCC,OCCURS_DURING,(2004),HIGH
66,"Falling precipitation and rising temperatures would likely worsen agricultural growing conditions in large parts of Africa, especially in coastal West Africa and in Southern Africa.'}, {'ref': {'@type': 'bibr', '#text': '7'}",falling precipitation,CAUSES,agricultural growing conditions --DEGRADES-- (growing conditions are degraded by falling precipitation),HIGH
66,"Falling precipitation and rising temperatures would likely worsen agricultural growing conditions in large parts of Africa, especially in coastal West Africa and in Southern Africa.'}, {'ref': {'@type': 'bibr', '#text': '7'}",large parts of Africa,LOCATED_IN,(Africa),HIGH
66,"Falling precipitation and rising temperatures would likely worsen agricultural growing conditions in large parts of Africa, especially in coastal West Africa and in Southern Africa.'}, {'ref': {'@type': 'bibr', '#text': '7'}",coastal West Africa,LOCATED_IN,Africa,MEDIUM
66,"Falling precipitation and rising temperatures would likely worsen agricultural growing conditions in large parts of Africa, especially in coastal West Africa and in Southern Africa.'}, {'ref': {'@type': 'bibr', '#text': '7'}",Southern Africa,LOCATED_IN,Africa,MEDIUM
66,"Falling precipitation and rising temperatures would likely worsen agricultural growing conditions in large parts of Africa, especially in coastal West Africa and in Southern Africa.'}, {'ref': {'@type': 'bibr', '#text': '7'}",agricultural growing conditions,AFFECTS,large parts of Africa,HIGH
66,"Falling precipitation and rising temperatures would likely worsen agricultural growing conditions in large parts of Africa, especially in coastal West Africa and in Southern Africa.'}, {'ref': {'@type': 'bibr', '#text': '7'}",rising temperatures,CAUSES,agricultural growing conditions --DEGRADES-- (growing conditions are degraded by rising temperatures),HIGH
67,"The population density has increased during the past decades, which has had a significant impact on the [land cover]",population density,INCREASES_BY,unspecified,MEDIUM
67,"The population density has increased during the past decades, which has had a significant impact on the [land cover]",population density,AFFECTS,land cover,HIGH
68,"[Land use] and [land cover] in West African savannas are mainly driven by population pressure, infrastructural drivers (road network) and legal constraint in the framework of nature protection",population_pressure,CAUSES,land_use_change,HIGH
68,"[Land use] and [land cover] in West African savannas are mainly driven by population pressure, infrastructural drivers (road network) and legal constraint in the framework of nature protection",infrastructure_drivers,CAUSES,land_cover_change,HIGH
68,"[Land use] and [land cover] in West African savannas are mainly driven by population pressure, infrastructural drivers (road network) and legal constraint in the framework of nature protection",West_African_savannas,LOCATED_IN,West_Africa,HIGH
69,"Furthermore, the general infrastructural develop-ment of electricity and hospitals, for example, as drivers of [[urban] development] could not be confirmed",urban_development,CAUSES,urban_development,HIGH
69,"Furthermore, the general infrastructural develop-ment of electricity and hospitals, for example, as drivers of [[urban] development] could not be confirmed",electricity_and_hospitals,ENABLES,urban_development,MEDIUM
69,"Furthermore, the general infrastructural develop-ment of electricity and hospitals, for example, as drivers of [[urban] development] could not be confirmed",urban_development,AFFECTS,urban,HIGH
69,"Furthermore, the general infrastructural develop-ment of electricity and hospitals, for example, as drivers of [[urban] development] could not be confirmed",urban,LOCATED_IN,development,LOW
70,"Conversely, climate change as one of the emerging drivers of [LULCC] is difficult to detect and quantify in the short term",EMERGING_DRIVER,CAUSES,LULCC,HIGH
71,"Furthermore, issues such as state politics, market incentives, climate variations, and access to land and [water] resources are generally acknowledged factors determining the trajectory of [[land use]] change .'}, {'ref': [{'@type': 'bibr', '#text': '(Turner et al., 1993)'}, {'@type': 'bibr', '@target': '#b23', '#text': 'Kull (1998)'}, {'@type': 'bibr', '@target': '#b69', '#text': '(White, 1961;'}, {'@type': 'bibr', '@target': '#b68', '#text': 'Wescoat, 1987)'}, {'@type': 'bibr', '@target': '#b23', '#text': 'Kull (1998)'}]",issues,AFFECTS,trajectory_of_land_use,HIGH
71,"Furthermore, issues such as state politics, market incentives, climate variations, and access to land and [water] resources are generally acknowledged factors determining the trajectory of [[land use]] change .'}, {'ref': [{'@type': 'bibr', '#text': '(Turner et al., 1993)'}, {'@type': 'bibr', '@target': '#b23', '#text': 'Kull (1998)'}, {'@type': 'bibr', '@target': '#b69', '#text': '(White, 1961;'}, {'@type': 'bibr', '@target': '#b68', '#text': 'Wescoat, 1987)'}, {'@type': 'bibr', '@target': '#b23', '#text': 'Kull (1998)'}]",state_politics,CAUSES,trajectory_of_land_use,MEDIUM
71,"Furthermore, issues such as state politics, market incentives, climate variations, and access to land and [water] resources are generally acknowledged factors determining the trajectory of [[land use]] change .'}, {'ref': [{'@type': 'bibr', '#text': '(Turner et al., 1993)'}, {'@type': 'bibr', '@target': '#b23', '#text': 'Kull (1998)'}, {'@type': 'bibr', '@target': '#b69', '#text': '(White, 1961;'}, {'@type': 'bibr', '@target': '#b68', '#text': 'Wescoat, 1987)'}, {'@type': 'bibr', '@target': '#b23', '#text': 'Kull (1998)'}]",market_incentives,CAUSES,trajectory_of_land_use,MEDIUM
71,"Furthermore, issues such as state politics, market incentives, climate variations, and access to land and [water] resources are generally acknowledged factors determining the trajectory of [[land use]] change .'}, {'ref': [{'@type': 'bibr', '#text': '(Turner et al., 1993)'}, {'@type': 'bibr', '@target': '#b23', '#text': 'Kull (1998)'}, {'@type': 'bibr', '@target': '#b69', '#text': '(White, 1961;'}, {'@type': 'bibr', '@target': '#b68', '#text': 'Wescoat, 1987)'}, {'@type': 'bibr', '@target': '#b23', '#text': 'Kull (1998)'}]",climate_variations,CAUSES,trajectory_of_land_use,MEDIUM
71,"Furthermore, issues such as state politics, market incentives, climate variations, and access to land and [water] resources are generally acknowledged factors determining the trajectory of [[land use]] change .'}, {'ref': [{'@type': 'bibr', '#text': '(Turner et al., 1993)'}, {'@type': 'bibr', '@target': '#b23', '#text': 'Kull (1998)'}, {'@type': 'bibr', '@target': '#b69', '#text': '(White, 1961;'}, {'@type': 'bibr', '@target': '#b68', '#text': 'Wescoat, 1987)'}, {'@type': 'bibr', '@target': '#b23', '#text': 'Kull (1998)'}]",access_to_land_resources,CAUSES,trajectory_of_land_use,MEDIUM
71,"Furthermore, issues such as state politics, market incentives, climate variations, and access to land and [water] resources are generally acknowledged factors determining the trajectory of [[land use]] change .'}, {'ref': [{'@type': 'bibr', '#text': '(Turner et al., 1993)'}, {'@type': 'bibr', '@target': '#b23', '#text': 'Kull (1998)'}, {'@type': 'bibr', '@target': '#b69', '#text': '(White, 1961;'}, {'@type': 'bibr', '@target': '#b68', '#text': 'Wescoat, 1987)'}, {'@type': 'bibr', '@target': '#b23', '#text': 'Kull (1998)'}]",trajectory_of_land_use,OCCURS_DURING,unspecified_time_period,LOW
71,"Furthermore, issues such as state politics, market incentives, climate variations, and access to land and [water] resources are generally acknowledged factors determining the trajectory of [[land use]] change .'}, {'ref': [{'@type': 'bibr', '#text': '(Turner et al., 1993)'}, {'@type': 'bibr', '@target': '#b23', '#text': 'Kull (1998)'}, {'@type': 'bibr', '@target': '#b69', '#text': '(White, 1961;'}, {'@type': 'bibr', '@target': '#b68', '#text': 'Wescoat, 1987)'}, {'@type': 'bibr', '@target': '#b23', '#text': 'Kull (1998)'}]",land_use,LOCATED_IN,location,LOW
72,"P6: From my perspective, the [[land use]] aspect that is degrading the land is including the fire … P7: But that aspect where people don\'t want to plant [tree]s is because of the bush fires",fire,CAUSES,land_degradation,HIGH
72,"P6: From my perspective, the [[land use]] aspect that is degrading the land is including the fire … P7: But that aspect where people don\'t want to plant [tree]s is because of the bush fires",bush_fires,AFFECTS,reforestation,MEDIUM
73,"As quoted by the higher the [[land use]] intensity, the lower the fire frequency: indeed our results attest the high frequency of fire inside protected areas and on gravelly soils and hardpan complexes unsuitable for [agriculture]",high_land_use_intensity,AFFECTS,low_fire_frequency,HIGH
73,"As quoted by the higher the [[land use]] intensity, the lower the fire frequency: indeed our results attest the high frequency of fire inside protected areas and on gravelly soils and hardpan complexes unsuitable for [agriculture]",protected_areas,LOCATED_IN,areas_with_high_fire_frequency,MEDIUM
73,"As quoted by the higher the [[land use]] intensity, the lower the fire frequency: indeed our results attest the high frequency of fire inside protected areas and on gravelly soils and hardpan complexes unsuitable for [agriculture]",gravelly_soils,LOCATED_IN,areas_with_high_fire_frequency,MEDIUM
73,"As quoted by the higher the [[land use]] intensity, the lower the fire frequency: indeed our results attest the high frequency of fire inside protected areas and on gravelly soils and hardpan complexes unsuitable for [agriculture]",hardpan_complexes,LOCATED_IN,areas_with_high_fire_frequency,MEDIUM
73,"As quoted by the higher the [[land use]] intensity, the lower the fire frequency: indeed our results attest the high frequency of fire inside protected areas and on gravelly soils and hardpan complexes unsuitable for [agriculture]",high_fire_frequency,LOCATED_IN,protected_areas,HIGH
75,"As expected, plant species statistically linked with frequent fire landscape units are typical of sudanian [savanna]: many are endemic to the sudanian area, many are perennial [grasses] ethe constituent life form of sudanian savannas , some are woody species typical of sudanian woodlands e",savanna,LOCATED_IN,sudanian area,HIGH
76,"The interrelations between [savanna] fire regimes and vegetation dynamics are indeed complex; they are conditioned by various climatic, biotic and anthropogenic factors involving different feedbacks and they are still not well understood either in their ecological or in their human dimensions .'}, {'ref': [{'@type': 'bibr', '@target': '#b9', '#text': '(Chuvieco et al., 2008;'}, {'@type': 'bibr', '@target': '#b54', '#text': 'Lentile et al., 2006;'}, {'@type': 'bibr', '@target': '#b56', '#text': 'Mayaux et al., 2003'}, {'@type': 'bibr', '@target': '#b57', '#text': 'Mayaux et al., , 2007) )'}, {'@type': 'bibr', '@target': '#b48', '#text': '(Justice et al., 2006)'}, {'@type': 'bibr', '@target': '#b13', '#text': '(De Klerk, 2008)'}, {'@type': 'bibr', '@target': '#b49', '#text': '(Justice et al., 2002)'}, {'@type': 'bibr', '@target': '#b37', '#text': 'Giglio (2005)'}],",savanna_fire_regimes,AFFECTS,vegetation_dynamics,HIGH
77,"In a small Sahelian catchment in Niger, the increase in cultivated land from 1950 to 1998 was associated with an increase in the extent of eroded land (from 7 to 16%) at the expense of the [savanna]",increase (in cultivated land),INCREASES_BY,9% (to 16%),HIGH
77,"In a small Sahelian catchment in Niger, the increase in cultivated land from 1950 to 1998 was associated with an increase in the extent of eroded land (from 7 to 16%) at the expense of the [savanna]",increase (in extent of eroded land),INCREASES_BY,9% (from 7% to 16%),HIGH
77,"In a small Sahelian catchment in Niger, the increase in cultivated land from 1950 to 1998 was associated with an increase in the extent of eroded land (from 7 to 16%) at the expense of the [savanna]",savanna,LOCATED_IN,Sahelian catchment in Niger,HIGH
77,"In a small Sahelian catchment in Niger, the increase in cultivated land from 1950 to 1998 was associated with an increase in the extent of eroded land (from 7 to 16%) at the expense of the [savanna]",increase (in extent of eroded land),CAUSES,decrease (in savanna),MEDIUM
78,New settlements caused an initial decrease of the vegetation due to [[land use]] change (bushland to fields),new_settlements,CAUSES,change,HIGH
78,New settlements caused an initial decrease of the vegetation due to [[land use]] change (bushland to fields),change,CHANGE_TO,bushland,MEDIUM
78,New settlements caused an initial decrease of the vegetation due to [[land use]] change (bushland to fields),change,CHANGE_TO,fields,HIGH
79,"Apparently, the proximity of Yale ´to the road made influx of people higher than Boala, which is in line with the important synergetic cause-effect relation between population-infrastructure and agricultural expansion on tropical [deforestation]",road,INCREASES_BY,population,HIGH
79,"Apparently, the proximity of Yale ´to the road made influx of people higher than Boala, which is in line with the important synergetic cause-effect relation between population-infrastructure and agricultural expansion on tropical [deforestation]",population,CAUSES,agricultural_expansion,MEDIUM
79,"Apparently, the proximity of Yale ´to the road made influx of people higher than Boala, which is in line with the important synergetic cause-effect relation between population-infrastructure and agricultural expansion on tropical [deforestation]",agricultural_expansion,ENABLES,deforestation,HIGH
79,"Apparently, the proximity of Yale ´to the road made influx of people higher than Boala, which is in line with the important synergetic cause-effect relation between population-infrastructure and agricultural expansion on tropical [deforestation]",deforestation,OCCURS_DURING,tropical,MEDIUM
79,"Apparently, the proximity of Yale ´to the road made influx of people higher than Boala, which is in line with the important synergetic cause-effect relation between population-infrastructure and agricultural expansion on tropical [deforestation]",Boala,LOCATED_IN,tropical,HIGH
80,"Recently, obtained a [deforestation] rate of 11% in the [grassland] areas and a degradation of 17% in the woodlands of the northern region of Ghana for the period 1984-1999, which has a similar ecological zone as the southern Burkina Faso",deforestation,CAUSES,forest_loss,HIGH
80,"Recently, obtained a [deforestation] rate of 11% in the [grassland] areas and a degradation of 17% in the woodlands of the northern region of Ghana for the period 1984-1999, which has a similar ecological zone as the southern Burkina Faso",grassland,DECREASES_BY,11%,HIGH
80,"Recently, obtained a [deforestation] rate of 11% in the [grassland] areas and a degradation of 17% in the woodlands of the northern region of Ghana for the period 1984-1999, which has a similar ecological zone as the southern Burkina Faso",woodlands,DECREASES_BY,17%,HIGH
80,"Recently, obtained a [deforestation] rate of 11% in the [grassland] areas and a degradation of 17% in the woodlands of the northern region of Ghana for the period 1984-1999, which has a similar ecological zone as the southern Burkina Faso",northern_region_of_Ghana,LOCATED_IN,Ghana,HIGH
81,During this time the land required for [agriculture] increased significantly so that large areas of natural bushland were deforested for [cultivation] purposes,agriculture,INCREASES_BY,significant amount,HIGH
81,During this time the land required for [agriculture] increased significantly so that large areas of natural bushland were deforested for [cultivation] purposes,agriculture,CAUSES,deforestation,MEDIUM
82,The capacity of some of these so-called dry [forest] species to colonize unburnt areas has also been demonstrated; thus some wooded areas may be recent,forest,LOCATED_IN,wooded areas,HIGH
83,"However, conflicting hypotheses have been reported: on the one hand an expansion (into native [savanna]) and intensification (fertilizer) of cropland [cultivation], and on the other hand [agricultural land] abandonment, caused by, e.g., the civil war in Sudan may both contribute to the observed positive trends",expansion,CAUSES,into native savanna,HIGH
83,"However, conflicting hypotheses have been reported: on the one hand an expansion (into native [savanna]) and intensification (fertilizer) of cropland [cultivation], and on the other hand [agricultural land] abandonment, caused by, e.g., the civil war in Sudan may both contribute to the observed positive trends",expansion,CHANGE_TO,cropland,HIGH
83,"However, conflicting hypotheses have been reported: on the one hand an expansion (into native [savanna]) and intensification (fertilizer) of cropland [cultivation], and on the other hand [agricultural land] abandonment, caused by, e.g., the civil war in Sudan may both contribute to the observed positive trends",abandonment,CAUSES,caused by,MEDIUM
83,"However, conflicting hypotheses have been reported: on the one hand an expansion (into native [savanna]) and intensification (fertilizer) of cropland [cultivation], and on the other hand [agricultural land] abandonment, caused by, e.g., the civil war in Sudan may both contribute to the observed positive trends",civil war in Sudan,CAUSES,abandonment,HIGH
83,"However, conflicting hypotheses have been reported: on the one hand an expansion (into native [savanna]) and intensification (fertilizer) of cropland [cultivation], and on the other hand [agricultural land] abandonment, caused by, e.g., the civil war in Sudan may both contribute to the observed positive trends",abandonment,CHANGE_TO,agricultural land,HIGH
83,"However, conflicting hypotheses have been reported: on the one hand an expansion (into native [savanna]) and intensification (fertilizer) of cropland [cultivation], and on the other hand [agricultural land] abandonment, caused by, e.g., the civil war in Sudan may both contribute to the observed positive trends",conflicting hypotheses,OCCURS_DURING,,LOW
84,National and local management policies are currently addressing the decrease in woody vegetation and related soil [erosion] by encouraging more sustainable practices such as [tree] planting on marginal land or the adoption of FMNR,sustainable_practices,CAUSES,increase_in_woody_vegetation,MEDIUM
84,National and local management policies are currently addressing the decrease in woody vegetation and related soil [erosion] by encouraging more sustainable practices such as [tree] planting on marginal land or the adoption of FMNR,decrease_in_woody_vegetation,CAUSES,erosion,HIGH
84,National and local management policies are currently addressing the decrease in woody vegetation and related soil [erosion] by encouraging more sustainable practices such as [tree] planting on marginal land or the adoption of FMNR,erosion,AFFECTS,soil,HIGH
84,National and local management policies are currently addressing the decrease in woody vegetation and related soil [erosion] by encouraging more sustainable practices such as [tree] planting on marginal land or the adoption of FMNR,decrease_in_woody_vegetation,CAUSES,decrease,HIGH
84,National and local management policies are currently addressing the decrease in woody vegetation and related soil [erosion] by encouraging more sustainable practices such as [tree] planting on marginal land or the adoption of FMNR,non_woody_vegetation,ENABLES,urbanization,MEDIUM
84,National and local management policies are currently addressing the decrease in woody vegetation and related soil [erosion] by encouraging more sustainable practices such as [tree] planting on marginal land or the adoption of FMNR,built_up_area,LOCATED_IN,location,MEDIUM
85,The decrease in rainfall has been associated with a concentration of the [cultivation] of the sandy soils on the dune,decrease,CAUSES,concentration,HIGH
86,The decrease in rainfall has been associated with a concentration of the [cultivation] of the sandy soils on the dune,decrease,CAUSES,concentration,HIGH
87,"Disturbance on different [[land use]] types in Boala and Yale ´villages: (A) cutting for fuelwood and local construction, (B) pruning for animal feed, (C) damage incurred by elephants, and (D) grazing impact.', 'graphic': {'@coords': '7,136.74,527.19,331.54,192.36', '@type': 'bitmap'}}, {'@xmlns': 'http://www.tei-c.org/ns/1.0', '@type': 'table', '@xml:id': 'tab_0', 'head': 'Table 1', 'label': '1', 'figDesc': '[Land use] change at a local level for the period[1984][1985][1986][1987][1988][1989][1990][1991][1992][1993][1994][1995][1996][1997][1998][1999][2000][2001][2002]', 'table': {'row': [{'cell': ['[Land use] type', '1984', None, '1997', None, '2002', None]}, {'cell': [None, 'Total (ha)', '%', 'Total (ha)', '%', 'Total (ha)', '%']}, {'cell': ['(A) Boala', None, None, None, None, None, None]}, {'cell': ['Croplands', '586', '7', '957', '12', '1,145', '14']}, {'cell': ['Grazing lands', '1,038', '13', '3,616', '44', '3,719', '45']}, {'cell': ['[Forest] lands', '6,434', '78', '3,614', '44', '3,323', '40']}, {'cell': ['Gallery forests', '191', '2', '62', '1', '62', '1']}, {'cell': ['Total', '8,249', '100', '8,249', '100', '8,249', '100']}, {'cell': ['(B) Yale Ćroplands', None, None, None, None, None, None]}, {'cell': [None, '2,184', '21', '2,735', '26', '3,205', '30']}, {'cell': ['Grazing lands', '3,169', '30', '5,006', '47', '5,112', '48']}, {'cell': ['[Forest] lands', '4,411', '41', '2,282', '21', '1,879', '18']}, {'cell': ['Gallery forests', '877', '8', '618', '6', '445', '4']}, {'cell': ['Total', '10,641', '100', '10,641', '100', '10,641', '100']}]}}, {'@xmlns': 'http://www.tei-c.org/ns/1.0', '@type': 'table', '@xml:id': 'tab_1', 'head': 'Table 2', 'label': '2', 'figDesc': 'Regional [[land use]] dynamic in the southern area of Sissili and Ziro Provinces during 1986-2002', 'table': {'row': [{'cell': ['Land use', '1986', None, '2002', None, {'@cols': '2', '#text': 'Total change'}, 'Annual']}, {'cell': ['type', 'ha', '%', 'ha', '%', 'ha', '%', 'change (%)']}, {'cell': ['[Forest] lands', '209,561', '17', '197,747', '16', 'À11,814', {'@cols': '2', '#text': 'À6 À0.38'}]}, {'cell': ['Grazing lands', '738,176', '60', '632,828', {'@cols': '4', '#text': '51 À105,348 À14 À0.88'}]}, {'cell': ['Gallery forests', '75,949', '6', '55,919', '4', {'@cols': '3', '#text': 'À20,035 À26 À1.63'}]}, {'cell': ['Croplands', '213,414', '17', '340,606', '28', {'@cols': '3', '#text': '127,192 +60 +3.75'}]}, {'cell': ['Total area', {'@cols': '5', '#text': '1,237,100 100 1,237,100 100 1,237,100'}, '0', '0']}]}}, {'@xmlns': 'http://www.tei-c.org/ns/1.0', '@type': 'table', '@xml:id': 'tab_3', 'head': 'Table 5', 'label': '5', 'figDesc': 'Size of commercial farms possessed by agri-business actors and its proportion to the total cropland in each district in the southern region of Burkina Faso in 2002', 'table': {'row': [{'cell': ['Districts', 'Area (ha) a', 'Area in %', 'Proportion of croplands']}, {'cell': ['Bakata', '120', '3', '0.5']}, {'cell': ['Sapouy', '948', '27', '2.1']}, {'cell': ['Cassou', '1228', '35', '5.4']}, {'cell': ['Leo', '667', '19', '2.7']}, {'cell': ['To', '105', '3', '0.2']}, {'cell': ['Bie ´ha', '200', '6', '0.8']}, {'cell': ['Boura', '200', '6', '0.5']}, {'cell': ['Total/region', '3468', '100', '1.0']}, {'cell': [{'@cols': '3',",(A) human_activity,CAUSES,disturbance,HIGH
87,"Disturbance on different [[land use]] types in Boala and Yale ´villages: (A) cutting for fuelwood and local construction, (B) pruning for animal feed, (C) damage incurred by elephants, and (D) grazing impact.', 'graphic': {'@coords': '7,136.74,527.19,331.54,192.36', '@type': 'bitmap'}}, {'@xmlns': 'http://www.tei-c.org/ns/1.0', '@type': 'table', '@xml:id': 'tab_0', 'head': 'Table 1', 'label': '1', 'figDesc': '[Land use] change at a local level for the period[1984][1985][1986][1987][1988][1989][1990][1991][1992][1993][1994][1995][1996][1997][1998][1999][2000][2001][2002]', 'table': {'row': [{'cell': ['[Land use] type', '1984', None, '1997', None, '2002', None]}, {'cell': [None, 'Total (ha)', '%', 'Total (ha)', '%', 'Total (ha)', '%']}, {'cell': ['(A) Boala', None, None, None, None, None, None]}, {'cell': ['Croplands', '586', '7', '957', '12', '1,145', '14']}, {'cell': ['Grazing lands', '1,038', '13', '3,616', '44', '3,719', '45']}, {'cell': ['[Forest] lands', '6,434', '78', '3,614', '44', '3,323', '40']}, {'cell': ['Gallery forests', '191', '2', '62', '1', '62', '1']}, {'cell': ['Total', '8,249', '100', '8,249', '100', '8,249', '100']}, {'cell': ['(B) Yale Ćroplands', None, None, None, None, None, None]}, {'cell': [None, '2,184', '21', '2,735', '26', '3,205', '30']}, {'cell': ['Grazing lands', '3,169', '30', '5,006', '47', '5,112', '48']}, {'cell': ['[Forest] lands', '4,411', '41', '2,282', '21', '1,879', '18']}, {'cell': ['Gallery forests', '877', '8', '618', '6', '445', '4']}, {'cell': ['Total', '10,641', '100', '10,641', '100', '10,641', '100']}]}}, {'@xmlns': 'http://www.tei-c.org/ns/1.0', '@type': 'table', '@xml:id': 'tab_1', 'head': 'Table 2', 'label': '2', 'figDesc': 'Regional [[land use]] dynamic in the southern area of Sissili and Ziro Provinces during 1986-2002', 'table': {'row': [{'cell': ['Land use', '1986', None, '2002', None, {'@cols': '2', '#text': 'Total change'}, 'Annual']}, {'cell': ['type', 'ha', '%', 'ha', '%', 'ha', '%', 'change (%)']}, {'cell': ['[Forest] lands', '209,561', '17', '197,747', '16', 'À11,814', {'@cols': '2', '#text': 'À6 À0.38'}]}, {'cell': ['Grazing lands', '738,176', '60', '632,828', {'@cols': '4', '#text': '51 À105,348 À14 À0.88'}]}, {'cell': ['Gallery forests', '75,949', '6', '55,919', '4', {'@cols': '3', '#text': 'À20,035 À26 À1.63'}]}, {'cell': ['Croplands', '213,414', '17', '340,606', '28', {'@cols': '3', '#text': '127,192 +60 +3.75'}]}, {'cell': ['Total area', {'@cols': '5', '#text': '1,237,100 100 1,237,100 100 1,237,100'}, '0', '0']}]}}, {'@xmlns': 'http://www.tei-c.org/ns/1.0', '@type': 'table', '@xml:id': 'tab_3', 'head': 'Table 5', 'label': '5', 'figDesc': 'Size of commercial farms possessed by agri-business actors and its proportion to the total cropland in each district in the southern region of Burkina Faso in 2002', 'table': {'row': [{'cell': ['Districts', 'Area (ha) a', 'Area in %', 'Proportion of croplands']}, {'cell': ['Bakata', '120', '3', '0.5']}, {'cell': ['Sapouy', '948', '27', '2.1']}, {'cell': ['Cassou', '1228', '35', '5.4']}, {'cell': ['Leo', '667', '19', '2.7']}, {'cell': ['To', '105', '3', '0.2']}, {'cell': ['Bie ´ha', '200', '6', '0.8']}, {'cell': ['Boura', '200', '6', '0.5']}, {'cell': ['Total/region', '3468', '100', '1.0']}, {'cell': [{'@cols': '3',",disturbance,AFFECTS,croplands,MEDIUM
87,"Disturbance on different [[land use]] types in Boala and Yale ´villages: (A) cutting for fuelwood and local construction, (B) pruning for animal feed, (C) damage incurred by elephants, and (D) grazing impact.', 'graphic': {'@coords': '7,136.74,527.19,331.54,192.36', '@type': 'bitmap'}}, {'@xmlns': 'http://www.tei-c.org/ns/1.0', '@type': 'table', '@xml:id': 'tab_0', 'head': 'Table 1', 'label': '1', 'figDesc': '[Land use] change at a local level for the period[1984][1985][1986][1987][1988][1989][1990][1991][1992][1993][1994][1995][1996][1997][1998][1999][2000][2001][2002]', 'table': {'row': [{'cell': ['[Land use] type', '1984', None, '1997', None, '2002', None]}, {'cell': [None, 'Total (ha)', '%', 'Total (ha)', '%', 'Total (ha)', '%']}, {'cell': ['(A) Boala', None, None, None, None, None, None]}, {'cell': ['Croplands', '586', '7', '957', '12', '1,145', '14']}, {'cell': ['Grazing lands', '1,038', '13', '3,616', '44', '3,719', '45']}, {'cell': ['[Forest] lands', '6,434', '78', '3,614', '44', '3,323', '40']}, {'cell': ['Gallery forests', '191', '2', '62', '1', '62', '1']}, {'cell': ['Total', '8,249', '100', '8,249', '100', '8,249', '100']}, {'cell': ['(B) Yale Ćroplands', None, None, None, None, None, None]}, {'cell': [None, '2,184', '21', '2,735', '26', '3,205', '30']}, {'cell': ['Grazing lands', '3,169', '30', '5,006', '47', '5,112', '48']}, {'cell': ['[Forest] lands', '4,411', '41', '2,282', '21', '1,879', '18']}, {'cell': ['Gallery forests', '877', '8', '618', '6', '445', '4']}, {'cell': ['Total', '10,641', '100', '10,641', '100', '10,641', '100']}]}}, {'@xmlns': 'http://www.tei-c.org/ns/1.0', '@type': 'table', '@xml:id': 'tab_1', 'head': 'Table 2', 'label': '2', 'figDesc': 'Regional [[land use]] dynamic in the southern area of Sissili and Ziro Provinces during 1986-2002', 'table': {'row': [{'cell': ['Land use', '1986', None, '2002', None, {'@cols': '2', '#text': 'Total change'}, 'Annual']}, {'cell': ['type', 'ha', '%', 'ha', '%', 'ha', '%', 'change (%)']}, {'cell': ['[Forest] lands', '209,561', '17', '197,747', '16', 'À11,814', {'@cols': '2', '#text': 'À6 À0.38'}]}, {'cell': ['Grazing lands', '738,176', '60', '632,828', {'@cols': '4', '#text': '51 À105,348 À14 À0.88'}]}, {'cell': ['Gallery forests', '75,949', '6', '55,919', '4', {'@cols': '3', '#text': 'À20,035 À26 À1.63'}]}, {'cell': ['Croplands', '213,414', '17', '340,606', '28', {'@cols': '3', '#text': '127,192 +60 +3.75'}]}, {'cell': ['Total area', {'@cols': '5', '#text': '1,237,100 100 1,237,100 100 1,237,100'}, '0', '0']}]}}, {'@xmlns': 'http://www.tei-c.org/ns/1.0', '@type': 'table', '@xml:id': 'tab_3', 'head': 'Table 5', 'label': '5', 'figDesc': 'Size of commercial farms possessed by agri-business actors and its proportion to the total cropland in each district in the southern region of Burkina Faso in 2002', 'table': {'row': [{'cell': ['Districts', 'Area (ha) a', 'Area in %', 'Proportion of croplands']}, {'cell': ['Bakata', '120', '3', '0.5']}, {'cell': ['Sapouy', '948', '27', '2.1']}, {'cell': ['Cassou', '1228', '35', '5.4']}, {'cell': ['Leo', '667', '19', '2.7']}, {'cell': ['To', '105', '3', '0.2']}, {'cell': ['Bie ´ha', '200', '6', '0.8']}, {'cell': ['Boura', '200', '6', '0.5']}, {'cell': ['Total/region', '3468', '100', '1.0']}, {'cell': [{'@cols': '3',",disturbance,AFFECTS,forest,MEDIUM
87,"Disturbance on different [[land use]] types in Boala and Yale ´villages: (A) cutting for fuelwood and local construction, (B) pruning for animal feed, (C) damage incurred by elephants, and (D) grazing impact.', 'graphic': {'@coords': '7,136.74,527.19,331.54,192.36', '@type': 'bitmap'}}, {'@xmlns': 'http://www.tei-c.org/ns/1.0', '@type': 'table', '@xml:id': 'tab_0', 'head': 'Table 1', 'label': '1', 'figDesc': '[Land use] change at a local level for the period[1984][1985][1986][1987][1988][1989][1990][1991][1992][1993][1994][1995][1996][1997][1998][1999][2000][2001][2002]', 'table': {'row': [{'cell': ['[Land use] type', '1984', None, '1997', None, '2002', None]}, {'cell': [None, 'Total (ha)', '%', 'Total (ha)', '%', 'Total (ha)', '%']}, {'cell': ['(A) Boala', None, None, None, None, None, None]}, {'cell': ['Croplands', '586', '7', '957', '12', '1,145', '14']}, {'cell': ['Grazing lands', '1,038', '13', '3,616', '44', '3,719', '45']}, {'cell': ['[Forest] lands', '6,434', '78', '3,614', '44', '3,323', '40']}, {'cell': ['Gallery forests', '191', '2', '62', '1', '62', '1']}, {'cell': ['Total', '8,249', '100', '8,249', '100', '8,249', '100']}, {'cell': ['(B) Yale Ćroplands', None, None, None, None, None, None]}, {'cell': [None, '2,184', '21', '2,735', '26', '3,205', '30']}, {'cell': ['Grazing lands', '3,169', '30', '5,006', '47', '5,112', '48']}, {'cell': ['[Forest] lands', '4,411', '41', '2,282', '21', '1,879', '18']}, {'cell': ['Gallery forests', '877', '8', '618', '6', '445', '4']}, {'cell': ['Total', '10,641', '100', '10,641', '100', '10,641', '100']}]}}, {'@xmlns': 'http://www.tei-c.org/ns/1.0', '@type': 'table', '@xml:id': 'tab_1', 'head': 'Table 2', 'label': '2', 'figDesc': 'Regional [[land use]] dynamic in the southern area of Sissili and Ziro Provinces during 1986-2002', 'table': {'row': [{'cell': ['Land use', '1986', None, '2002', None, {'@cols': '2', '#text': 'Total change'}, 'Annual']}, {'cell': ['type', 'ha', '%', 'ha', '%', 'ha', '%', 'change (%)']}, {'cell': ['[Forest] lands', '209,561', '17', '197,747', '16', 'À11,814', {'@cols': '2', '#text': 'À6 À0.38'}]}, {'cell': ['Grazing lands', '738,176', '60', '632,828', {'@cols': '4', '#text': '51 À105,348 À14 À0.88'}]}, {'cell': ['Gallery forests', '75,949', '6', '55,919', '4', {'@cols': '3', '#text': 'À20,035 À26 À1.63'}]}, {'cell': ['Croplands', '213,414', '17', '340,606', '28', {'@cols': '3', '#text': '127,192 +60 +3.75'}]}, {'cell': ['Total area', {'@cols': '5', '#text': '1,237,100 100 1,237,100 100 1,237,100'}, '0', '0']}]}}, {'@xmlns': 'http://www.tei-c.org/ns/1.0', '@type': 'table', '@xml:id': 'tab_3', 'head': 'Table 5', 'label': '5', 'figDesc': 'Size of commercial farms possessed by agri-business actors and its proportion to the total cropland in each district in the southern region of Burkina Faso in 2002', 'table': {'row': [{'cell': ['Districts', 'Area (ha) a', 'Area in %', 'Proportion of croplands']}, {'cell': ['Bakata', '120', '3', '0.5']}, {'cell': ['Sapouy', '948', '27', '2.1']}, {'cell': ['Cassou', '1228', '35', '5.4']}, {'cell': ['Leo', '667', '19', '2.7']}, {'cell': ['To', '105', '3', '0.2']}, {'cell': ['Bie ´ha', '200', '6', '0.8']}, {'cell': ['Boura', '200', '6', '0.5']}, {'cell': ['Total/region', '3468', '100', '1.0']}, {'cell': [{'@cols': '3',",disturbance,AFFECTS,grasslands,MEDIUM
87,"Disturbance on different [[land use]] types in Boala and Yale ´villages: (A) cutting for fuelwood and local construction, (B) pruning for animal feed, (C) damage incurred by elephants, and (D) grazing impact.', 'graphic': {'@coords': '7,136.74,527.19,331.54,192.36', '@type': 'bitmap'}}, {'@xmlns': 'http://www.tei-c.org/ns/1.0', '@type': 'table', '@xml:id': 'tab_0', 'head': 'Table 1', 'label': '1', 'figDesc': '[Land use] change at a local level for the period[1984][1985][1986][1987][1988][1989][1990][1991][1992][1993][1994][1995][1996][1997][1998][1999][2000][2001][2002]', 'table': {'row': [{'cell': ['[Land use] type', '1984', None, '1997', None, '2002', None]}, {'cell': [None, 'Total (ha)', '%', 'Total (ha)', '%', 'Total (ha)', '%']}, {'cell': ['(A) Boala', None, None, None, None, None, None]}, {'cell': ['Croplands', '586', '7', '957', '12', '1,145', '14']}, {'cell': ['Grazing lands', '1,038', '13', '3,616', '44', '3,719', '45']}, {'cell': ['[Forest] lands', '6,434', '78', '3,614', '44', '3,323', '40']}, {'cell': ['Gallery forests', '191', '2', '62', '1', '62', '1']}, {'cell': ['Total', '8,249', '100', '8,249', '100', '8,249', '100']}, {'cell': ['(B) Yale Ćroplands', None, None, None, None, None, None]}, {'cell': [None, '2,184', '21', '2,735', '26', '3,205', '30']}, {'cell': ['Grazing lands', '3,169', '30', '5,006', '47', '5,112', '48']}, {'cell': ['[Forest] lands', '4,411', '41', '2,282', '21', '1,879', '18']}, {'cell': ['Gallery forests', '877', '8', '618', '6', '445', '4']}, {'cell': ['Total', '10,641', '100', '10,641', '100', '10,641', '100']}]}}, {'@xmlns': 'http://www.tei-c.org/ns/1.0', '@type': 'table', '@xml:id': 'tab_1', 'head': 'Table 2', 'label': '2', 'figDesc': 'Regional [[land use]] dynamic in the southern area of Sissili and Ziro Provinces during 1986-2002', 'table': {'row': [{'cell': ['Land use', '1986', None, '2002', None, {'@cols': '2', '#text': 'Total change'}, 'Annual']}, {'cell': ['type', 'ha', '%', 'ha', '%', 'ha', '%', 'change (%)']}, {'cell': ['[Forest] lands', '209,561', '17', '197,747', '16', 'À11,814', {'@cols': '2', '#text': 'À6 À0.38'}]}, {'cell': ['Grazing lands', '738,176', '60', '632,828', {'@cols': '4', '#text': '51 À105,348 À14 À0.88'}]}, {'cell': ['Gallery forests', '75,949', '6', '55,919', '4', {'@cols': '3', '#text': 'À20,035 À26 À1.63'}]}, {'cell': ['Croplands', '213,414', '17', '340,606', '28', {'@cols': '3', '#text': '127,192 +60 +3.75'}]}, {'cell': ['Total area', {'@cols': '5', '#text': '1,237,100 100 1,237,100 100 1,237,100'}, '0', '0']}]}}, {'@xmlns': 'http://www.tei-c.org/ns/1.0', '@type': 'table', '@xml:id': 'tab_3', 'head': 'Table 5', 'label': '5', 'figDesc': 'Size of commercial farms possessed by agri-business actors and its proportion to the total cropland in each district in the southern region of Burkina Faso in 2002', 'table': {'row': [{'cell': ['Districts', 'Area (ha) a', 'Area in %', 'Proportion of croplands']}, {'cell': ['Bakata', '120', '3', '0.5']}, {'cell': ['Sapouy', '948', '27', '2.1']}, {'cell': ['Cassou', '1228', '35', '5.4']}, {'cell': ['Leo', '667', '19', '2.7']}, {'cell': ['To', '105', '3', '0.2']}, {'cell': ['Bie ´ha', '200', '6', '0.8']}, {'cell': ['Boura', '200', '6', '0.5']}, {'cell': ['Total/region', '3468', '100', '1.0']}, {'cell': [{'@cols': '3',",(B) human_activity,CAUSES,disturbance,HIGH
87,"Disturbance on different [[land use]] types in Boala and Yale ´villages: (A) cutting for fuelwood and local construction, (B) pruning for animal feed, (C) damage incurred by elephants, and (D) grazing impact.', 'graphic': {'@coords': '7,136.74,527.19,331.54,192.36', '@type': 'bitmap'}}, {'@xmlns': 'http://www.tei-c.org/ns/1.0', '@type': 'table', '@xml:id': 'tab_0', 'head': 'Table 1', 'label': '1', 'figDesc': '[Land use] change at a local level for the period[1984][1985][1986][1987][1988][1989][1990][1991][1992][1993][1994][1995][1996][1997][1998][1999][2000][2001][2002]', 'table': {'row': [{'cell': ['[Land use] type', '1984', None, '1997', None, '2002', None]}, {'cell': [None, 'Total (ha)', '%', 'Total (ha)', '%', 'Total (ha)', '%']}, {'cell': ['(A) Boala', None, None, None, None, None, None]}, {'cell': ['Croplands', '586', '7', '957', '12', '1,145', '14']}, {'cell': ['Grazing lands', '1,038', '13', '3,616', '44', '3,719', '45']}, {'cell': ['[Forest] lands', '6,434', '78', '3,614', '44', '3,323', '40']}, {'cell': ['Gallery forests', '191', '2', '62', '1', '62', '1']}, {'cell': ['Total', '8,249', '100', '8,249', '100', '8,249', '100']}, {'cell': ['(B) Yale Ćroplands', None, None, None, None, None, None]}, {'cell': [None, '2,184', '21', '2,735', '26', '3,205', '30']}, {'cell': ['Grazing lands', '3,169', '30', '5,006', '47', '5,112', '48']}, {'cell': ['[Forest] lands', '4,411', '41', '2,282', '21', '1,879', '18']}, {'cell': ['Gallery forests', '877', '8', '618', '6', '445', '4']}, {'cell': ['Total', '10,641', '100', '10,641', '100', '10,641', '100']}]}}, {'@xmlns': 'http://www.tei-c.org/ns/1.0', '@type': 'table', '@xml:id': 'tab_1', 'head': 'Table 2', 'label': '2', 'figDesc': 'Regional [[land use]] dynamic in the southern area of Sissili and Ziro Provinces during 1986-2002', 'table': {'row': [{'cell': ['Land use', '1986', None, '2002', None, {'@cols': '2', '#text': 'Total change'}, 'Annual']}, {'cell': ['type', 'ha', '%', 'ha', '%', 'ha', '%', 'change (%)']}, {'cell': ['[Forest] lands', '209,561', '17', '197,747', '16', 'À11,814', {'@cols': '2', '#text': 'À6 À0.38'}]}, {'cell': ['Grazing lands', '738,176', '60', '632,828', {'@cols': '4', '#text': '51 À105,348 À14 À0.88'}]}, {'cell': ['Gallery forests', '75,949', '6', '55,919', '4', {'@cols': '3', '#text': 'À20,035 À26 À1.63'}]}, {'cell': ['Croplands', '213,414', '17', '340,606', '28', {'@cols': '3', '#text': '127,192 +60 +3.75'}]}, {'cell': ['Total area', {'@cols': '5', '#text': '1,237,100 100 1,237,100 100 1,237,100'}, '0', '0']}]}}, {'@xmlns': 'http://www.tei-c.org/ns/1.0', '@type': 'table', '@xml:id': 'tab_3', 'head': 'Table 5', 'label': '5', 'figDesc': 'Size of commercial farms possessed by agri-business actors and its proportion to the total cropland in each district in the southern region of Burkina Faso in 2002', 'table': {'row': [{'cell': ['Districts', 'Area (ha) a', 'Area in %', 'Proportion of croplands']}, {'cell': ['Bakata', '120', '3', '0.5']}, {'cell': ['Sapouy', '948', '27', '2.1']}, {'cell': ['Cassou', '1228', '35', '5.4']}, {'cell': ['Leo', '667', '19', '2.7']}, {'cell': ['To', '105', '3', '0.2']}, {'cell': ['Bie ´ha', '200', '6', '0.8']}, {'cell': ['Boura', '200', '6', '0.5']}, {'cell': ['Total/region', '3468', '100', '1.0']}, {'cell': [{'@cols': '3',",disturbance,AFFECTS,croplands,MEDIUM
87,"Disturbance on different [[land use]] types in Boala and Yale ´villages: (A) cutting for fuelwood and local construction, (B) pruning for animal feed, (C) damage incurred by elephants, and (D) grazing impact.', 'graphic': {'@coords': '7,136.74,527.19,331.54,192.36', '@type': 'bitmap'}}, {'@xmlns': 'http://www.tei-c.org/ns/1.0', '@type': 'table', '@xml:id': 'tab_0', 'head': 'Table 1', 'label': '1', 'figDesc': '[Land use] change at a local level for the period[1984][1985][1986][1987][1988][1989][1990][1991][1992][1993][1994][1995][1996][1997][1998][1999][2000][2001][2002]', 'table': {'row': [{'cell': ['[Land use] type', '1984', None, '1997', None, '2002', None]}, {'cell': [None, 'Total (ha)', '%', 'Total (ha)', '%', 'Total (ha)', '%']}, {'cell': ['(A) Boala', None, None, None, None, None, None]}, {'cell': ['Croplands', '586', '7', '957', '12', '1,145', '14']}, {'cell': ['Grazing lands', '1,038', '13', '3,616', '44', '3,719', '45']}, {'cell': ['[Forest] lands', '6,434', '78', '3,614', '44', '3,323', '40']}, {'cell': ['Gallery forests', '191', '2', '62', '1', '62', '1']}, {'cell': ['Total', '8,249', '100', '8,249', '100', '8,249', '100']}, {'cell': ['(B) Yale Ćroplands', None, None, None, None, None, None]}, {'cell': [None, '2,184', '21', '2,735', '26', '3,205', '30']}, {'cell': ['Grazing lands', '3,169', '30', '5,006', '47', '5,112', '48']}, {'cell': ['[Forest] lands', '4,411', '41', '2,282', '21', '1,879', '18']}, {'cell': ['Gallery forests', '877', '8', '618', '6', '445', '4']}, {'cell': ['Total', '10,641', '100', '10,641', '100', '10,641', '100']}]}}, {'@xmlns': 'http://www.tei-c.org/ns/1.0', '@type': 'table', '@xml:id': 'tab_1', 'head': 'Table 2', 'label': '2', 'figDesc': 'Regional [[land use]] dynamic in the southern area of Sissili and Ziro Provinces during 1986-2002', 'table': {'row': [{'cell': ['Land use', '1986', None, '2002', None, {'@cols': '2', '#text': 'Total change'}, 'Annual']}, {'cell': ['type', 'ha', '%', 'ha', '%', 'ha', '%', 'change (%)']}, {'cell': ['[Forest] lands', '209,561', '17', '197,747', '16', 'À11,814', {'@cols': '2', '#text': 'À6 À0.38'}]}, {'cell': ['Grazing lands', '738,176', '60', '632,828', {'@cols': '4', '#text': '51 À105,348 À14 À0.88'}]}, {'cell': ['Gallery forests', '75,949', '6', '55,919', '4', {'@cols': '3', '#text': 'À20,035 À26 À1.63'}]}, {'cell': ['Croplands', '213,414', '17', '340,606', '28', {'@cols': '3', '#text': '127,192 +60 +3.75'}]}, {'cell': ['Total area', {'@cols': '5', '#text': '1,237,100 100 1,237,100 100 1,237,100'}, '0', '0']}]}}, {'@xmlns': 'http://www.tei-c.org/ns/1.0', '@type': 'table', '@xml:id': 'tab_3', 'head': 'Table 5', 'label': '5', 'figDesc': 'Size of commercial farms possessed by agri-business actors and its proportion to the total cropland in each district in the southern region of Burkina Faso in 2002', 'table': {'row': [{'cell': ['Districts', 'Area (ha) a', 'Area in %', 'Proportion of croplands']}, {'cell': ['Bakata', '120', '3', '0.5']}, {'cell': ['Sapouy', '948', '27', '2.1']}, {'cell': ['Cassou', '1228', '35', '5.4']}, {'cell': ['Leo', '667', '19', '2.7']}, {'cell': ['To', '105', '3', '0.2']}, {'cell': ['Bie ´ha', '200', '6', '0.8']}, {'cell': ['Boura', '200', '6', '0.5']}, {'cell': ['Total/region', '3468', '100', '1.0']}, {'cell': [{'@cols': '3',",disturbance,AFFECTS,gallery_forests,LOW
87,"Disturbance on different [[land use]] types in Boala and Yale ´villages: (A) cutting for fuelwood and local construction, (B) pruning for animal feed, (C) damage incurred by elephants, and (D) grazing impact.', 'graphic': {'@coords': '7,136.74,527.19,331.54,192.36', '@type': 'bitmap'}}, {'@xmlns': 'http://www.tei-c.org/ns/1.0', '@type': 'table', '@xml:id': 'tab_0', 'head': 'Table 1', 'label': '1', 'figDesc': '[Land use] change at a local level for the period[1984][1985][1986][1987][1988][1989][1990][1991][1992][1993][1994][1995][1996][1997][1998][1999][2000][2001][2002]', 'table': {'row': [{'cell': ['[Land use] type', '1984', None, '1997', None, '2002', None]}, {'cell': [None, 'Total (ha)', '%', 'Total (ha)', '%', 'Total (ha)', '%']}, {'cell': ['(A) Boala', None, None, None, None, None, None]}, {'cell': ['Croplands', '586', '7', '957', '12', '1,145', '14']}, {'cell': ['Grazing lands', '1,038', '13', '3,616', '44', '3,719', '45']}, {'cell': ['[Forest] lands', '6,434', '78', '3,614', '44', '3,323', '40']}, {'cell': ['Gallery forests', '191', '2', '62', '1', '62', '1']}, {'cell': ['Total', '8,249', '100', '8,249', '100', '8,249', '100']}, {'cell': ['(B) Yale Ćroplands', None, None, None, None, None, None]}, {'cell': [None, '2,184', '21', '2,735', '26', '3,205', '30']}, {'cell': ['Grazing lands', '3,169', '30', '5,006', '47', '5,112', '48']}, {'cell': ['[Forest] lands', '4,411', '41', '2,282', '21', '1,879', '18']}, {'cell': ['Gallery forests', '877', '8', '618', '6', '445', '4']}, {'cell': ['Total', '10,641', '100', '10,641', '100', '10,641', '100']}]}}, {'@xmlns': 'http://www.tei-c.org/ns/1.0', '@type': 'table', '@xml:id': 'tab_1', 'head': 'Table 2', 'label': '2', 'figDesc': 'Regional [[land use]] dynamic in the southern area of Sissili and Ziro Provinces during 1986-2002', 'table': {'row': [{'cell': ['Land use', '1986', None, '2002', None, {'@cols': '2', '#text': 'Total change'}, 'Annual']}, {'cell': ['type', 'ha', '%', 'ha', '%', 'ha', '%', 'change (%)']}, {'cell': ['[Forest] lands', '209,561', '17', '197,747', '16', 'À11,814', {'@cols': '2', '#text': 'À6 À0.38'}]}, {'cell': ['Grazing lands', '738,176', '60', '632,828', {'@cols': '4', '#text': '51 À105,348 À14 À0.88'}]}, {'cell': ['Gallery forests', '75,949', '6', '55,919', '4', {'@cols': '3', '#text': 'À20,035 À26 À1.63'}]}, {'cell': ['Croplands', '213,414', '17', '340,606', '28', {'@cols': '3', '#text': '127,192 +60 +3.75'}]}, {'cell': ['Total area', {'@cols': '5', '#text': '1,237,100 100 1,237,100 100 1,237,100'}, '0', '0']}]}}, {'@xmlns': 'http://www.tei-c.org/ns/1.0', '@type': 'table', '@xml:id': 'tab_3', 'head': 'Table 5', 'label': '5', 'figDesc': 'Size of commercial farms possessed by agri-business actors and its proportion to the total cropland in each district in the southern region of Burkina Faso in 2002', 'table': {'row': [{'cell': ['Districts', 'Area (ha) a', 'Area in %', 'Proportion of croplands']}, {'cell': ['Bakata', '120', '3', '0.5']}, {'cell': ['Sapouy', '948', '27', '2.1']}, {'cell': ['Cassou', '1228', '35', '5.4']}, {'cell': ['Leo', '667', '19', '2.7']}, {'cell': ['To', '105', '3', '0.2']}, {'cell': ['Bie ´ha', '200', '6', '0.8']}, {'cell': ['Boura', '200', '6', '0.5']}, {'cell': ['Total/region', '3468', '100', '1.0']}, {'cell': [{'@cols': '3',",(C) elephant_damage,CAUSES,disturbance,HIGH
87,"Disturbance on different [[land use]] types in Boala and Yale ´villages: (A) cutting for fuelwood and local construction, (B) pruning for animal feed, (C) damage incurred by elephants, and (D) grazing impact.', 'graphic': {'@coords': '7,136.74,527.19,331.54,192.36', '@type': 'bitmap'}}, {'@xmlns': 'http://www.tei-c.org/ns/1.0', '@type': 'table', '@xml:id': 'tab_0', 'head': 'Table 1', 'label': '1', 'figDesc': '[Land use] change at a local level for the period[1984][1985][1986][1987][1988][1989][1990][1991][1992][1993][1994][1995][1996][1997][1998][1999][2000][2001][2002]', 'table': {'row': [{'cell': ['[Land use] type', '1984', None, '1997', None, '2002', None]}, {'cell': [None, 'Total (ha)', '%', 'Total (ha)', '%', 'Total (ha)', '%']}, {'cell': ['(A) Boala', None, None, None, None, None, None]}, {'cell': ['Croplands', '586', '7', '957', '12', '1,145', '14']}, {'cell': ['Grazing lands', '1,038', '13', '3,616', '44', '3,719', '45']}, {'cell': ['[Forest] lands', '6,434', '78', '3,614', '44', '3,323', '40']}, {'cell': ['Gallery forests', '191', '2', '62', '1', '62', '1']}, {'cell': ['Total', '8,249', '100', '8,249', '100', '8,249', '100']}, {'cell': ['(B) Yale Ćroplands', None, None, None, None, None, None]}, {'cell': [None, '2,184', '21', '2,735', '26', '3,205', '30']}, {'cell': ['Grazing lands', '3,169', '30', '5,006', '47', '5,112', '48']}, {'cell': ['[Forest] lands', '4,411', '41', '2,282', '21', '1,879', '18']}, {'cell': ['Gallery forests', '877', '8', '618', '6', '445', '4']}, {'cell': ['Total', '10,641', '100', '10,641', '100', '10,641', '100']}]}}, {'@xmlns': 'http://www.tei-c.org/ns/1.0', '@type': 'table', '@xml:id': 'tab_1', 'head': 'Table 2', 'label': '2', 'figDesc': 'Regional [[land use]] dynamic in the southern area of Sissili and Ziro Provinces during 1986-2002', 'table': {'row': [{'cell': ['Land use', '1986', None, '2002', None, {'@cols': '2', '#text': 'Total change'}, 'Annual']}, {'cell': ['type', 'ha', '%', 'ha', '%', 'ha', '%', 'change (%)']}, {'cell': ['[Forest] lands', '209,561', '17', '197,747', '16', 'À11,814', {'@cols': '2', '#text': 'À6 À0.38'}]}, {'cell': ['Grazing lands', '738,176', '60', '632,828', {'@cols': '4', '#text': '51 À105,348 À14 À0.88'}]}, {'cell': ['Gallery forests', '75,949', '6', '55,919', '4', {'@cols': '3', '#text': 'À20,035 À26 À1.63'}]}, {'cell': ['Croplands', '213,414', '17', '340,606', '28', {'@cols': '3', '#text': '127,192 +60 +3.75'}]}, {'cell': ['Total area', {'@cols': '5', '#text': '1,237,100 100 1,237,100 100 1,237,100'}, '0', '0']}]}}, {'@xmlns': 'http://www.tei-c.org/ns/1.0', '@type': 'table', '@xml:id': 'tab_3', 'head': 'Table 5', 'label': '5', 'figDesc': 'Size of commercial farms possessed by agri-business actors and its proportion to the total cropland in each district in the southern region of Burkina Faso in 2002', 'table': {'row': [{'cell': ['Districts', 'Area (ha) a', 'Area in %', 'Proportion of croplands']}, {'cell': ['Bakata', '120', '3', '0.5']}, {'cell': ['Sapouy', '948', '27', '2.1']}, {'cell': ['Cassou', '1228', '35', '5.4']}, {'cell': ['Leo', '667', '19', '2.7']}, {'cell': ['To', '105', '3', '0.2']}, {'cell': ['Bie ´ha', '200', '6', '0.8']}, {'cell': ['Boura', '200', '6', '0.5']}, {'cell': ['Total/region', '3468', '100', '1.0']}, {'cell': [{'@cols': '3',",disturbance,AFFECTS,croplands,MEDIUM
87,"Disturbance on different [[land use]] types in Boala and Yale ´villages: (A) cutting for fuelwood and local construction, (B) pruning for animal feed, (C) damage incurred by elephants, and (D) grazing impact.', 'graphic': {'@coords': '7,136.74,527.19,331.54,192.36', '@type': 'bitmap'}}, {'@xmlns': 'http://www.tei-c.org/ns/1.0', '@type': 'table', '@xml:id': 'tab_0', 'head': 'Table 1', 'label': '1', 'figDesc': '[Land use] change at a local level for the period[1984][1985][1986][1987][1988][1989][1990][1991][1992][1993][1994][1995][1996][1997][1998][1999][2000][2001][2002]', 'table': {'row': [{'cell': ['[Land use] type', '1984', None, '1997', None, '2002', None]}, {'cell': [None, 'Total (ha)', '%', 'Total (ha)', '%', 'Total (ha)', '%']}, {'cell': ['(A) Boala', None, None, None, None, None, None]}, {'cell': ['Croplands', '586', '7', '957', '12', '1,145', '14']}, {'cell': ['Grazing lands', '1,038', '13', '3,616', '44', '3,719', '45']}, {'cell': ['[Forest] lands', '6,434', '78', '3,614', '44', '3,323', '40']}, {'cell': ['Gallery forests', '191', '2', '62', '1', '62', '1']}, {'cell': ['Total', '8,249', '100', '8,249', '100', '8,249', '100']}, {'cell': ['(B) Yale Ćroplands', None, None, None, None, None, None]}, {'cell': [None, '2,184', '21', '2,735', '26', '3,205', '30']}, {'cell': ['Grazing lands', '3,169', '30', '5,006', '47', '5,112', '48']}, {'cell': ['[Forest] lands', '4,411', '41', '2,282', '21', '1,879', '18']}, {'cell': ['Gallery forests', '877', '8', '618', '6', '445', '4']}, {'cell': ['Total', '10,641', '100', '10,641', '100', '10,641', '100']}]}}, {'@xmlns': 'http://www.tei-c.org/ns/1.0', '@type': 'table', '@xml:id': 'tab_1', 'head': 'Table 2', 'label': '2', 'figDesc': 'Regional [[land use]] dynamic in the southern area of Sissili and Ziro Provinces during 1986-2002', 'table': {'row': [{'cell': ['Land use', '1986', None, '2002', None, {'@cols': '2', '#text': 'Total change'}, 'Annual']}, {'cell': ['type', 'ha', '%', 'ha', '%', 'ha', '%', 'change (%)']}, {'cell': ['[Forest] lands', '209,561', '17', '197,747', '16', 'À11,814', {'@cols': '2', '#text': 'À6 À0.38'}]}, {'cell': ['Grazing lands', '738,176', '60', '632,828', {'@cols': '4', '#text': '51 À105,348 À14 À0.88'}]}, {'cell': ['Gallery forests', '75,949', '6', '55,919', '4', {'@cols': '3', '#text': 'À20,035 À26 À1.63'}]}, {'cell': ['Croplands', '213,414', '17', '340,606', '28', {'@cols': '3', '#text': '127,192 +60 +3.75'}]}, {'cell': ['Total area', {'@cols': '5', '#text': '1,237,100 100 1,237,100 100 1,237,100'}, '0', '0']}]}}, {'@xmlns': 'http://www.tei-c.org/ns/1.0', '@type': 'table', '@xml:id': 'tab_3', 'head': 'Table 5', 'label': '5', 'figDesc': 'Size of commercial farms possessed by agri-business actors and its proportion to the total cropland in each district in the southern region of Burkina Faso in 2002', 'table': {'row': [{'cell': ['Districts', 'Area (ha) a', 'Area in %', 'Proportion of croplands']}, {'cell': ['Bakata', '120', '3', '0.5']}, {'cell': ['Sapouy', '948', '27', '2.1']}, {'cell': ['Cassou', '1228', '35', '5.4']}, {'cell': ['Leo', '667', '19', '2.7']}, {'cell': ['To', '105', '3', '0.2']}, {'cell': ['Bie ´ha', '200', '6', '0.8']}, {'cell': ['Boura', '200', '6', '0.5']}, {'cell': ['Total/region', '3468', '100', '1.0']}, {'cell': [{'@cols': '3',",disturbance,AFFECTS,forest,MEDIUM
87,"Disturbance on different [[land use]] types in Boala and Yale ´villages: (A) cutting for fuelwood and local construction, (B) pruning for animal feed, (C) damage incurred by elephants, and (D) grazing impact.', 'graphic': {'@coords': '7,136.74,527.19,331.54,192.36', '@type': 'bitmap'}}, {'@xmlns': 'http://www.tei-c.org/ns/1.0', '@type': 'table', '@xml:id': 'tab_0', 'head': 'Table 1', 'label': '1', 'figDesc': '[Land use] change at a local level for the period[1984][1985][1986][1987][1988][1989][1990][1991][1992][1993][1994][1995][1996][1997][1998][1999][2000][2001][2002]', 'table': {'row': [{'cell': ['[Land use] type', '1984', None, '1997', None, '2002', None]}, {'cell': [None, 'Total (ha)', '%', 'Total (ha)', '%', 'Total (ha)', '%']}, {'cell': ['(A) Boala', None, None, None, None, None, None]}, {'cell': ['Croplands', '586', '7', '957', '12', '1,145', '14']}, {'cell': ['Grazing lands', '1,038', '13', '3,616', '44', '3,719', '45']}, {'cell': ['[Forest] lands', '6,434', '78', '3,614', '44', '3,323', '40']}, {'cell': ['Gallery forests', '191', '2', '62', '1', '62', '1']}, {'cell': ['Total', '8,249', '100', '8,249', '100', '8,249', '100']}, {'cell': ['(B) Yale Ćroplands', None, None, None, None, None, None]}, {'cell': [None, '2,184', '21', '2,735', '26', '3,205', '30']}, {'cell': ['Grazing lands', '3,169', '30', '5,006', '47', '5,112', '48']}, {'cell': ['[Forest] lands', '4,411', '41', '2,282', '21', '1,879', '18']}, {'cell': ['Gallery forests', '877', '8', '618', '6', '445', '4']}, {'cell': ['Total', '10,641', '100', '10,641', '100', '10,641', '100']}]}}, {'@xmlns': 'http://www.tei-c.org/ns/1.0', '@type': 'table', '@xml:id': 'tab_1', 'head': 'Table 2', 'label': '2', 'figDesc': 'Regional [[land use]] dynamic in the southern area of Sissili and Ziro Provinces during 1986-2002', 'table': {'row': [{'cell': ['Land use', '1986', None, '2002', None, {'@cols': '2', '#text': 'Total change'}, 'Annual']}, {'cell': ['type', 'ha', '%', 'ha', '%', 'ha', '%', 'change (%)']}, {'cell': ['[Forest] lands', '209,561', '17', '197,747', '16', 'À11,814', {'@cols': '2', '#text': 'À6 À0.38'}]}, {'cell': ['Grazing lands', '738,176', '60', '632,828', {'@cols': '4', '#text': '51 À105,348 À14 À0.88'}]}, {'cell': ['Gallery forests', '75,949', '6', '55,919', '4', {'@cols': '3', '#text': 'À20,035 À26 À1.63'}]}, {'cell': ['Croplands', '213,414', '17', '340,606', '28', {'@cols': '3', '#text': '127,192 +60 +3.75'}]}, {'cell': ['Total area', {'@cols': '5', '#text': '1,237,100 100 1,237,100 100 1,237,100'}, '0', '0']}]}}, {'@xmlns': 'http://www.tei-c.org/ns/1.0', '@type': 'table', '@xml:id': 'tab_3', 'head': 'Table 5', 'label': '5', 'figDesc': 'Size of commercial farms possessed by agri-business actors and its proportion to the total cropland in each district in the southern region of Burkina Faso in 2002', 'table': {'row': [{'cell': ['Districts', 'Area (ha) a', 'Area in %', 'Proportion of croplands']}, {'cell': ['Bakata', '120', '3', '0.5']}, {'cell': ['Sapouy', '948', '27', '2.1']}, {'cell': ['Cassou', '1228', '35', '5.4']}, {'cell': ['Leo', '667', '19', '2.7']}, {'cell': ['To', '105', '3', '0.2']}, {'cell': ['Bie ´ha', '200', '6', '0.8']}, {'cell': ['Boura', '200', '6', '0.5']}, {'cell': ['Total/region', '3468', '100', '1.0']}, {'cell': [{'@cols': '3',",disturbance,AFFECTS,grasslands,MEDIUM
87,"Disturbance on different [[land use]] types in Boala and Yale ´villages: (A) cutting for fuelwood and local construction, (B) pruning for animal feed, (C) damage incurred by elephants, and (D) grazing impact.', 'graphic': {'@coords': '7,136.74,527.19,331.54,192.36', '@type': 'bitmap'}}, {'@xmlns': 'http://www.tei-c.org/ns/1.0', '@type': 'table', '@xml:id': 'tab_0', 'head': 'Table 1', 'label': '1', 'figDesc': '[Land use] change at a local level for the period[1984][1985][1986][1987][1988][1989][1990][1991][1992][1993][1994][1995][1996][1997][1998][1999][2000][2001][2002]', 'table': {'row': [{'cell': ['[Land use] type', '1984', None, '1997', None, '2002', None]}, {'cell': [None, 'Total (ha)', '%', 'Total (ha)', '%', 'Total (ha)', '%']}, {'cell': ['(A) Boala', None, None, None, None, None, None]}, {'cell': ['Croplands', '586', '7', '957', '12', '1,145', '14']}, {'cell': ['Grazing lands', '1,038', '13', '3,616', '44', '3,719', '45']}, {'cell': ['[Forest] lands', '6,434', '78', '3,614', '44', '3,323', '40']}, {'cell': ['Gallery forests', '191', '2', '62', '1', '62', '1']}, {'cell': ['Total', '8,249', '100', '8,249', '100', '8,249', '100']}, {'cell': ['(B) Yale Ćroplands', None, None, None, None, None, None]}, {'cell': [None, '2,184', '21', '2,735', '26', '3,205', '30']}, {'cell': ['Grazing lands', '3,169', '30', '5,006', '47', '5,112', '48']}, {'cell': ['[Forest] lands', '4,411', '41', '2,282', '21', '1,879', '18']}, {'cell': ['Gallery forests', '877', '8', '618', '6', '445', '4']}, {'cell': ['Total', '10,641', '100', '10,641', '100', '10,641', '100']}]}}, {'@xmlns': 'http://www.tei-c.org/ns/1.0', '@type': 'table', '@xml:id': 'tab_1', 'head': 'Table 2', 'label': '2', 'figDesc': 'Regional [[land use]] dynamic in the southern area of Sissili and Ziro Provinces during 1986-2002', 'table': {'row': [{'cell': ['Land use', '1986', None, '2002', None, {'@cols': '2', '#text': 'Total change'}, 'Annual']}, {'cell': ['type', 'ha', '%', 'ha', '%', 'ha', '%', 'change (%)']}, {'cell': ['[Forest] lands', '209,561', '17', '197,747', '16', 'À11,814', {'@cols': '2', '#text': 'À6 À0.38'}]}, {'cell': ['Grazing lands', '738,176', '60', '632,828', {'@cols': '4', '#text': '51 À105,348 À14 À0.88'}]}, {'cell': ['Gallery forests', '75,949', '6', '55,919', '4', {'@cols': '3', '#text': 'À20,035 À26 À1.63'}]}, {'cell': ['Croplands', '213,414', '17', '340,606', '28', {'@cols': '3', '#text': '127,192 +60 +3.75'}]}, {'cell': ['Total area', {'@cols': '5', '#text': '1,237,100 100 1,237,100 100 1,237,100'}, '0', '0']}]}}, {'@xmlns': 'http://www.tei-c.org/ns/1.0', '@type': 'table', '@xml:id': 'tab_3', 'head': 'Table 5', 'label': '5', 'figDesc': 'Size of commercial farms possessed by agri-business actors and its proportion to the total cropland in each district in the southern region of Burkina Faso in 2002', 'table': {'row': [{'cell': ['Districts', 'Area (ha) a', 'Area in %', 'Proportion of croplands']}, {'cell': ['Bakata', '120', '3', '0.5']}, {'cell': ['Sapouy', '948', '27', '2.1']}, {'cell': ['Cassou', '1228', '35', '5.4']}, {'cell': ['Leo', '667', '19', '2.7']}, {'cell': ['To', '105', '3', '0.2']}, {'cell': ['Bie ´ha', '200', '6', '0.8']}, {'cell': ['Boura', '200', '6', '0.5']}, {'cell': ['Total/region', '3468', '100', '1.0']}, {'cell': [{'@cols': '3',",(D) livestock_grazing,CAUSES,disturbance,HIGH
87,"Disturbance on different [[land use]] types in Boala and Yale ´villages: (A) cutting for fuelwood and local construction, (B) pruning for animal feed, (C) damage incurred by elephants, and (D) grazing impact.', 'graphic': {'@coords': '7,136.74,527.19,331.54,192.36', '@type': 'bitmap'}}, {'@xmlns': 'http://www.tei-c.org/ns/1.0', '@type': 'table', '@xml:id': 'tab_0', 'head': 'Table 1', 'label': '1', 'figDesc': '[Land use] change at a local level for the period[1984][1985][1986][1987][1988][1989][1990][1991][1992][1993][1994][1995][1996][1997][1998][1999][2000][2001][2002]', 'table': {'row': [{'cell': ['[Land use] type', '1984', None, '1997', None, '2002', None]}, {'cell': [None, 'Total (ha)', '%', 'Total (ha)', '%', 'Total (ha)', '%']}, {'cell': ['(A) Boala', None, None, None, None, None, None]}, {'cell': ['Croplands', '586', '7', '957', '12', '1,145', '14']}, {'cell': ['Grazing lands', '1,038', '13', '3,616', '44', '3,719', '45']}, {'cell': ['[Forest] lands', '6,434', '78', '3,614', '44', '3,323', '40']}, {'cell': ['Gallery forests', '191', '2', '62', '1', '62', '1']}, {'cell': ['Total', '8,249', '100', '8,249', '100', '8,249', '100']}, {'cell': ['(B) Yale Ćroplands', None, None, None, None, None, None]}, {'cell': [None, '2,184', '21', '2,735', '26', '3,205', '30']}, {'cell': ['Grazing lands', '3,169', '30', '5,006', '47', '5,112', '48']}, {'cell': ['[Forest] lands', '4,411', '41', '2,282', '21', '1,879', '18']}, {'cell': ['Gallery forests', '877', '8', '618', '6', '445', '4']}, {'cell': ['Total', '10,641', '100', '10,641', '100', '10,641', '100']}]}}, {'@xmlns': 'http://www.tei-c.org/ns/1.0', '@type': 'table', '@xml:id': 'tab_1', 'head': 'Table 2', 'label': '2', 'figDesc': 'Regional [[land use]] dynamic in the southern area of Sissili and Ziro Provinces during 1986-2002', 'table': {'row': [{'cell': ['Land use', '1986', None, '2002', None, {'@cols': '2', '#text': 'Total change'}, 'Annual']}, {'cell': ['type', 'ha', '%', 'ha', '%', 'ha', '%', 'change (%)']}, {'cell': ['[Forest] lands', '209,561', '17', '197,747', '16', 'À11,814', {'@cols': '2', '#text': 'À6 À0.38'}]}, {'cell': ['Grazing lands', '738,176', '60', '632,828', {'@cols': '4', '#text': '51 À105,348 À14 À0.88'}]}, {'cell': ['Gallery forests', '75,949', '6', '55,919', '4', {'@cols': '3', '#text': 'À20,035 À26 À1.63'}]}, {'cell': ['Croplands', '213,414', '17', '340,606', '28', {'@cols': '3', '#text': '127,192 +60 +3.75'}]}, {'cell': ['Total area', {'@cols': '5', '#text': '1,237,100 100 1,237,100 100 1,237,100'}, '0', '0']}]}}, {'@xmlns': 'http://www.tei-c.org/ns/1.0', '@type': 'table', '@xml:id': 'tab_3', 'head': 'Table 5', 'label': '5', 'figDesc': 'Size of commercial farms possessed by agri-business actors and its proportion to the total cropland in each district in the southern region of Burkina Faso in 2002', 'table': {'row': [{'cell': ['Districts', 'Area (ha) a', 'Area in %', 'Proportion of croplands']}, {'cell': ['Bakata', '120', '3', '0.5']}, {'cell': ['Sapouy', '948', '27', '2.1']}, {'cell': ['Cassou', '1228', '35', '5.4']}, {'cell': ['Leo', '667', '19', '2.7']}, {'cell': ['To', '105', '3', '0.2']}, {'cell': ['Bie ´ha', '200', '6', '0.8']}, {'cell': ['Boura', '200', '6', '0.5']}, {'cell': ['Total/region', '3468', '100', '1.0']}, {'cell': [{'@cols': '3',",disturbance,AFFECTS,croplands,MEDIUM
87,"Disturbance on different [[land use]] types in Boala and Yale ´villages: (A) cutting for fuelwood and local construction, (B) pruning for animal feed, (C) damage incurred by elephants, and (D) grazing impact.', 'graphic': {'@coords': '7,136.74,527.19,331.54,192.36', '@type': 'bitmap'}}, {'@xmlns': 'http://www.tei-c.org/ns/1.0', '@type': 'table', '@xml:id': 'tab_0', 'head': 'Table 1', 'label': '1', 'figDesc': '[Land use] change at a local level for the period[1984][1985][1986][1987][1988][1989][1990][1991][1992][1993][1994][1995][1996][1997][1998][1999][2000][2001][2002]', 'table': {'row': [{'cell': ['[Land use] type', '1984', None, '1997', None, '2002', None]}, {'cell': [None, 'Total (ha)', '%', 'Total (ha)', '%', 'Total (ha)', '%']}, {'cell': ['(A) Boala', None, None, None, None, None, None]}, {'cell': ['Croplands', '586', '7', '957', '12', '1,145', '14']}, {'cell': ['Grazing lands', '1,038', '13', '3,616', '44', '3,719', '45']}, {'cell': ['[Forest] lands', '6,434', '78', '3,614', '44', '3,323', '40']}, {'cell': ['Gallery forests', '191', '2', '62', '1', '62', '1']}, {'cell': ['Total', '8,249', '100', '8,249', '100', '8,249', '100']}, {'cell': ['(B) Yale Ćroplands', None, None, None, None, None, None]}, {'cell': [None, '2,184', '21', '2,735', '26', '3,205', '30']}, {'cell': ['Grazing lands', '3,169', '30', '5,006', '47', '5,112', '48']}, {'cell': ['[Forest] lands', '4,411', '41', '2,282', '21', '1,879', '18']}, {'cell': ['Gallery forests', '877', '8', '618', '6', '445', '4']}, {'cell': ['Total', '10,641', '100', '10,641', '100', '10,641', '100']}]}}, {'@xmlns': 'http://www.tei-c.org/ns/1.0', '@type': 'table', '@xml:id': 'tab_1', 'head': 'Table 2', 'label': '2', 'figDesc': 'Regional [[land use]] dynamic in the southern area of Sissili and Ziro Provinces during 1986-2002', 'table': {'row': [{'cell': ['Land use', '1986', None, '2002', None, {'@cols': '2', '#text': 'Total change'}, 'Annual']}, {'cell': ['type', 'ha', '%', 'ha', '%', 'ha', '%', 'change (%)']}, {'cell': ['[Forest] lands', '209,561', '17', '197,747', '16', 'À11,814', {'@cols': '2', '#text': 'À6 À0.38'}]}, {'cell': ['Grazing lands', '738,176', '60', '632,828', {'@cols': '4', '#text': '51 À105,348 À14 À0.88'}]}, {'cell': ['Gallery forests', '75,949', '6', '55,919', '4', {'@cols': '3', '#text': 'À20,035 À26 À1.63'}]}, {'cell': ['Croplands', '213,414', '17', '340,606', '28', {'@cols': '3', '#text': '127,192 +60 +3.75'}]}, {'cell': ['Total area', {'@cols': '5', '#text': '1,237,100 100 1,237,100 100 1,237,100'}, '0', '0']}]}}, {'@xmlns': 'http://www.tei-c.org/ns/1.0', '@type': 'table', '@xml:id': 'tab_3', 'head': 'Table 5', 'label': '5', 'figDesc': 'Size of commercial farms possessed by agri-business actors and its proportion to the total cropland in each district in the southern region of Burkina Faso in 2002', 'table': {'row': [{'cell': ['Districts', 'Area (ha) a', 'Area in %', 'Proportion of croplands']}, {'cell': ['Bakata', '120', '3', '0.5']}, {'cell': ['Sapouy', '948', '27', '2.1']}, {'cell': ['Cassou', '1228', '35', '5.4']}, {'cell': ['Leo', '667', '19', '2.7']}, {'cell': ['To', '105', '3', '0.2']}, {'cell': ['Bie ´ha', '200', '6', '0.8']}, {'cell': ['Boura', '200', '6', '0.5']}, {'cell': ['Total/region', '3468', '100', '1.0']}, {'cell': [{'@cols': '3',",disturbance,AFFECTS,grasslands,MEDIUM
88,"In fact, a major reason why farmers grow [cotton] is to gain access to fertilisers for their subsistence food",farmers,CAUSES,cotton_growth,HIGH
88,"In fact, a major reason why farmers grow [cotton] is to gain access to fertilisers for their subsistence food",cotton_growth,INCREASES_BY,fertiliser_access,MEDIUM
90,"In the period 1975-1990, 1.28 million ha (26%) of natural vegetation was converted to degraded [savanna] and farmland while 2.23 million ha (53%) of natural vegetation was converted to degraded [savanna] and farmland in the period 1990-2010",1975-1990,OCCURS_DURING,period,HIGH
90,"In the period 1975-1990, 1.28 million ha (26%) of natural vegetation was converted to degraded [savanna] and farmland while 2.23 million ha (53%) of natural vegetation was converted to degraded [savanna] and farmland in the period 1990-2010",1990-2010,OCCURS_DURING,period,HIGH
90,"In the period 1975-1990, 1.28 million ha (26%) of natural vegetation was converted to degraded [savanna] and farmland while 2.23 million ha (53%) of natural vegetation was converted to degraded [savanna] and farmland in the period 1990-2010",1.28 million ha,DECREASES_BY,26%,HIGH
90,"In the period 1975-1990, 1.28 million ha (26%) of natural vegetation was converted to degraded [savanna] and farmland while 2.23 million ha (53%) of natural vegetation was converted to degraded [savanna] and farmland in the period 1990-2010",1.28 million ha,CHANGE_TO,26% degraded savanna and farmland,MEDIUM
90,"In the period 1975-1990, 1.28 million ha (26%) of natural vegetation was converted to degraded [savanna] and farmland while 2.23 million ha (53%) of natural vegetation was converted to degraded [savanna] and farmland in the period 1990-2010",2.23 million ha,DECREASES_BY,53%,HIGH
90,"In the period 1975-1990, 1.28 million ha (26%) of natural vegetation was converted to degraded [savanna] and farmland while 2.23 million ha (53%) of natural vegetation was converted to degraded [savanna] and farmland in the period 1990-2010",2.23 million ha,CHANGE_TO,53% degraded savanna and farmland,MEDIUM
91,"At the local scale, the size of [crop] and grazing lands increased at the expense of shrinking of [forest] cover with distinct variation in magnitude of change between villages",forest,DECREASES_BY,crop,HIGH
91,"At the local scale, the size of [crop] and grazing lands increased at the expense of shrinking of [forest] cover with distinct variation in magnitude of change between villages",1. forest,DECREASES_BY,> crop: The decrease in forest cover is related to the increase in crop size.,MEDIUM
92,"The decrease in woodland, [shrub] savannas, grass savannas and [water] body occurred mainly between 1984 and 2001, while [tree] savannas and gallery [forest] decreased mainly between 2001 and 2013",decrease,OCCURS_DURING,between 1984 and 2001,HIGH
92,"The decrease in woodland, [shrub] savannas, grass savannas and [water] body occurred mainly between 1984 and 2001, while [tree] savannas and gallery [forest] decreased mainly between 2001 and 2013",decrease,OCCURS_DURING,between 2001 and 2013,HIGH
92,"The decrease in woodland, [shrub] savannas, grass savannas and [water] body occurred mainly between 1984 and 2001, while [tree] savannas and gallery [forest] decreased mainly between 2001 and 2013",woodland,DECREASES_BY,,MEDIUM
92,"The decrease in woodland, [shrub] savannas, grass savannas and [water] body occurred mainly between 1984 and 2001, while [tree] savannas and gallery [forest] decreased mainly between 2001 and 2013",shrub savannas,DECREASES_BY,,MEDIUM
92,"The decrease in woodland, [shrub] savannas, grass savannas and [water] body occurred mainly between 1984 and 2001, while [tree] savannas and gallery [forest] decreased mainly between 2001 and 2013",grass savannas,DECREASES_BY,,MEDIUM
92,"The decrease in woodland, [shrub] savannas, grass savannas and [water] body occurred mainly between 1984 and 2001, while [tree] savannas and gallery [forest] decreased mainly between 2001 and 2013",water body,DECREASES_BY,,MEDIUM
92,"The decrease in woodland, [shrub] savannas, grass savannas and [water] body occurred mainly between 1984 and 2001, while [tree] savannas and gallery [forest] decreased mainly between 2001 and 2013",tree savannas,DECREASES_BY,,MEDIUM
92,"The decrease in woodland, [shrub] savannas, grass savannas and [water] body occurred mainly between 1984 and 2001, while [tree] savannas and gallery [forest] decreased mainly between 2001 and 2013",gallery forest,DECREASES_BY,,MEDIUM
92,"The decrease in woodland, [shrub] savannas, grass savannas and [water] body occurred mainly between 1984 and 2001, while [tree] savannas and gallery [forest] decreased mainly between 2001 and 2013",woodland,CHANGE_TO,,LOW
92,"The decrease in woodland, [shrub] savannas, grass savannas and [water] body occurred mainly between 1984 and 2001, while [tree] savannas and gallery [forest] decreased mainly between 2001 and 2013",shrub savannas,CHANGE_TO,,LOW
92,"The decrease in woodland, [shrub] savannas, grass savannas and [water] body occurred mainly between 1984 and 2001, while [tree] savannas and gallery [forest] decreased mainly between 2001 and 2013",grass savannas,CHANGE_TO,,LOW
92,"The decrease in woodland, [shrub] savannas, grass savannas and [water] body occurred mainly between 1984 and 2001, while [tree] savannas and gallery [forest] decreased mainly between 2001 and 2013",water body,CHANGE_TO,,LOW
92,"The decrease in woodland, [shrub] savannas, grass savannas and [water] body occurred mainly between 1984 and 2001, while [tree] savannas and gallery [forest] decreased mainly between 2001 and 2013",tree savannas,CHANGE_TO,,LOW
92,"The decrease in woodland, [shrub] savannas, grass savannas and [water] body occurred mainly between 1984 and 2001, while [tree] savannas and gallery [forest] decreased mainly between 2001 and 2013",gallery forest,CHANGE_TO,,LOW
93,The main finding of this study is the loss of vegetation cover over a 29 year period which is the result of conversion for [agriculture],loss,CAUSES,vegetation_cover_loss,HIGH
93,The main finding of this study is the loss of vegetation cover over a 29 year period which is the result of conversion for [agriculture],vegetation_cover_change,OCCURS_DURING,29_year_period,HIGH
94,"From 1984 to 2001, [tree] savannas, bare soils and agricultural lands increased by 17.55%, 18.79% and 21778.79%, respectively, while woodland, gallery [forest], [shrub] savannas and [[water] bodies] decreased by 22.02%, 5.03%, 40.08% and 31.2%, respectively",agricultural lands,INCREASES_BY,21778.79%,HIGH
94,"From 1984 to 2001, [tree] savannas, bare soils and agricultural lands increased by 17.55%, 18.79% and 21778.79%, respectively, while woodland, gallery [forest], [shrub] savannas and [[water] bodies] decreased by 22.02%, 5.03%, 40.08% and 31.2%, respectively",tree savannas,DECREASES_BY,22.02%,HIGH
94,"From 1984 to 2001, [tree] savannas, bare soils and agricultural lands increased by 17.55%, 18.79% and 21778.79%, respectively, while woodland, gallery [forest], [shrub] savannas and [[water] bodies] decreased by 22.02%, 5.03%, 40.08% and 31.2%, respectively",bare soils,INCREASES_BY,18.79%,HIGH
94,"From 1984 to 2001, [tree] savannas, bare soils and agricultural lands increased by 17.55%, 18.79% and 21778.79%, respectively, while woodland, gallery [forest], [shrub] savannas and [[water] bodies] decreased by 22.02%, 5.03%, 40.08% and 31.2%, respectively",woodland,DECREASES_BY,22.02%,HIGH
94,"From 1984 to 2001, [tree] savannas, bare soils and agricultural lands increased by 17.55%, 18.79% and 21778.79%, respectively, while woodland, gallery [forest], [shrub] savannas and [[water] bodies] decreased by 22.02%, 5.03%, 40.08% and 31.2%, respectively",gallery forests,DECREASES_BY,5.03%,HIGH
94,"From 1984 to 2001, [tree] savannas, bare soils and agricultural lands increased by 17.55%, 18.79% and 21778.79%, respectively, while woodland, gallery [forest], [shrub] savannas and [[water] bodies] decreased by 22.02%, 5.03%, 40.08% and 31.2%, respectively",shrub savannas,DECREASES_BY,40.08%,HIGH
94,"From 1984 to 2001, [tree] savannas, bare soils and agricultural lands increased by 17.55%, 18.79% and 21778.79%, respectively, while woodland, gallery [forest], [shrub] savannas and [[water] bodies] decreased by 22.02%, 5.03%, 40.08% and 31.2%, respectively",water bodies,DECREASES_BY,31.2%,HIGH
95,"At regional scale, the annual rate of change in [forest] land, grazing land, gallery [forest] and cropland was À0.4, À0.9, À1.6 and 3.8%, respectively",annual_rate_of_change,OCCURS_DURING,[region],HIGH
95,"At regional scale, the annual rate of change in [forest] land, grazing land, gallery [forest] and cropland was À0.4, À0.9, À1.6 and 3.8%, respectively",forest,DECREASES_BY,0.4%,HIGH
95,"At regional scale, the annual rate of change in [forest] land, grazing land, gallery [forest] and cropland was À0.4, À0.9, À1.6 and 3.8%, respectively",grazing_land,DECREASES_BY,0.9%,HIGH
95,"At regional scale, the annual rate of change in [forest] land, grazing land, gallery [forest] and cropland was À0.4, À0.9, À1.6 and 3.8%, respectively",gallery_forest,DECREASES_BY,1.6%,HIGH
95,"At regional scale, the annual rate of change in [forest] land, grazing land, gallery [forest] and cropland was À0.4, À0.9, À1.6 and 3.8%, respectively",cropland,INCREASES_BY,3.8%,HIGH
96,Most of the transformed [forest] converted to woodland (3.6%) and [tree] [savanna] (1.5%),transformed_forest,CHANGE_TO,woodland,HIGH
96,Most of the transformed [forest] converted to woodland (3.6%) and [tree] [savanna] (1.5%),transformed_forest,CHANGE_TO,savanna,HIGH
97,"During independence, informal [urban] sprawl increased considerably, and public hygiene as well as environmental quality declined",urban,INCREASES_BY,considerable,HIGH
97,"During independence, informal [urban] sprawl increased considerably, and public hygiene as well as environmental quality declined",public hygiene,DECREASES_BY,,MEDIUM
97,"During independence, informal [urban] sprawl increased considerably, and public hygiene as well as environmental quality declined",environmental quality,DECREASES_BY,,MEDIUM
98,"Even though the geo-statistical analysis cannot prove a change in [urban] area, 62% of the experts stated that there was an increase in [urban] area (conversion of cropland to [urban], see also .",62%,MEASURES,increase,HIGH
98,"Even though the geo-statistical analysis cannot prove a change in [urban] area, 62% of the experts stated that there was an increase in [urban] area (conversion of cropland to [urban], see also .",urban,INCREASES_BY,increase,MEDIUM
98,"Even though the geo-statistical analysis cannot prove a change in [urban] area, 62% of the experts stated that there was an increase in [urban] area (conversion of cropland to [urban], see also .",urban,CHANGE_TO,urban,LOW
98,"Even though the geo-statistical analysis cannot prove a change in [urban] area, 62% of the experts stated that there was an increase in [urban] area (conversion of cropland to [urban], see also .",urban,CHANGE_TO,cropland,MEDIUM
98,"Even though the geo-statistical analysis cannot prove a change in [urban] area, 62% of the experts stated that there was an increase in [urban] area (conversion of cropland to [urban], see also .",62%,CAUSES,increase,LOW
98,"Even though the geo-statistical analysis cannot prove a change in [urban] area, 62% of the experts stated that there was an increase in [urban] area (conversion of cropland to [urban], see also .",increase,CAUSES,urban --CHANGE_TO-- cropland,MEDIUM
99,"This latest expansion has come at a high environmental cost as cocoa farmers have encroached on the most important remaining protected areas of the Upper and Lower Guinea [Forest] including Taï National Park, Bia National Park, Cross River National Park and Korup National Park",expansion,CAUSES,deforestation,HIGH
99,"This latest expansion has come at a high environmental cost as cocoa farmers have encroached on the most important remaining protected areas of the Upper and Lower Guinea [Forest] including Taï National Park, Bia National Park, Cross River National Park and Korup National Park",deforestation,AFFECTS,forest,HIGH
99,"This latest expansion has come at a high environmental cost as cocoa farmers have encroached on the most important remaining protected areas of the Upper and Lower Guinea [Forest] including Taï National Park, Bia National Park, Cross River National Park and Korup National Park",forest,LOCATED_IN,Guinea Forests,MEDIUM
100,"While natural [forest] has declined across West Africa, plantations, often but not always of non-native species, have been established to help meet increased demand for timber, fuelwood and pulp",forest,DECREASES_BY,natural,HIGH
100,"While natural [forest] has declined across West Africa, plantations, often but not always of non-native species, have been established to help meet increased demand for timber, fuelwood and pulp",natural,CAUSES,forest --DECLINE,MEDIUM
100,"While natural [forest] has declined across West Africa, plantations, often but not always of non-native species, have been established to help meet increased demand for timber, fuelwood and pulp",West Africa,LOCATED_IN,region,HIGH
100,"While natural [forest] has declined across West Africa, plantations, often but not always of non-native species, have been established to help meet increased demand for timber, fuelwood and pulp",increased_demand,CAUSES,establishment,MEDIUM
101,"2013), and only 4 percent of [agricultural land] is irrigated compared to 18 percent globally (You et al",agricultural land,MEASURES,4%,HIGH
102,"In Burkina Faso, supposedly more ""secure"" land inherited from within the lineage receives more hired labor, but is used longer before it is left [fallow]",Burkina,LOCATED_IN,Burkina Faso,HIGH
103,"Bush farms normally receive less fertilizer and regenerate under a bush-[fallow] system, but shortened [fallow] periods have decreased soil fertility",bush-fallow system,DECREASES_BY,soil fertility,HIGH
103,"Bush farms normally receive less fertilizer and regenerate under a bush-[fallow] system, but shortened [fallow] periods have decreased soil fertility",fallow period,CAUSES,decreased soil fertility,MEDIUM
103,"Bush farms normally receive less fertilizer and regenerate under a bush-[fallow] system, but shortened [fallow] periods have decreased soil fertility",bush-fallow system,LOCATED_IN,farms,HIGH
103,"Bush farms normally receive less fertilizer and regenerate under a bush-[fallow] system, but shortened [fallow] periods have decreased soil fertility",decreased soil fertility,AFFECTS,bush farms,HIGH
105,"In the regularly manured [crop] fields close to villages and camps, the species diversity of scattered [tree]s tends to increase with species such as Faidherbia albida, Detarium microcarpum, Prosopis africana, Ziziphus mauritiana, Sclerocarya birrea, Hyphaene thebaica and Adansonia digitata",increase_in_species_diversity,AFFECTS,scattered_trees,HIGH
106,"So during the dry season, you have a lot of big groups of people during the dry season cultivating [vegetables] or [water] melon",dry season,OCCURS_DURING,[during the dry season],HIGH
107,"Manure is therefore not more easily available to the farmers and it becomes beneficial for the farmers to raise livestock on the farm to ensure manure as a means to compensate for nutrients lost during [cultivation].'}]}, {'@xmlns': 'http://www.tei-c.org/ns/1.0', 'head': 'The case'}, {'@xmlns': 'http://www.tei-c.org/ns/1.0', 'head': 'The regional context', 'p': [{'ref': {'@type': 'figure', '@target': '#fig_2', '#text': '1'},",cultivation,CAUSES,manure loss,HIGH
107,"Manure is therefore not more easily available to the farmers and it becomes beneficial for the farmers to raise livestock on the farm to ensure manure as a means to compensate for nutrients lost during [cultivation].'}]}, {'@xmlns': 'http://www.tei-c.org/ns/1.0', 'head': 'The case'}, {'@xmlns': 'http://www.tei-c.org/ns/1.0', 'head': 'The regional context', 'p': [{'ref': {'@type': 'figure', '@target': '#fig_2', '#text': '1'},",farmers,ENABLES,livestock raising,MEDIUM
110,"According to it was assumed .'}, {'ref': {'@type': 'table', '@target': '#tab_0', '#text': '1'}, '#text': 'that only 25% of the non-cropped bush-grass-[savanna] is available as [fallow] in the [maize]-[fallow] rotation",non-cropped bush-grass-[savanna],DECREASES_BY,75% [fallow],HIGH
112,Similarly and found that chopping did not reduce recruitment density of other tree species,chopping,AFFECTS,tree species,MEDIUM
113,Strengthening and enforcing forest protection laws supplemented by a large and effective awareness could minimise the extent of agricultural encroachment into forests and preserve biodiversity within and around protected areas,agricultural_encroachment,CAUSES,deforestation,HIGH
113,Strengthening and enforcing forest protection laws supplemented by a large and effective awareness could minimise the extent of agricultural encroachment into forests and preserve biodiversity within and around protected areas,forest_loss,AFFECTS,biodiversity,HIGH
113,Strengthening and enforcing forest protection laws supplemented by a large and effective awareness could minimise the extent of agricultural encroachment into forests and preserve biodiversity within and around protected areas,protected_areas,LOCATED_IN,geographical_location,HIGH
114,When the local agricultural sector is competing for labor with an urban sector engaged in production of goods tradable outside the district declines in moisture encourage urbanization by offering alternative employment for farmers,declines,CAUSES,urbanization,HIGH
114,When the local agricultural sector is competing for labor with an urban sector engaged in production of goods tradable outside the district declines in moisture encourage urbanization by offering alternative employment for farmers,competition,CAUSES,decline,HIGH
116,These two countries are the world s largest cocoa producers and are in a post forest transition stage where their deforestation rates slowed down or reversed,two_countries,LOCATED_IN,world,HIGH
117,The net gain of dense forest over the 29 year period was lower than the net loss and this resulted in net deforestation,forest,DECREASES_BY,deforestation,HIGH
117,The net gain of dense forest over the 29 year period was lower than the net loss and this resulted in net deforestation,deforestation,CAUSES,loss,HIGH
117,The net gain of dense forest over the 29 year period was lower than the net loss and this resulted in net deforestation,forest,DECREASES_BY,deforestation,HIGH
117,The net gain of dense forest over the 29 year period was lower than the net loss and this resulted in net deforestation,deforestation,CAUSES,loss,HIGH
118,It resulted from an increase in the cultivated area and a reduction of the forest cover and the number of trees compared to the past,cultivated_area,INCREASES_BY,area,HIGH
118,It resulted from an increase in the cultivated area and a reduction of the forest cover and the number of trees compared to the past,forest_cover,DECREASES_BY,area,HIGH
118,It resulted from an increase in the cultivated area and a reduction of the forest cover and the number of trees compared to the past,number_of_trees,DECREASES_BY,number,HIGH
120,In the surroundings of the cities in the north of Nigeria for example in 2000 patches of grassland and shrubland were still visible whereas in 2015 these were converted to cropland Figure,cities,LOCATED_IN,Nigeria,HIGH
121,The size of other land use types decreased during the study period particularly the decrease was more notable in the gallery forest and grazing land,forest,DECREASES_BY,other_land_use_types,HIGH
122,In second hand the increase in shrubs The evergreen forest and forest cover mainly the south eastern and south western part of Volta basin for the years 1988 and 2002,increase,INCREASES_BY,shrubs,HIGH
122,In second hand the increase in shrubs The evergreen forest and forest cover mainly the south eastern and south western part of Volta basin for the years 1988 and 2002,shrubs,LOCATED_IN,Volta basin,MEDIUM
122,In second hand the increase in shrubs The evergreen forest and forest cover mainly the south eastern and south western part of Volta basin for the years 1988 and 2002,forest,LOCATED_IN,Volta basin,HIGH
122,In second hand the increase in shrubs The evergreen forest and forest cover mainly the south eastern and south western part of Volta basin for the years 1988 and 2002,forest,INCREASES_BY,shrubs,MEDIUM
122,In second hand the increase in shrubs The evergreen forest and forest cover mainly the south eastern and south western part of Volta basin for the years 1988 and 2002,forest,LOCATED_IN,[south eastern and south western part],LOW
122,In second hand the increase in shrubs The evergreen forest and forest cover mainly the south eastern and south western part of Volta basin for the years 1988 and 2002,forest cover,LOCATED_IN,Volta basin,HIGH
122,In second hand the increase in shrubs The evergreen forest and forest cover mainly the south eastern and south western part of Volta basin for the years 1988 and 2002,forest cover,INCREASES_BY,shrubs,MEDIUM
122,In second hand the increase in shrubs The evergreen forest and forest cover mainly the south eastern and south western part of Volta basin for the years 1988 and 2002,[south eastern and south western part],LOCATED_IN,Volta basin,HIGH
122,In second hand the increase in shrubs The evergreen forest and forest cover mainly the south eastern and south western part of Volta basin for the years 1988 and 2002,[years 1988 and 2002],OCCURS_DURING,study period,LOW
123,Savanna cluster represents grassland with scattered trees grading into either open plain or woodland while herbaceous savanna refers to grassland,savanna,LOCATED_IN,grassland,HIGH
124,Settlements bare soil dry grass continued to increase despite the decline in cultivation within the reserves,settlements,INCREASES_BY,bare soil,HIGH
124,Settlements bare soil dry grass continued to increase despite the decline in cultivation within the reserves,settlements,INCREASES_BY,dry grass,HIGH
124,Settlements bare soil dry grass continued to increase despite the decline in cultivation within the reserves,increase in settlements,CAUSES,decrease in cultivation,MEDIUM
124,Settlements bare soil dry grass continued to increase despite the decline in cultivation within the reserves,within_the_reserves,LOCATED_IN,context,HIGH
125,Changing ethnic dominance could therefore be an important driver for change in land use strategies. type bibr Reenberg et al,ethnic_dominance,CAUSES,change,HIGH
126,Consequently changes in RUE have been suggested as an integral measure for evaluating land degradation and desertification and a number of authors have attempted to assess non precipitation related land degradation or the reverse in the Sahel by use of time series of RUE estimated wholly or partly by use of satellite remote sensing or using only ground measurements,changes,OCCURS_DURING,time series,HIGH
127,Additionally trees are long lived and therefore changes in tree populations are an indicator of long term changes,changes,OCCURS_DURING,long term,HIGH
128,2007a What is the amount of crop residue needed to improve and maintain soil properties and processes that result in reduced water runoff and soil erosion or increased soil moisture levels suggest that it is possible to remove 50 70% of the crop residue while keeping adequate benefits to the soil but residue removal in excess of 50% have adversely affected soil quality as well as crop yields in the US,crop_residue_removal,AFFECTS,soil_quality,HIGH
128,2007a What is the amount of crop residue needed to improve and maintain soil properties and processes that result in reduced water runoff and soil erosion or increased soil moisture levels suggest that it is possible to remove 50 70% of the crop residue while keeping adequate benefits to the soil but residue removal in excess of 50% have adversely affected soil quality as well as crop yields in the US,soil_quality,INCREASES_BY,reduced_water_runoff_erosion,MEDIUM
128,2007a What is the amount of crop residue needed to improve and maintain soil properties and processes that result in reduced water runoff and soil erosion or increased soil moisture levels suggest that it is possible to remove 50 70% of the crop residue while keeping adequate benefits to the soil but residue removal in excess of 50% have adversely affected soil quality as well as crop yields in the US,soil_quality,DECREASES_BY,adverse_effects_on_soil_yields,MEDIUM
128,2007a What is the amount of crop residue needed to improve and maintain soil properties and processes that result in reduced water runoff and soil erosion or increased soil moisture levels suggest that it is possible to remove 50 70% of the crop residue while keeping adequate benefits to the soil but residue removal in excess of 50% have adversely affected soil quality as well as crop yields in the US,50_to_70_percent_crop_residue_removal,CAUSES,adequate_benefits_to_the_soil,HIGH
128,2007a What is the amount of crop residue needed to improve and maintain soil properties and processes that result in reduced water runoff and soil erosion or increased soil moisture levels suggest that it is possible to remove 50 70% of the crop residue while keeping adequate benefits to the soil but residue removal in excess of 50% have adversely affected soil quality as well as crop yields in the US,50_percent_or_more_crop_residue_removal,CAUSES,adversely_affected_soil_quality_crop_yields,HIGH
128,2007a What is the amount of crop residue needed to improve and maintain soil properties and processes that result in reduced water runoff and soil erosion or increased soil moisture levels suggest that it is possible to remove 50 70% of the crop residue while keeping adequate benefits to the soil but residue removal in excess of 50% have adversely affected soil quality as well as crop yields in the US,2007a,OCCURS_DURING,study,HIGH
128,2007a What is the amount of crop residue needed to improve and maintain soil properties and processes that result in reduced water runoff and soil erosion or increased soil moisture levels suggest that it is possible to remove 50 70% of the crop residue while keeping adequate benefits to the soil but residue removal in excess of 50% have adversely affected soil quality as well as crop yields in the US,US,LOCATED_IN,North_America,HIGH
129,As detailed below this range reflects uncertainties in how much of the TCL attributable to shifting agriculture constitutes deforestation as opposed to cyclical crop fallow rotations,shifting agriculture,CAUSES,deforestation,MEDIUM
129,As detailed below this range reflects uncertainties in how much of the TCL attributable to shifting agriculture constitutes deforestation as opposed to cyclical crop fallow rotations,deforestation,AFFECTS,agriculture,HIGH
129,As detailed below this range reflects uncertainties in how much of the TCL attributable to shifting agriculture constitutes deforestation as opposed to cyclical crop fallow rotations,uncertainty,AFFECTS,TCL,MEDIUM
130,reported a moderate land cover change from 1965 to 2000 a decrease in savanna from 74% to 70% concurring with an expansion of cropland from 17% to 21%,change,OCCURS_DURING,1965 to 2000,HIGH
130,reported a moderate land cover change from 1965 to 2000 a decrease in savanna from 74% to 70% concurring with an expansion of cropland from 17% to 21%,decrease,FROM_TO,74%,HIGH
130,reported a moderate land cover change from 1965 to 2000 a decrease in savanna from 74% to 70% concurring with an expansion of cropland from 17% to 21%,decrease,FROM_TO,70%,HIGH
130,reported a moderate land cover change from 1965 to 2000 a decrease in savanna from 74% to 70% concurring with an expansion of cropland from 17% to 21%,expansion,FROM_TO,17%,HIGH
130,reported a moderate land cover change from 1965 to 2000 a decrease in savanna from 74% to 70% concurring with an expansion of cropland from 17% to 21%,expansion,FROM_TO,21%,HIGH
130,reported a moderate land cover change from 1965 to 2000 a decrease in savanna from 74% to 70% concurring with an expansion of cropland from 17% to 21%,savanna,DECREASES_BY,4%,MEDIUM
130,reported a moderate land cover change from 1965 to 2000 a decrease in savanna from 74% to 70% concurring with an expansion of cropland from 17% to 21%,cropland,INCREASES_BY,4%,MEDIUM
131,Large scale cropland was the third highest driver of forest loss in Africa 9% with the highest proportions by country found in Cape Verde 67% Gambia 53% Niger 50% Sudan 47% and Nigeria 44%,large_scale_cropland,CAUSES,forest_loss,HIGH
131,Large scale cropland was the third highest driver of forest loss in Africa 9% with the highest proportions by country found in Cape Verde 67% Gambia 53% Niger 50% Sudan 47% and Nigeria 44%,Africa,LOCATED_IN,continent,HIGH
131,Large scale cropland was the third highest driver of forest loss in Africa 9% with the highest proportions by country found in Cape Verde 67% Gambia 53% Niger 50% Sudan 47% and Nigeria 44%,Cape Verde,LOCATED_IN,country,HIGH
131,Large scale cropland was the third highest driver of forest loss in Africa 9% with the highest proportions by country found in Cape Verde 67% Gambia 53% Niger 50% Sudan 47% and Nigeria 44%,Gambia,LOCATED_IN,country,HIGH
131,Large scale cropland was the third highest driver of forest loss in Africa 9% with the highest proportions by country found in Cape Verde 67% Gambia 53% Niger 50% Sudan 47% and Nigeria 44%,Niger,LOCATED_IN,country,HIGH
131,Large scale cropland was the third highest driver of forest loss in Africa 9% with the highest proportions by country found in Cape Verde 67% Gambia 53% Niger 50% Sudan 47% and Nigeria 44%,Sudan,LOCATED_IN,country,HIGH
131,Large scale cropland was the third highest driver of forest loss in Africa 9% with the highest proportions by country found in Cape Verde 67% Gambia 53% Niger 50% Sudan 47% and Nigeria 44%,Nigeria,LOCATED_IN,country,HIGH
133,This is why tree cover here has increased by 10 20% whereas tree cover further away decreased by up to 30% see Fig,tree cover,INCREASES_BY,10 20%,HIGH
133,This is why tree cover here has increased by 10 20% whereas tree cover further away decreased by up to 30% see Fig,tree cover,DECREASES_BY,up to 30%,HIGH
134,Thicket patches that burned in the 2008 extreme fire quickly established a savanna fire regime with sites burning on average once in every 3 years FF 0.34 year 1 SD 0.07 up from no fires between 2000 and 2007. Some forests that burned in extreme fires burned again whereas others did not,thicket patches,OCCURS_DURING,2008,HIGH
134,Thicket patches that burned in the 2008 extreme fire quickly established a savanna fire regime with sites burning on average once in every 3 years FF 0.34 year 1 SD 0.07 up from no fires between 2000 and 2007. Some forests that burned in extreme fires burned again whereas others did not,savanna,INCREASES_BY,fires,MEDIUM
134,Thicket patches that burned in the 2008 extreme fire quickly established a savanna fire regime with sites burning on average once in every 3 years FF 0.34 year 1 SD 0.07 up from no fires between 2000 and 2007. Some forests that burned in extreme fires burned again whereas others did not,extreme fires,CAUSES,forests_burning,HIGH
135,The transition of natural vegetation to water bodies may indicate natural flooding or anthropogenic development of pounds and small reservoirs for cropland irrigation dams for hydro power generation urban supply and consumption as well as other economic purposes,natural_vegetation,CAUSES,transition,MEDIUM
136,Similar observations were made in Guinean and Sudano Guinean savannas where suppression or alleviation of fire favours exotic or invasive species such as Chromolaena odorata that invaded a fire protected savanna or Gmelina arborea and Tectona grandis that established on plots totally protected or cleared with early fires,savannas,LOCATED_IN,"Guinean, Sudano Guinean regions",HIGH
136,Similar observations were made in Guinean and Sudano Guinean savannas where suppression or alleviation of fire favours exotic or invasive species such as Chromolaena odorata that invaded a fire protected savanna or Gmelina arborea and Tectona grandis that established on plots totally protected or cleared with early fires,suppression_or_alleviation_of_fire,CAUSES,favouring_of_exotic_species,MEDIUM
137,Historically and today fires burn frequently in most savannas at a rate of several per decade but rarely penetrate beyond intact forest margins,savannas,LOCATED_IN,historical context,HIGH
137,Historically and today fires burn frequently in most savannas at a rate of several per decade but rarely penetrate beyond intact forest margins,fires,OCCURS_DURING,most savannas,MEDIUM
137,Historically and today fires burn frequently in most savannas at a rate of several per decade but rarely penetrate beyond intact forest margins,fires,AFFECTS,forest margins,MEDIUM
139,The West Africa region s basins are under different land use practices due to their trans boundary feature,West Africa region,LOCATED_IN,West Africa,HIGH
140,Some gallery forests occur along riverbeds,forests,LOCATED_IN,riverbeds,HIGH
141,2009 The disadvantage of the short term improved fallow systems is that land is taken out of production for 2 out of every 5 years,The short term improved fallow systems,AFFECTS,land,MEDIUM
141,2009 The disadvantage of the short term improved fallow systems is that land is taken out of production for 2 out of every 5 years,2009,OCCURS_DURING,The disadvantage,HIGH
143,From 1955 to 1986 the area on the dune above Mare Yomboli was cleared and used for cultivation and fields on the pediplain were abandoned,PERIOD(1955-1986),OCCURS_DURING,EVENT(area_clearing_and_cultivation),HIGH
143,From 1955 to 1986 the area on the dune above Mare Yomboli was cleared and used for cultivation and fields on the pediplain were abandoned,EVENT(area_clearing_and_cultivation),CAUSES,CHANGE(dune_above_Mare_Yomboli),HIGH
143,From 1955 to 1986 the area on the dune above Mare Yomboli was cleared and used for cultivation and fields on the pediplain were abandoned,CHANGE(dune_above_Mare_Yomboli),CHANGE_TO,LAND_USE(cultivation),HIGH
143,From 1955 to 1986 the area on the dune above Mare Yomboli was cleared and used for cultivation and fields on the pediplain were abandoned,LAND_USE(fields_on_pediplain),DECREASES_BY,CHANGE(abandonment),HIGH
144,This credit is the main determinant in the allocation of land to cotton production,credit,CAUSES,cotton production,HIGH
145,The severe droughts which prevailed in the region in early 1970s and again in 1983 84 have had a significant impact on the role of livestock,droughts,CAUSES,impact,HIGH
145,The severe droughts which prevailed in the region in early 1970s and again in 1983 84 have had a significant impact on the role of livestock,impact,AFFECTS,role_of_livestock,HIGH
146,West Africa has rapid population growth rate associated with an increase in urbanization,Africa,LOCATED_IN,West Africa,HIGH
146,West Africa has rapid population growth rate associated with an increase in urbanization,population_growth_rate,CAUSES,increase,MEDIUM
146,West Africa has rapid population growth rate associated with an increase in urbanization,increase,ENABLES,urbanization,HIGH
147,used NDVI from AVHRR 1 km and SPOT VEGETATION VGT to assess land cover performance in Senegal from 1992 to 2001 that showed similar trends in terms of agricultural extension,NDVI,FROM_TO,used NDVI,HIGH
147,used NDVI from AVHRR 1 km and SPOT VEGETATION VGT to assess land cover performance in Senegal from 1992 to 2001 that showed similar trends in terms of agricultural extension,assessment,OCCURS_DURING,from 1992 to 2001,HIGH
147,used NDVI from AVHRR 1 km and SPOT VEGETATION VGT to assess land cover performance in Senegal from 1992 to 2001 that showed similar trends in terms of agricultural extension,researcher,LOCATED_IN,Senegal,HIGH
151,For example expansion of agricultural land is related to the distance to irrigation by dams to settlements to roads and population change see Table,agricultural_expansion,CAUSES,expansion,HIGH
152,Overall the gain of severe and extremely severe desertification land was less than the loss area and the gain of non desertification and light desertification land was greater than the loss area.,gain_of_desertification_land,DECREASES_BY,loss_area,HIGH
152,Overall the gain of severe and extremely severe desertification land was less than the loss area and the gain of non desertification and light desertification land was greater than the loss area.,gain_of_non_desertification_and_light_desertification_land,INCREASES_BY,gain_area,HIGH
153,With the exception of Eastern Africa area in forest declined in all regions with the most pronounced reduction in Northern Africa 40 %,forest,DECREASES_BY,40%,HIGH
153,With the exception of Eastern Africa area in forest declined in all regions with the most pronounced reduction in Northern Africa 40 %,Northern Africa,LOCATED_IN,Eastern Africa,MEDIUM
153,With the exception of Eastern Africa area in forest declined in all regions with the most pronounced reduction in Northern Africa 40 %,forest,CAUSES,decline,MEDIUM
153,With the exception of Eastern Africa area in forest declined in all regions with the most pronounced reduction in Northern Africa 40 %,decline,OCCURS_DURING,all regions,HIGH
153,With the exception of Eastern Africa area in forest declined in all regions with the most pronounced reduction in Northern Africa 40 %,decline,AFFECTS,forest,HIGH
154,Secondly we provide rare direct support for the long standing hypothesis that runaway fire feedbacks following an initial extreme fire can result in the savannization of tropical forests without additional anthropogenic drivers,fire_feedbacks,CAUSES,savannization,HIGH
155,Accordingly sites 1 4 fall within land cover types that account for almost 75 % of land with some tree or scrub cover,"{1, 4}",LOCATED_IN,{sites},HIGH
156,1998 The issue of field expansion and reallocation in semiarid regions can serve to throw light on ways in which land use develops under conditions of changing opportunities which emerge as results of climatic modifications,changing_opportunities,CAUSES,land_use_development,HIGH
156,1998 The issue of field expansion and reallocation in semiarid regions can serve to throw light on ways in which land use develops under conditions of changing opportunities which emerge as results of climatic modifications,conditions_of_changing_opportunities,ENABLES,land_use_development,HIGH
156,1998 The issue of field expansion and reallocation in semiarid regions can serve to throw light on ways in which land use develops under conditions of changing opportunities which emerge as results of climatic modifications,semiarid_regions,LOCATED_IN,regions_under_study,MEDIUM
156,1998 The issue of field expansion and reallocation in semiarid regions can serve to throw light on ways in which land use develops under conditions of changing opportunities which emerge as results of climatic modifications,climatic_modifications,CAUSES,changing_opportunities,HIGH
157,Indirectly population growth leads to changes in agricultural land use practices due to land pressure,population_growth,CAUSES,changes,HIGH
157,Indirectly population growth leads to changes in agricultural land use practices due to land pressure,changes,AFFECTS,agricultural_land_use,MEDIUM
158,These data suggest that the potential for international supply chain measures to help reduce tropical deforestation is more likely to be achieved through interventions in deforestation risk areas that focus on strengthening sustainable rural development and territorial governance,deforestation,CAUSES,forest_loss,HIGH
158,These data suggest that the potential for international supply chain measures to help reduce tropical deforestation is more likely to be achieved through interventions in deforestation risk areas that focus on strengthening sustainable rural development and territorial governance,sustainable_rural_development,ENABLES,reduction_of_deforestation,MEDIUM
158,These data suggest that the potential for international supply chain measures to help reduce tropical deforestation is more likely to be achieved through interventions in deforestation risk areas that focus on strengthening sustainable rural development and territorial governance,territorial_governance,ENABLES,reduction_of_deforestation,MEDIUM
158,These data suggest that the potential for international supply chain measures to help reduce tropical deforestation is more likely to be achieved through interventions in deforestation risk areas that focus on strengthening sustainable rural development and territorial governance,reduction_of_deforestation,AFFECTS,tropical_deforestation,HIGH
158,These data suggest that the potential for international supply chain measures to help reduce tropical deforestation is more likely to be achieved through interventions in deforestation risk areas that focus on strengthening sustainable rural development and territorial governance,interventions,OCCURS_DURING,deforestation_risk_areas,MEDIUM
158,These data suggest that the potential for international supply chain measures to help reduce tropical deforestation is more likely to be achieved through interventions in deforestation risk areas that focus on strengthening sustainable rural development and territorial governance,strengthening_sustainable_rural_development_and_territorial_governance,AFFECTS,potential_for_international_supply_chain_measures,MEDIUM
160,The increase in urban jobs accelerated urban population growth and by pulling rural people off of the land it should have discouraged agricultural expansion so in theory the booms would have had an overall forest preserving effect. ,urban_growth,CAUSES,agricultural_expansion,HIGH
160,The increase in urban jobs accelerated urban population growth and by pulling rural people off of the land it should have discouraged agricultural expansion so in theory the booms would have had an overall forest preserving effect. ,urban_jobs,INCREASES_BY,number,HIGH
161,The transhumance shed provides a useful geographic scale between the individual village territory and the regional agro pastoral belt that allows for a more accurate assessment of the relationship between herd mobility crop damage and conflict that reflects the environmental changes taking place across dryland West Africa. ,transhumance_shed,LOCATED_IN,West_Africa,HIGH
161,The transhumance shed provides a useful geographic scale between the individual village territory and the regional agro pastoral belt that allows for a more accurate assessment of the relationship between herd mobility crop damage and conflict that reflects the environmental changes taking place across dryland West Africa. ,herd_mobility,AFFECTS,crop_damage,MEDIUM
162,The man made LULC changes had a crucial contribution to the increase of actual ET and SURQ mainly by the expansion of cropland in the Niger River and Lake Chad basins.,man_made_changes,CAUSES,LULC_changes,HIGH
162,The man made LULC changes had a crucial contribution to the increase of actual ET and SURQ mainly by the expansion of cropland in the Niger River and Lake Chad basins.,LULC_changes,INCREASES_BY,actual_ET_and_SURQ,MEDIUM
164,However the amount of forest cover had decreased while the amount of farmland had increased,forest,DECREASES_BY,amount,HIGH
164,However the amount of forest cover had decreased while the amount of farmland had increased,farmland,INCREASES_BY,amount,HIGH
165,Afforestation and natural regeneration of forests and woodlands in some countries have reduced the loss of forest area significantly at the global level,afforestation,CAUSES,reduction,HIGH
165,Afforestation and natural regeneration of forests and woodlands in some countries have reduced the loss of forest area significantly at the global level,reduction,DECREASES_BY,forest_loss,HIGH
165,Afforestation and natural regeneration of forests and woodlands in some countries have reduced the loss of forest area significantly at the global level,forest_loss,AFFECTS,forests,HIGH
165,Afforestation and natural regeneration of forests and woodlands in some countries have reduced the loss of forest area significantly at the global level,forests,LOCATED_IN,some_countries,MEDIUM
167,Herders on the other hand see the steady expansion of agricultural fields into their grazing areas and around their water points as an equally unjust and provocative practice,herders,AFFECTS,agricultural fields,HIGH
167,Herders on the other hand see the steady expansion of agricultural fields into their grazing areas and around their water points as an equally unjust and provocative practice,expansion,CAUSES,change_in_grazing_areas,MEDIUM
169,Within a distance of 300 km patterns of transitions approached those of the entire region and involve mostly savanna and agriculture the two largest land cover categories. ,transitions,OCCURS_DURING,entire region,HIGH
170,Some singularities stood out on the dry margin Savanna to steppe transitions emerged as a commonly observed land cover trajectory in the Sahel which can be interpreted as associated with the widely reported loss of tree cover,savanna,LOCATED_IN,sahel,HIGH
171,Based on an analysis of long term rainfall measurements in major cocoa growing areas of Co te d Ivoire and interviews with cocoa farmers about their history and motives of migration we argue that climate and drought have been supporting factors but not usually the main drivers of cocoa migrations which were mostly a response to the perceived availability of forest land for planting,climate,CAUSES,migrations,HIGH
171,Based on an analysis of long term rainfall measurements in major cocoa growing areas of Co te d Ivoire and interviews with cocoa farmers about their history and motives of migration we argue that climate and drought have been supporting factors but not usually the main drivers of cocoa migrations which were mostly a response to the perceived availability of forest land for planting,forests,LOCATED_IN,Co te d Ivoire,HIGH
171,Based on an analysis of long term rainfall measurements in major cocoa growing areas of Co te d Ivoire and interviews with cocoa farmers about their history and motives of migration we argue that climate and drought have been supporting factors but not usually the main drivers of cocoa migrations which were mostly a response to the perceived availability of forest land for planting,climate,AFFECTS,migrations,MEDIUM
171,Based on an analysis of long term rainfall measurements in major cocoa growing areas of Co te d Ivoire and interviews with cocoa farmers about their history and motives of migration we argue that climate and drought have been supporting factors but not usually the main drivers of cocoa migrations which were mostly a response to the perceived availability of forest land for planting,agricultural_land,CHANGE_TO,built-up_area,LOW
173,Here we synthesize available palaeo proxies and historical maps to reconstruct forest extent in tropical Africa around 1900 when European colonization accelerated markedly and compare these historical estimates with modern forest extent to estimate deforestation,forest_extent_around_1900,LOCATED_IN,tropical_Africa,HIGH
174,The contribution of forests declined in Northern and Western Africa from 21 to 15 % and 13 to 11 % increased slightly in Eastern Africa by 0.57 % points and strongly in Central from 8 to 12 % and Southern Africa from 11 to 16 % of total HANPP . ,forests,DECREASES_BY,6% (total HANPP),HIGH
174,The contribution of forests declined in Northern and Western Africa from 21 to 15 % and 13 to 11 % increased slightly in Eastern Africa by 0.57 % points and strongly in Central from 8 to 12 % and Southern Africa from 11 to 16 % of total HANPP . ,forests,DECREASES_BY,6% (Northern Africa),HIGH
174,The contribution of forests declined in Northern and Western Africa from 21 to 15 % and 13 to 11 % increased slightly in Eastern Africa by 0.57 % points and strongly in Central from 8 to 12 % and Southern Africa from 11 to 16 % of total HANPP . ,forests,DECREASES_BY,6% (Western Africa),HIGH
174,The contribution of forests declined in Northern and Western Africa from 21 to 15 % and 13 to 11 % increased slightly in Eastern Africa by 0.57 % points and strongly in Central from 8 to 12 % and Southern Africa from 11 to 16 % of total HANPP . ,forests,INCREASES_BY,0.57% (Eastern Africa),HIGH
174,The contribution of forests declined in Northern and Western Africa from 21 to 15 % and 13 to 11 % increased slightly in Eastern Africa by 0.57 % points and strongly in Central from 8 to 12 % and Southern Africa from 11 to 16 % of total HANPP . ,forests,INCREASES_BY,1.5% (Central Africa),HIGH
174,The contribution of forests declined in Northern and Western Africa from 21 to 15 % and 13 to 11 % increased slightly in Eastern Africa by 0.57 % points and strongly in Central from 8 to 12 % and Southern Africa from 11 to 16 % of total HANPP . ,forests,INCREASES_BY,5.5% (Southern Africa),HIGH
174,The contribution of forests declined in Northern and Western Africa from 21 to 15 % and 13 to 11 % increased slightly in Eastern Africa by 0.57 % points and strongly in Central from 8 to 12 % and Southern Africa from 11 to 16 % of total HANPP . ,total HANPP,FROM_TO,72.5 to 66%,MEDIUM
174,The contribution of forests declined in Northern and Western Africa from 21 to 15 % and 13 to 11 % increased slightly in Eastern Africa by 0.57 % points and strongly in Central from 8 to 12 % and Southern Africa from 11 to 16 % of total HANPP . ,forests,CAUSES,deforestation,MEDIUM
174,The contribution of forests declined in Northern and Western Africa from 21 to 15 % and 13 to 11 % increased slightly in Eastern Africa by 0.57 % points and strongly in Central from 8 to 12 % and Southern Africa from 11 to 16 % of total HANPP . ,deforestation,ENABLES,urbanization,MEDIUM
174,The contribution of forests declined in Northern and Western Africa from 21 to 15 % and 13 to 11 % increased slightly in Eastern Africa by 0.57 % points and strongly in Central from 8 to 12 % and Southern Africa from 11 to 16 % of total HANPP . ,urbanization,AFFECTS,forests,MEDIUM
175,shows the spatial distribution of different desertification levels in 2000 2005 2010 2015 and 2020 revealing that extremely severe desertification was widely distributed especially in the Sahara located to the north of the study area as well as in the Danakil and Eritrea Coastal Deserts to the east,desertification_process,OCCURS_DURING,2000_to_2020,HIGH
175,shows the spatial distribution of different desertification levels in 2000 2005 2010 2015 and 2020 revealing that extremely severe desertification was widely distributed especially in the Sahara located to the north of the study area as well as in the Danakil and Eritrea Coastal Deserts to the east,desertification_process,AFFECTS,Sahara_loc,HIGH
175,shows the spatial distribution of different desertification levels in 2000 2005 2010 2015 and 2020 revealing that extremely severe desertification was widely distributed especially in the Sahara located to the north of the study area as well as in the Danakil and Eritrea Coastal Deserts to the east,desertification_process,AFFECTS,Danakil_loc,HIGH
176,The average annual rate of change between two periods was computed by a slightly modified formula used by A2 A1 A1 100 T2 T1 where Average annual rate of change % A1 Amount of land cover type in time 1 T1 A2 Amount of land cover type in time 2 T2 .,average_annual_rate_of_change_percent,FROM_TO,amount_of_land_cover_type_in_time_1,HIGH
176,The average annual rate of change between two periods was computed by a slightly modified formula used by A2 A1 A1 100 T2 T1 where Average annual rate of change % A1 Amount of land cover type in time 1 T1 A2 Amount of land cover type in time 2 T2 .,amount_of_land_cover_type_in_time_2,CHANGE_TO,amount_of_land_cover_type_in_time_1,MEDIUM
176,The average annual rate of change between two periods was computed by a slightly modified formula used by A2 A1 A1 100 T2 T1 where Average annual rate of change % A1 Amount of land cover type in time 1 T1 A2 Amount of land cover type in time 2 T2 .,amount_of_land_cover_type_in_time_1,MEASURES,average_annual_rate_of_change_percent,HIGH
176,The average annual rate of change between two periods was computed by a slightly modified formula used by A2 A1 A1 100 T2 T1 where Average annual rate of change % A1 Amount of land cover type in time 1 T1 A2 Amount of land cover type in time 2 T2 .,amount_of_land_cover_type_in_time_2,MEASURES,average_annual_rate_of_change_percent,HIGH
176,The average annual rate of change between two periods was computed by a slightly modified formula used by A2 A1 A1 100 T2 T1 where Average annual rate of change % A1 Amount of land cover type in time 1 T1 A2 Amount of land cover type in time 2 T2 .,modified_formula,ENABLES,computation_of_average_annual_rate_of_change_percent,HIGH
176,The average annual rate of change between two periods was computed by a slightly modified formula used by A2 A1 A1 100 T2 T1 where Average annual rate of change % A1 Amount of land cover type in time 1 T1 A2 Amount of land cover type in time 2 T2 .,time_1,OCCURS_DURING,[unspecified],LOW
176,The average annual rate of change between two periods was computed by a slightly modified formula used by A2 A1 A1 100 T2 T1 where Average annual rate of change % A1 Amount of land cover type in time 1 T1 A2 Amount of land cover type in time 2 T2 .,time_2,OCCURS_DURING,[unspecified],LOW
177,The most prominent example of this is pasture expansion which is tightly linked to soy expansion and land speculation across Latin America,pasture_expansion,CAUSES,pasture --EXPANDS_TO--> pasture,MEDIUM
178,Using both seedlings provided by APAF and their usual plantlets farmers established combinations of species that vary in each plot with a tree density higher than usual fields 150 trees per hectare on average excluding banana and oil palm . 25 plots were sampled covering a total area of 12.4 ha,farmers,CAUSES,combinations,HIGH
179,The principal environmental factors causing early herd arrival were identified by local informants as changes in rainfall land cover savanna fire regimes and pasture species composition in key parts of the agro pastoral landscape,local_informants,CAUSES,identification,HIGH
179,The principal environmental factors causing early herd arrival were identified by local informants as changes in rainfall land cover savanna fire regimes and pasture species composition in key parts of the agro pastoral landscape,environmental_factors,CAUSES,early_herd_arrival,HIGH
179,The principal environmental factors causing early herd arrival were identified by local informants as changes in rainfall land cover savanna fire regimes and pasture species composition in key parts of the agro pastoral landscape,changes,AFFECTS,rainfall,MEDIUM
179,The principal environmental factors causing early herd arrival were identified by local informants as changes in rainfall land cover savanna fire regimes and pasture species composition in key parts of the agro pastoral landscape,changes,AFFECTS,land_cover,HIGH
179,The principal environmental factors causing early herd arrival were identified by local informants as changes in rainfall land cover savanna fire regimes and pasture species composition in key parts of the agro pastoral landscape,changes,AFFECTS,savanna,HIGH
179,The principal environmental factors causing early herd arrival were identified by local informants as changes in rainfall land cover savanna fire regimes and pasture species composition in key parts of the agro pastoral landscape,changes,AFFECTS,fire_regimes,MEDIUM
179,The principal environmental factors causing early herd arrival were identified by local informants as changes in rainfall land cover savanna fire regimes and pasture species composition in key parts of the agro pastoral landscape,changes,AFFECTS,pasture_species_composition,HIGH
179,The principal environmental factors causing early herd arrival were identified by local informants as changes in rainfall land cover savanna fire regimes and pasture species composition in key parts of the agro pastoral landscape,key_parts,LOCATED_IN,agro_pastoral_landscape,HIGH
179,The principal environmental factors causing early herd arrival were identified by local informants as changes in rainfall land cover savanna fire regimes and pasture species composition in key parts of the agro pastoral landscape,agro_pastoral_landscape,LOCATED_IN,landscape,HIGH
182,Finally five of the six Congo basin countries that contain almost all of the continent s humid forests have large extractive industries oil and mineral whose political economy may have had important indirect effects on forest cover,six | COUNTRIES,LOCATED_IN,Congo,HIGH
182,Finally five of the six Congo basin countries that contain almost all of the continent s humid forests have large extractive industries oil and mineral whose political economy may have had important indirect effects on forest cover,political_economy,AFFECTS,forest_cover,MEDIUM
183,Anthropogenic activities such as agricultural reclamation and overgrazing may be primary driver of these deepening desertification patterns in these regions . ,anthropogenic_activities,CAUSES,desertification_patterns,HIGH
183,Anthropogenic activities such as agricultural reclamation and overgrazing may be primary driver of these deepening desertification patterns in these regions . ,desertification_patterns,AFFECTS,these_regions,MEDIUM
184,Human activities have degraded about 85% of Ghana s Guinea Forest Region,human_activities,CAUSES,deforestation,HIGH
184,Human activities have degraded about 85% of Ghana s Guinea Forest Region,Ghana,LOCATED_IN,Guinea Forest Region,MEDIUM
185,This strategy coupled with the regeneration of logged forest and the maturity of tree crops deforestation in disguise to form dense canopy altogether contributed to the increase in dense forest cover over the 13year period,deforestation,CAUSES,forest_loss,HIGH
185,This strategy coupled with the regeneration of logged forest and the maturity of tree crops deforestation in disguise to form dense canopy altogether contributed to the increase in dense forest cover over the 13year period,forest_loss,INCREASES_BY,dense_canopy,MEDIUM
185,This strategy coupled with the regeneration of logged forest and the maturity of tree crops deforestation in disguise to form dense canopy altogether contributed to the increase in dense forest cover over the 13year period,increase,OCCURS_DURING,13year_period,HIGH
186,Field monitoring of matric potentials did not indicate downward flow at 10 m depth for the millet site this is consistent with the modeling results the transition from fallow to millet having occurred recently 5 years ago . ,transition,OCCURS_DURING,5 years ago,HIGH
186,Field monitoring of matric potentials did not indicate downward flow at 10 m depth for the millet site this is consistent with the modeling results the transition from fallow to millet having occurred recently 5 years ago . ,fallow,CHANGE_TO,millet,MEDIUM
187,Actually present day cultivation cycles in southwestern Niger could be considered to consist of 10 years under millet followed by 5 years of fallow conditions,cultivation_cycles,OCCURS_DURING,10_years_under_millet,HIGH
187,Actually present day cultivation cycles in southwestern Niger could be considered to consist of 10 years under millet followed by 5 years of fallow conditions,cultivation_cycles,OCCURS_DURING,5_years_of_fallow,HIGH
187,Actually present day cultivation cycles in southwestern Niger could be considered to consist of 10 years under millet followed by 5 years of fallow conditions,southwestern_Niger,LOCATED_IN,Niger,HIGH
188,and Hausermann confirm that the expansion of water bodies we detected in the Tain District see Figure c2 of Ghana is due to a dam Bui dam constructed on Ghana s Black Volta for hydro power generation,expansion,CAUSES,detection,HIGH
188,and Hausermann confirm that the expansion of water bodies we detected in the Tain District see Figure c2 of Ghana is due to a dam Bui dam constructed on Ghana s Black Volta for hydro power generation,water bodies,LOCATED_IN,Tain District,HIGH
188,and Hausermann confirm that the expansion of water bodies we detected in the Tain District see Figure c2 of Ghana is due to a dam Bui dam constructed on Ghana s Black Volta for hydro power generation,Ghana,LOCATED_IN,Tain District,MEDIUM
188,and Hausermann confirm that the expansion of water bodies we detected in the Tain District see Figure c2 of Ghana is due to a dam Bui dam constructed on Ghana s Black Volta for hydro power generation,Bui dam,CAUSES,expansion,HIGH
188,and Hausermann confirm that the expansion of water bodies we detected in the Tain District see Figure c2 of Ghana is due to a dam Bui dam constructed on Ghana s Black Volta for hydro power generation,Ghana,LOCATED_IN,Ghana,TAUTOLOGY
188,and Hausermann confirm that the expansion of water bodies we detected in the Tain District see Figure c2 of Ghana is due to a dam Bui dam constructed on Ghana s Black Volta for hydro power generation,construction,CAUSES,expansion,HIGH
188,and Hausermann confirm that the expansion of water bodies we detected in the Tain District see Figure c2 of Ghana is due to a dam Bui dam constructed on Ghana s Black Volta for hydro power generation,hydro power generation,ENABLES,expansion,MEDIUM
189,The annual rate i.e. 0.8% of water bodies loss per year was higher in 2000 2013 i.e. the postdrought era and recent period than in 1975 2000 which was 0.2% per year in the drought era and soon after the severe drought,1975_2000_era,OCCURS_DURING,drought_era,HIGH
189,The annual rate i.e. 0.8% of water bodies loss per year was higher in 2000 2013 i.e. the postdrought era and recent period than in 1975 2000 which was 0.2% per year in the drought era and soon after the severe drought,2000_2013_era,OCCURS_DURING,postdrought_era,HIGH
190,2020 The major LULC changes in LCB from 1975 to 2013 stated by were the transition of water bodies and wetland around the Lake to cropland the loss of water bodies to other vegetation and an increase in urban area at the expense of other vegetation,changes,OCCURS_DURING,1975-to-2013,HIGH
190,2020 The major LULC changes in LCB from 1975 to 2013 stated by were the transition of water bodies and wetland around the Lake to cropland the loss of water bodies to other vegetation and an increase in urban area at the expense of other vegetation,water_bodies,CHANGE_TO,cropland,MEDIUM
190,2020 The major LULC changes in LCB from 1975 to 2013 stated by were the transition of water bodies and wetland around the Lake to cropland the loss of water bodies to other vegetation and an increase in urban area at the expense of other vegetation,loss,CAUSES,water_bodies --CHANGE_TO-- other_vegetation,MEDIUM
190,2020 The major LULC changes in LCB from 1975 to 2013 stated by were the transition of water bodies and wetland around the Lake to cropland the loss of water bodies to other vegetation and an increase in urban area at the expense of other vegetation,urban_area,INCREASES_BY,,MEDIUM
191,Specifically in countries such as the Ivory Coast Ghana and Eastern regions of Tanzania and Mozambique where commodity crops are dominant. ,"Ivory Coast, Ghana, Tanzania, Mozambique",LOCATED_IN,countries,HIGH
192,c Proportions of persistence and change trajectories along the rainfall gradient show steep increase in human dominated land cover across the Sahel sub region fewest natural land cover from the Sudano Sahelian through the northern Guinean sub regions and a predominance of recent transitions to human dominated land cover in the recent 2000 2013 compared to the earlier 1975 2000 time interval. http www.tei c.org ns 1.0 xml id fig 6 Fig,recent_transitions,CHANGE_TO,human_dominated_land_cover,HIGH
192,c Proportions of persistence and change trajectories along the rainfall gradient show steep increase in human dominated land cover across the Sahel sub region fewest natural land cover from the Sudano Sahelian through the northern Guinean sub regions and a predominance of recent transitions to human dominated land cover in the recent 2000 2013 compared to the earlier 1975 2000 time interval. http www.tei c.org ns 1.0 xml id fig 6 Fig,human_dominated_land_cover,INCREASES_BY,fewerest_natural_land_cover,MEDIUM
192,c Proportions of persistence and change trajectories along the rainfall gradient show steep increase in human dominated land cover across the Sahel sub region fewest natural land cover from the Sudano Sahelian through the northern Guinean sub regions and a predominance of recent transitions to human dominated land cover in the recent 2000 2013 compared to the earlier 1975 2000 time interval. http www.tei c.org ns 1.0 xml id fig 6 Fig,recent_2000_2013,OCCURS_DURING,earlier_1975_2000,HIGH
192,c Proportions of persistence and change trajectories along the rainfall gradient show steep increase in human dominated land cover across the Sahel sub region fewest natural land cover from the Sudano Sahelian through the northern Guinean sub regions and a predominance of recent transitions to human dominated land cover in the recent 2000 2013 compared to the earlier 1975 2000 time interval. http www.tei c.org ns 1.0 xml id fig 6 Fig,human_dominated_land_cover,CHANGE_TO,natural_land_cover,LOW
193,The increase of crop and bared areas can be explained by the exponential growth of the human population and pressures from livestock grazing,human_population_growth,CAUSES,increase_in_crop_areas,HIGH
193,The increase of crop and bared areas can be explained by the exponential growth of the human population and pressures from livestock grazing,human_population_growth,CAUSES,increase_in_bared_areas,HIGH
194,During 2000 2010 the level of desertification has reduced whereas from 2010 to 2015 most areas have shifted towards an increase in desertification levels which likely driven by the 2012 drought in the Sahel,2000 2010,OCCURS_DURING,[desertification reduction],HIGH
194,During 2000 2010 the level of desertification has reduced whereas from 2010 to 2015 most areas have shifted towards an increase in desertification levels which likely driven by the 2012 drought in the Sahel,[desertification reduction],FROM_TO,[increase in desertification levels],MEDIUM
194,During 2000 2010 the level of desertification has reduced whereas from 2010 to 2015 most areas have shifted towards an increase in desertification levels which likely driven by the 2012 drought in the Sahel,[increase in desertification levels],OCCURS_DURING,2010 2015,HIGH
194,During 2000 2010 the level of desertification has reduced whereas from 2010 to 2015 most areas have shifted towards an increase in desertification levels which likely driven by the 2012 drought in the Sahel,[2012 drought],CAUSES,[increase in desertification levels],MEDIUM
195,Agricultural intensification on existing farmlands may reduce farm expansion into the remaining forest areas,agricultural intensification,CAUSES,reduction,HIGH
195,Agricultural intensification on existing farmlands may reduce farm expansion into the remaining forest areas,existing farmlands,LOCATED_IN,agricultural area,HIGH
195,Agricultural intensification on existing farmlands may reduce farm expansion into the remaining forest areas,remaining forest areas,LOCATED_IN,forested area,HIGH
196,In contrast to the short rotation fallows intercropping with coppicing species increases grain yields continuously for many years after their establishment,intercropping,CAUSES,increases,HIGH
196,In contrast to the short rotation fallows intercropping with coppicing species increases grain yields continuously for many years after their establishment,fallows,ENABLES,increases,MEDIUM
196,In contrast to the short rotation fallows intercropping with coppicing species increases grain yields continuously for many years after their establishment,increases,AFFECTS,grain,HIGH
196,In contrast to the short rotation fallows intercropping with coppicing species increases grain yields continuously for many years after their establishment,many years,OCCURS_DURING,increases,HIGH
197,Shorter fallow periods have led to the expansion of cropping systems into ever more marginal drylands,fallow,CAUSES,shorter_periods,HIGH
198,The acceleration of transhumance movements which contribute directly to incidents of crop damage is the result of two principal landscape changes expansion of short fallow agriculture driven by the introduction of cotton cultivation and the long term effects of the great drought of 1984,transhumance_movements,CAUSES,incidents_of_crop_damage,HIGH
198,The acceleration of transhumance movements which contribute directly to incidents of crop damage is the result of two principal landscape changes expansion of short fallow agriculture driven by the introduction of cotton cultivation and the long term effects of the great drought of 1984,two_principal_landscape_changes,CAUSES,incidents_of_crop_damage,MEDIUM
198,The acceleration of transhumance movements which contribute directly to incidents of crop damage is the result of two principal landscape changes expansion of short fallow agriculture driven by the introduction of cotton cultivation and the long term effects of the great drought of 1984,long_term_effects_of_the_great_drought_of_1984,CAUSES,expansion_of_short_fallow_agriculture,HIGH
198,The acceleration of transhumance movements which contribute directly to incidents of crop damage is the result of two principal landscape changes expansion of short fallow agriculture driven by the introduction of cotton cultivation and the long term effects of the great drought of 1984,incidents_of_crop_damage,AFFECTS,crops,HIGH
198,The acceleration of transhumance movements which contribute directly to incidents of crop damage is the result of two principal landscape changes expansion of short fallow agriculture driven by the introduction of cotton cultivation and the long term effects of the great drought of 1984,landscape_changes,OCCURS_DURING,two_principal_landscape_changes,HIGH
198,The acceleration of transhumance movements which contribute directly to incidents of crop damage is the result of two principal landscape changes expansion of short fallow agriculture driven by the introduction of cotton cultivation and the long term effects of the great drought of 1984,two_principal_landscape_changes,OCCURS_DURING,time_period,MEDIUM
199,Nevertheless the shrubs cluster has increased over time within Volta basin and this could be attributed to the agroforestry practice in the basin,shrubs_cluster,INCREASES_BY,size,HIGH
199,Nevertheless the shrubs cluster has increased over time within Volta basin and this could be attributed to the agroforestry practice in the basin,agroforestry,CAUSES,shrubs_cluster_growth,MEDIUM
199,Nevertheless the shrubs cluster has increased over time within Volta basin and this could be attributed to the agroforestry practice in the basin,Volta_basin,LOCATED_IN,Volta,HIGH
199,Nevertheless the shrubs cluster has increased over time within Volta basin and this could be attributed to the agroforestry practice in the basin,time,OCCURS_DURING,sentence,LOW
200,Despite the government s effort s to maint ain and protect Ghana s forest reserves deforestation continues,government,CAUSES,deforestation,HIGH
200,Despite the government s effort s to maint ain and protect Ghana s forest reserves deforestation continues,Ghana,LOCATED_IN,Africa,HIGH
200,Despite the government s effort s to maint ain and protect Ghana s forest reserves deforestation continues,forest,DECREASES_BY,deforestation,MEDIUM
201,In addition the increase in population growth rate has also led to an increase in food consumption and food production explaining the expansion of land use and coherent with a decline of the vegetative areas savanna herbaceous savanna forest and evergreen forest,population_growth_rate,CAUSES,increase,HIGH
201,In addition the increase in population growth rate has also led to an increase in food consumption and food production explaining the expansion of land use and coherent with a decline of the vegetative areas savanna herbaceous savanna forest and evergreen forest,increase,INCREASES_BY,food_consumption,MEDIUM
201,In addition the increase in population growth rate has also led to an increase in food consumption and food production explaining the expansion of land use and coherent with a decline of the vegetative areas savanna herbaceous savanna forest and evergreen forest,food_consumption,INCREASES_BY,food_production,MEDIUM
201,In addition the increase in population growth rate has also led to an increase in food consumption and food production explaining the expansion of land use and coherent with a decline of the vegetative areas savanna herbaceous savanna forest and evergreen forest,decline,DECREASES_BY,vegetative_areas,HIGH
202,We observed deforestation patterns in the Ashanti region of Ghana from 1986 to 2015 using Landsat imagery to identify the main causes of deforestation,deforestation,CAUSES,forest_loss,HIGH
202,We observed deforestation patterns in the Ashanti region of Ghana from 1986 to 2015 using Landsat imagery to identify the main causes of deforestation,observation,OCCURS_DURING,1986-to-2015,HIGH
203,Perhaps the most relevant aspect of the relationships between climate change and peasant agriculture is the realization that many small farmers cope with and even prepare for climate change minimizing crop failure through increased use of drought tolerant local varieties water harvesting mixed cropping agroforestry soil conservation practices and a series of other traditional techniques .,climate change,CAUSES,crop failure,HIGH
203,Perhaps the most relevant aspect of the relationships between climate change and peasant agriculture is the realization that many small farmers cope with and even prepare for climate change minimizing crop failure through increased use of drought tolerant local varieties water harvesting mixed cropping agroforestry soil conservation practices and a series of other traditional techniques .,use of drought tolerant local varieties,INCREASES_BY,coping ability,MEDIUM
203,Perhaps the most relevant aspect of the relationships between climate change and peasant agriculture is the realization that many small farmers cope with and even prepare for climate change minimizing crop failure through increased use of drought tolerant local varieties water harvesting mixed cropping agroforestry soil conservation practices and a series of other traditional techniques .,climate change,AFFECTS,peasant agriculture,HIGH
203,Perhaps the most relevant aspect of the relationships between climate change and peasant agriculture is the realization that many small farmers cope with and even prepare for climate change minimizing crop failure through increased use of drought tolerant local varieties water harvesting mixed cropping agroforestry soil conservation practices and a series of other traditional techniques .,coping with climate change,ENABLES,minimizing crop failure,MEDIUM
204,5 Land cover change associated with population pressure,population_pressure,CAUSES,land_cover_change,HIGH
205,. Agriculture along this route has been expanding rapidly for two decades as rural populations have grown and arable land has become scarce in neighboring areas,Rural populations,CAUSES,expansion of agriculture,HIGH
205,. Agriculture along this route has been expanding rapidly for two decades as rural populations have grown and arable land has become scarce in neighboring areas,Expansion of agriculture,OCCURS_DURING,last two decades,HIGH
206,The savanna cluster presents an increasing trend during 2002 2016 period probably due to agroforestry practice in the basin,savanna_cluster,OCCURS_DURING,2002_to_2016,HIGH
206,The savanna cluster presents an increasing trend during 2002 2016 period probably due to agroforestry practice in the basin,agroforestry_practice,CAUSES,increasing_trend,MEDIUM
208,The majority of other cash crops was converted to food crop fallow areas 1067.98 km 2,converted,CAUSES,crops ---> fallow,MEDIUM
208,The majority of other cash crops was converted to food crop fallow areas 1067.98 km 2,1067.98 km²,MEASURES,extent_of -->(crops --> fallow),HIGH
210,. We present the first wall to wall map of land use following deforestation across Africa covering forest loss from the year 2001 to 2020 Fig,deforestation,CAUSES,forest_loss,HIGH
210,. We present the first wall to wall map of land use following deforestation across Africa covering forest loss from the year 2001 to 2020 Fig,forest_loss,OCCURS_DURING,"""the year 2001 to 2020""",MEDIUM
210,. We present the first wall to wall map of land use following deforestation across Africa covering forest loss from the year 2001 to 2020 Fig,Africa,LOCATED_IN,continent,HIGH
211,These differences are often related to different soils and climates crop types and rotations intensity of tillage timing of operations time of sampling the suite of management practices and the depth of the soil studied,soils,AFFECTS,crops,HIGH
211,These differences are often related to different soils and climates crop types and rotations intensity of tillage timing of operations time of sampling the suite of management practices and the depth of the soil studied,climates,AFFECTS,crops,HIGH
213,According to respondents the effects of deforestation could be either positive 51.34% or negative 48.66%,deforestation,CAUSES,effects,HIGH
214,It is common to observe pastoral activities in the far north and crop farming in the southern part,pastoral_activities,LOCATED_IN,far_north,HIGH
214,It is common to observe pastoral activities in the far north and crop farming in the southern part,crop_farming,LOCATED_IN,southern_part,HIGH
215,In contrast relative net gain in open water bodies was observed in the humid region during the period of 1975 2000 with a slight loss in 2000 2013. ,period_of_1975_2000,OCCURS_DURING,[open_water_bodies_gain],HIGH
215,In contrast relative net gain in open water bodies was observed in the humid region during the period of 1975 2000 with a slight loss in 2000 2013. ,period_of_1975_2000,OCCURS_DURING,[humid_region],HIGH
215,In contrast relative net gain in open water bodies was observed in the humid region during the period of 1975 2000 with a slight loss in 2000 2013. ,[period_of_2000_2013],OCCURS_DURING,[open_water_bodies_loss],HIGH
216,Deforestation can also be followed by several successive agricultural land uses,deforestation,CAUSES,forest_loss,HIGH
216,Deforestation can also be followed by several successive agricultural land uses,forest_loss,CHANGE_TO,agricultural_land,HIGH
216,Deforestation can also be followed by several successive agricultural land uses,agricultural_land,CHANGE_TO,next_agricultural_land,MEDIUM
216,Deforestation can also be followed by several successive agricultural land uses,next_agricultural_land,CHANGE_TO,following_agricultural_land,MEDIUM
216,Deforestation can also be followed by several successive agricultural land uses,following_agricultural_land,CHANGE_TO,next_agricultural_type,LOW
218,We identify three remote tropical regions that are affected by the deforestation in this month Figure,deforestation,CAUSES,forest loss,HIGH
218,We identify three remote tropical regions that are affected by the deforestation in this month Figure,this month,OCCURS_DURING,figure,MEDIUM
219,In Fakara the landscape was converted from a Sahelian savanna to largely eroded agricultural agroforestry parkland during the 20th century,Fakara,LOCATED_IN,[Sahelian],HIGH
219,In Fakara the landscape was converted from a Sahelian savanna to largely eroded agricultural agroforestry parkland during the 20th century,savanna,CHANGE_TO,agroforestry,HIGH
219,In Fakara the landscape was converted from a Sahelian savanna to largely eroded agricultural agroforestry parkland during the 20th century,[the 20th century],OCCURS_DURING,conversion,MEDIUM
220,The result reveals that the Mono basin Table land cover presents an increase in built up agricultural land and water bodies while the vegetative clusters such as forest savanna and herbaceous savanna have declined for the three study periods,built up agricultural land,INCREASES_BY,built up,HIGH
220,The result reveals that the Mono basin Table land cover presents an increase in built up agricultural land and water bodies while the vegetative clusters such as forest savanna and herbaceous savanna have declined for the three study periods,agricultural land,CHANGE_TO,built up agricultural land,MEDIUM
220,The result reveals that the Mono basin Table land cover presents an increase in built up agricultural land and water bodies while the vegetative clusters such as forest savanna and herbaceous savanna have declined for the three study periods,forest savanna,DECREASES_BY,vegetative clusters,MEDIUM
220,The result reveals that the Mono basin Table land cover presents an increase in built up agricultural land and water bodies while the vegetative clusters such as forest savanna and herbaceous savanna have declined for the three study periods,vegetative clusters,CHANGE_TO,forest savanna,MEDIUM
221,However the current global land use change involves extensive loss of vegetation cover around the reserves and increase their vulnerability and their ecological isolation,loss,CAUSES,decrease,HIGH
221,However the current global land use change involves extensive loss of vegetation cover around the reserves and increase their vulnerability and their ecological isolation,vegetation_cover,DECREASES_BY,loss,MEDIUM
221,However the current global land use change involves extensive loss of vegetation cover around the reserves and increase their vulnerability and their ecological isolation,reserves,LOCATED_IN,global_land,HIGH
221,However the current global land use change involves extensive loss of vegetation cover around the reserves and increase their vulnerability and their ecological isolation,change,OCCURS_DURING,current_global,HIGH
221,However the current global land use change involves extensive loss of vegetation cover around the reserves and increase their vulnerability and their ecological isolation,loss,AFFECTS,vulnerability,MEDIUM
221,However the current global land use change involves extensive loss of vegetation cover around the reserves and increase their vulnerability and their ecological isolation,loss,AFFECTS,ecological_isolation,MEDIUM
221,However the current global land use change involves extensive loss of vegetation cover around the reserves and increase their vulnerability and their ecological isolation,loss,INCREASES_BY,extent,LOW
222,In the Peanut Basin West Central eco region in Senegal cultivated area peaked to 80% of the land in the mid 1980s when farmers still benefited from agricultural subsidies but this trend then reversed itself declining to about 67% of the land under cultivation in 2000,Peanut Basin West Central eco region,LOCATED_IN,Senegal,HIGH
222,In the Peanut Basin West Central eco region in Senegal cultivated area peaked to 80% of the land in the mid 1980s when farmers still benefited from agricultural subsidies but this trend then reversed itself declining to about 67% of the land under cultivation in 2000,Cultivated area,DECREASES_BY,13%,MEDIUM
222,In the Peanut Basin West Central eco region in Senegal cultivated area peaked to 80% of the land in the mid 1980s when farmers still benefited from agricultural subsidies but this trend then reversed itself declining to about 67% of the land under cultivation in 2000,Farmers,CAUSES,agricultural subsidies,LOW
222,In the Peanut Basin West Central eco region in Senegal cultivated area peaked to 80% of the land in the mid 1980s when farmers still benefited from agricultural subsidies but this trend then reversed itself declining to about 67% of the land under cultivation in 2000,Agricultural subsidies,ENABLES,high cultivation,MEDIUM
222,In the Peanut Basin West Central eco region in Senegal cultivated area peaked to 80% of the land in the mid 1980s when farmers still benefited from agricultural subsidies but this trend then reversed itself declining to about 67% of the land under cultivation in 2000,Cultivated area,OCCURS_DURING,mid 1980s,MEDIUM
222,In the Peanut Basin West Central eco region in Senegal cultivated area peaked to 80% of the land in the mid 1980s when farmers still benefited from agricultural subsidies but this trend then reversed itself declining to about 67% of the land under cultivation in 2000,Cultivated area,OCCURS_DURING,2000,MEDIUM
222,In the Peanut Basin West Central eco region in Senegal cultivated area peaked to 80% of the land in the mid 1980s when farmers still benefited from agricultural subsidies but this trend then reversed itself declining to about 67% of the land under cultivation in 2000,Cultivated area,FROM_TO,80% to 67%,HIGH
223,A high increase occurred for farm fallow land rising from 0.022% of the protected area in 1984 to 12.59% in 2013 by which time it was the largest single cover class Fig.4,farm_fallow,INCREASES_BY,percentage_2013,HIGH
223,A high increase occurred for farm fallow land rising from 0.022% of the protected area in 1984 to 12.59% in 2013 by which time it was the largest single cover class Fig.4,percentage_1984,FROM_TO,percentage_2013,HIGH
223,A high increase occurred for farm fallow land rising from 0.022% of the protected area in 1984 to 12.59% in 2013 by which time it was the largest single cover class Fig.4,protected_area,LOCATED_IN,space,MEDIUM
224,Although early herd arrival in 2009 was attributed to low rainfall in the Sahel rains recovered in 2010 yet herders still arrived early to the central zone with the explanation that even if ephemeral surface water was still present grazing resources were inadequate in the northern zone,2009,OCCURS_DURING,early herd arrival,HIGH
224,Although early herd arrival in 2009 was attributed to low rainfall in the Sahel rains recovered in 2010 yet herders still arrived early to the central zone with the explanation that even if ephemeral surface water was still present grazing resources were inadequate in the northern zone,low rainfall,CAUSES,early herd arrival,MEDIUM
224,Although early herd arrival in 2009 was attributed to low rainfall in the Sahel rains recovered in 2010 yet herders still arrived early to the central zone with the explanation that even if ephemeral surface water was still present grazing resources were inadequate in the northern zone,2010,OCCURS_DURING,rains recovery,HIGH
224,Although early herd arrival in 2009 was attributed to low rainfall in the Sahel rains recovered in 2010 yet herders still arrived early to the central zone with the explanation that even if ephemeral surface water was still present grazing resources were inadequate in the northern zone,ephemeral surface water,LOCATED_IN,northern zone,MEDIUM
224,Although early herd arrival in 2009 was attributed to low rainfall in the Sahel rains recovered in 2010 yet herders still arrived early to the central zone with the explanation that even if ephemeral surface water was still present grazing resources were inadequate in the northern zone,grazing resources,AFFECTS,herders,HIGH
224,Although early herd arrival in 2009 was attributed to low rainfall in the Sahel rains recovered in 2010 yet herders still arrived early to the central zone with the explanation that even if ephemeral surface water was still present grazing resources were inadequate in the northern zone,inadequate grazing resources,CAUSES,early herd arrival,MEDIUM
225,In West Africa the land cover category settlement made up 0.3% and 0.7% of the total study region in 1975 and 2013 respectively,West Africa,LOCATED_IN,study region,HIGH
225,In West Africa the land cover category settlement made up 0.3% and 0.7% of the total study region in 1975 and 2013 respectively,0.3%,MEASURES,percentage_of_settlement_in_1975,HIGH
225,In West Africa the land cover category settlement made up 0.3% and 0.7% of the total study region in 1975 and 2013 respectively,0.7%,MEASURES,percentage_of_settlement_in_2013,HIGH
227,The ancient dunes are the most important areas of millet cultivation,ancient_dunes,LOCATED_IN,millet_cultivation,HIGH
229,Thus farmland persists and increases each year at the expense of forest woodland and tree savanna . ,forest,DECREASES_BY,farmland,HIGH
230,The area of natural vegetation forest woodland and tree savanna that was considered degraded increased by 4.1% between the first and the second time periods i.e,natural vegetation,INCREASES_BY,degraded forest woodland and tree savanna,HIGH
230,The area of natural vegetation forest woodland and tree savanna that was considered degraded increased by 4.1% between the first and the second time periods i.e,area,MEASURES,4.1%,HIGH
230,The area of natural vegetation forest woodland and tree savanna that was considered degraded increased by 4.1% between the first and the second time periods i.e,first,OCCURS_DURING,time_period_1,HIGH
230,The area of natural vegetation forest woodland and tree savanna that was considered degraded increased by 4.1% between the first and the second time periods i.e,second,OCCURS_DURING,time_period_2,HIGH
231,At the basin level the major transition in the three watersheds was from bare land and forest to natural vegetation grass and shrub lands,major_transition,AFFECTS,three_watersheds,HIGH
232,estimate is thus a metric of deforestation occurring in landscapes where agriculture is the dominant direct driver of forest loss rather than only deforestation resulting in agricultural production per se . ,deforestation,CAUSES,forest_loss,HIGH
232,estimate is thus a metric of deforestation occurring in landscapes where agriculture is the dominant direct driver of forest loss rather than only deforestation resulting in agricultural production per se . ,deforestation,CAUSES,forest_loss,HIGH
